relative_path,case_number,contrast_type,slice_number,TRAIN_VAL_TEST,status
file_brain_AXFLAIR_200_6002452/processed/slice_1.mat,file_brain_AXFLAIR_200_6002452,AXFLAIR,1,TRAIN,Success
file_brain_AXFLAIR_200_6002452/processed/slice_2.mat,file_brain_AXFLAIR_200_6002452,AXFLAIR,2,TRAIN,Success
file_brain_AXFLAIR_200_6002452/processed/slice_3.mat,file_brain_AXFLAIR_200_6002452,AXFLAIR,3,TRAIN,Success
file_brain_AXFLAIR_200_6002452/processed/slice_4.mat,file_brain_AXFLAIR_200_6002452,AXFLAIR,4,TRAIN,Success
file_brain_AXFLAIR_200_6002452/processed/slice_5.mat,file_brain_AXFLAIR_200_6002452,AXFLAIR,5,TRAIN,Success
file_brain_AXFLAIR_200_6002452/processed/slice_6.mat,file_brain_AXFLAIR_200_6002452,AXFLAIR,6,TRAIN,Success
file_brain_AXFLAIR_200_6002452/processed/slice_7.mat,file_brain_AXFLAIR_200_6002452,AXFLAIR,7,TRAIN,Success
file_brain_AXFLAIR_200_6002452/processed/slice_8.mat,file_brain_AXFLAIR_200_6002452,AXFLAIR,8,TRAIN,Success
file_brain_AXFLAIR_200_6002452/processed/slice_9.mat,file_brain_AXFLAIR_200_6002452,AXFLAIR,9,TRAIN,Success
file_brain_AXFLAIR_200_6002452/processed/slice_10.mat,file_brain_AXFLAIR_200_6002452,AXFLAIR,10,TRAIN,Success
file_brain_AXFLAIR_200_6002452/processed/slice_11.mat,file_brain_AXFLAIR_200_6002452,AXFLAIR,11,TRAIN,Success
file_brain_AXFLAIR_200_6002452/processed/slice_12.mat,file_brain_AXFLAIR_200_6002452,AXFLAIR,12,TRAIN,Success
file_brain_AXFLAIR_200_6002452/processed/slice_13.mat,file_brain_AXFLAIR_200_6002452,AXFLAIR,13,TRAIN,Success
file_brain_AXFLAIR_200_6002452/processed/slice_14.mat,file_brain_AXFLAIR_200_6002452,AXFLAIR,14,TRAIN,Success
file_brain_AXFLAIR_200_6002452/processed/slice_15.mat,file_brain_AXFLAIR_200_6002452,AXFLAIR,15,TRAIN,Success
file_brain_AXFLAIR_200_6002452/processed/slice_16.mat,file_brain_AXFLAIR_200_6002452,AXFLAIR,16,TRAIN,Success
file_brain_AXFLAIR_200_6002467/processed/slice_1.mat,file_brain_AXFLAIR_200_6002467,AXFLAIR,1,TEST,Success
file_brain_AXFLAIR_200_6002467/processed/slice_2.mat,file_brain_AXFLAIR_200_6002467,AXFLAIR,2,TEST,Success
file_brain_AXFLAIR_200_6002467/processed/slice_3.mat,file_brain_AXFLAIR_200_6002467,AXFLAIR,3,TEST,Success
file_brain_AXFLAIR_200_6002467/processed/slice_4.mat,file_brain_AXFLAIR_200_6002467,AXFLAIR,4,TEST,Success
file_brain_AXFLAIR_200_6002467/processed/slice_5.mat,file_brain_AXFLAIR_200_6002467,AXFLAIR,5,TEST,Success
file_brain_AXFLAIR_200_6002467/processed/slice_6.mat,file_brain_AXFLAIR_200_6002467,AXFLAIR,6,TEST,Success
file_brain_AXFLAIR_200_6002467/processed/slice_7.mat,file_brain_AXFLAIR_200_6002467,AXFLAIR,7,TEST,Success
file_brain_AXFLAIR_200_6002467/processed/slice_8.mat,file_brain_AXFLAIR_200_6002467,AXFLAIR,8,TEST,Success
file_brain_AXFLAIR_200_6002467/processed/slice_9.mat,file_brain_AXFLAIR_200_6002467,AXFLAIR,9,TEST,Success
file_brain_AXFLAIR_200_6002467/processed/slice_10.mat,file_brain_AXFLAIR_200_6002467,AXFLAIR,10,TEST,Success
file_brain_AXFLAIR_200_6002467/processed/slice_11.mat,file_brain_AXFLAIR_200_6002467,AXFLAIR,11,TEST,Success
file_brain_AXFLAIR_200_6002467/processed/slice_12.mat,file_brain_AXFLAIR_200_6002467,AXFLAIR,12,TEST,Success
file_brain_AXFLAIR_200_6002467/processed/slice_13.mat,file_brain_AXFLAIR_200_6002467,AXFLAIR,13,TEST,Success
file_brain_AXFLAIR_200_6002467/processed/slice_14.mat,file_brain_AXFLAIR_200_6002467,AXFLAIR,14,TEST,Success
file_brain_AXFLAIR_200_6002467/processed/slice_15.mat,file_brain_AXFLAIR_200_6002467,AXFLAIR,15,TEST,Success
file_brain_AXFLAIR_200_6002467/processed/slice_16.mat,file_brain_AXFLAIR_200_6002467,AXFLAIR,16,TEST,Success
file_brain_AXFLAIR_200_6002469/processed/slice_1.mat,file_brain_AXFLAIR_200_6002469,AXFLAIR,1,VAL,Success
file_brain_AXFLAIR_200_6002469/processed/slice_2.mat,file_brain_AXFLAIR_200_6002469,AXFLAIR,2,VAL,Success
file_brain_AXFLAIR_200_6002469/processed/slice_3.mat,file_brain_AXFLAIR_200_6002469,AXFLAIR,3,VAL,Success
file_brain_AXFLAIR_200_6002469/processed/slice_4.mat,file_brain_AXFLAIR_200_6002469,AXFLAIR,4,VAL,Success
file_brain_AXFLAIR_200_6002469/processed/slice_5.mat,file_brain_AXFLAIR_200_6002469,AXFLAIR,5,VAL,Success
file_brain_AXFLAIR_200_6002469/processed/slice_6.mat,file_brain_AXFLAIR_200_6002469,AXFLAIR,6,VAL,Success
file_brain_AXFLAIR_200_6002469/processed/slice_7.mat,file_brain_AXFLAIR_200_6002469,AXFLAIR,7,VAL,Success
file_brain_AXFLAIR_200_6002469/processed/slice_8.mat,file_brain_AXFLAIR_200_6002469,AXFLAIR,8,VAL,Success
file_brain_AXFLAIR_200_6002469/processed/slice_9.mat,file_brain_AXFLAIR_200_6002469,AXFLAIR,9,VAL,Success
file_brain_AXFLAIR_200_6002469/processed/slice_10.mat,file_brain_AXFLAIR_200_6002469,AXFLAIR,10,VAL,Success
file_brain_AXFLAIR_200_6002469/processed/slice_11.mat,file_brain_AXFLAIR_200_6002469,AXFLAIR,11,VAL,Success
file_brain_AXFLAIR_200_6002469/processed/slice_12.mat,file_brain_AXFLAIR_200_6002469,AXFLAIR,12,VAL,Success
file_brain_AXFLAIR_200_6002469/processed/slice_13.mat,file_brain_AXFLAIR_200_6002469,AXFLAIR,13,VAL,Success
file_brain_AXFLAIR_200_6002469/processed/slice_14.mat,file_brain_AXFLAIR_200_6002469,AXFLAIR,14,VAL,Success
file_brain_AXFLAIR_200_6002469/processed/slice_15.mat,file_brain_AXFLAIR_200_6002469,AXFLAIR,15,VAL,Success
file_brain_AXFLAIR_200_6002469/processed/slice_16.mat,file_brain_AXFLAIR_200_6002469,AXFLAIR,16,VAL,Success
file_brain_AXFLAIR_200_6002512/processed/slice_1.mat,file_brain_AXFLAIR_200_6002512,AXFLAIR,1,TRAIN,Success
file_brain_AXFLAIR_200_6002512/processed/slice_2.mat,file_brain_AXFLAIR_200_6002512,AXFLAIR,2,TRAIN,Success
file_brain_AXFLAIR_200_6002512/processed/slice_3.mat,file_brain_AXFLAIR_200_6002512,AXFLAIR,3,TRAIN,Success
file_brain_AXFLAIR_200_6002512/processed/slice_4.mat,file_brain_AXFLAIR_200_6002512,AXFLAIR,4,TRAIN,Success
file_brain_AXFLAIR_200_6002512/processed/slice_5.mat,file_brain_AXFLAIR_200_6002512,AXFLAIR,5,TRAIN,Success
file_brain_AXFLAIR_200_6002512/processed/slice_6.mat,file_brain_AXFLAIR_200_6002512,AXFLAIR,6,TRAIN,Success
file_brain_AXFLAIR_200_6002512/processed/slice_7.mat,file_brain_AXFLAIR_200_6002512,AXFLAIR,7,TRAIN,Success
file_brain_AXFLAIR_200_6002512/processed/slice_8.mat,file_brain_AXFLAIR_200_6002512,AXFLAIR,8,TRAIN,Success
file_brain_AXFLAIR_200_6002512/processed/slice_9.mat,file_brain_AXFLAIR_200_6002512,AXFLAIR,9,TRAIN,Success
file_brain_AXFLAIR_200_6002512/processed/slice_10.mat,file_brain_AXFLAIR_200_6002512,AXFLAIR,10,TRAIN,Success
file_brain_AXFLAIR_200_6002512/processed/slice_11.mat,file_brain_AXFLAIR_200_6002512,AXFLAIR,11,TRAIN,Success
file_brain_AXFLAIR_200_6002512/processed/slice_12.mat,file_brain_AXFLAIR_200_6002512,AXFLAIR,12,TRAIN,Success
file_brain_AXFLAIR_200_6002512/processed/slice_13.mat,file_brain_AXFLAIR_200_6002512,AXFLAIR,13,TRAIN,Success
file_brain_AXFLAIR_200_6002512/processed/slice_14.mat,file_brain_AXFLAIR_200_6002512,AXFLAIR,14,TRAIN,Success
file_brain_AXFLAIR_200_6002512/processed/slice_15.mat,file_brain_AXFLAIR_200_6002512,AXFLAIR,15,TRAIN,Success
file_brain_AXFLAIR_200_6002512/processed/slice_16.mat,file_brain_AXFLAIR_200_6002512,AXFLAIR,16,TRAIN,Success
file_brain_AXFLAIR_200_6002629/processed/slice_1.mat,file_brain_AXFLAIR_200_6002629,AXFLAIR,1,TRAIN,Success
file_brain_AXFLAIR_200_6002629/processed/slice_2.mat,file_brain_AXFLAIR_200_6002629,AXFLAIR,2,TRAIN,Success
file_brain_AXFLAIR_200_6002629/processed/slice_3.mat,file_brain_AXFLAIR_200_6002629,AXFLAIR,3,TRAIN,Success
file_brain_AXFLAIR_200_6002629/processed/slice_4.mat,file_brain_AXFLAIR_200_6002629,AXFLAIR,4,TRAIN,Success
file_brain_AXFLAIR_200_6002629/processed/slice_5.mat,file_brain_AXFLAIR_200_6002629,AXFLAIR,5,TRAIN,Success
file_brain_AXFLAIR_200_6002629/processed/slice_6.mat,file_brain_AXFLAIR_200_6002629,AXFLAIR,6,TRAIN,Success
file_brain_AXFLAIR_200_6002629/processed/slice_7.mat,file_brain_AXFLAIR_200_6002629,AXFLAIR,7,TRAIN,Success
file_brain_AXFLAIR_200_6002629/processed/slice_8.mat,file_brain_AXFLAIR_200_6002629,AXFLAIR,8,TRAIN,Success
file_brain_AXFLAIR_200_6002629/processed/slice_9.mat,file_brain_AXFLAIR_200_6002629,AXFLAIR,9,TRAIN,Success
file_brain_AXFLAIR_200_6002629/processed/slice_10.mat,file_brain_AXFLAIR_200_6002629,AXFLAIR,10,TRAIN,Success
file_brain_AXFLAIR_200_6002629/processed/slice_11.mat,file_brain_AXFLAIR_200_6002629,AXFLAIR,11,TRAIN,Success
file_brain_AXFLAIR_200_6002629/processed/slice_12.mat,file_brain_AXFLAIR_200_6002629,AXFLAIR,12,TRAIN,Success
file_brain_AXFLAIR_200_6002629/processed/slice_13.mat,file_brain_AXFLAIR_200_6002629,AXFLAIR,13,TRAIN,Success
file_brain_AXFLAIR_200_6002629/processed/slice_14.mat,file_brain_AXFLAIR_200_6002629,AXFLAIR,14,TRAIN,Success
file_brain_AXFLAIR_200_6002629/processed/slice_15.mat,file_brain_AXFLAIR_200_6002629,AXFLAIR,15,TRAIN,Success
file_brain_AXFLAIR_200_6002629/processed/slice_16.mat,file_brain_AXFLAIR_200_6002629,AXFLAIR,16,TRAIN,Success
file_brain_AXFLAIR_200_6002641/processed/slice_1.mat,file_brain_AXFLAIR_200_6002641,AXFLAIR,1,TRAIN,Success
file_brain_AXFLAIR_200_6002641/processed/slice_2.mat,file_brain_AXFLAIR_200_6002641,AXFLAIR,2,TRAIN,Success
file_brain_AXFLAIR_200_6002641/processed/slice_3.mat,file_brain_AXFLAIR_200_6002641,AXFLAIR,3,TRAIN,Success
file_brain_AXFLAIR_200_6002641/processed/slice_4.mat,file_brain_AXFLAIR_200_6002641,AXFLAIR,4,TRAIN,Success
file_brain_AXFLAIR_200_6002641/processed/slice_5.mat,file_brain_AXFLAIR_200_6002641,AXFLAIR,5,TRAIN,Success
file_brain_AXFLAIR_200_6002641/processed/slice_6.mat,file_brain_AXFLAIR_200_6002641,AXFLAIR,6,TRAIN,Success
file_brain_AXFLAIR_200_6002641/processed/slice_7.mat,file_brain_AXFLAIR_200_6002641,AXFLAIR,7,TRAIN,Success
file_brain_AXFLAIR_200_6002641/processed/slice_8.mat,file_brain_AXFLAIR_200_6002641,AXFLAIR,8,TRAIN,Success
file_brain_AXFLAIR_200_6002641/processed/slice_9.mat,file_brain_AXFLAIR_200_6002641,AXFLAIR,9,TRAIN,Success
file_brain_AXFLAIR_200_6002641/processed/slice_10.mat,file_brain_AXFLAIR_200_6002641,AXFLAIR,10,TRAIN,Success
file_brain_AXFLAIR_200_6002641/processed/slice_11.mat,file_brain_AXFLAIR_200_6002641,AXFLAIR,11,TRAIN,Success
file_brain_AXFLAIR_200_6002641/processed/slice_12.mat,file_brain_AXFLAIR_200_6002641,AXFLAIR,12,TRAIN,Success
file_brain_AXFLAIR_200_6002641/processed/slice_13.mat,file_brain_AXFLAIR_200_6002641,AXFLAIR,13,TRAIN,Success
file_brain_AXFLAIR_200_6002641/processed/slice_14.mat,file_brain_AXFLAIR_200_6002641,AXFLAIR,14,TRAIN,Success
file_brain_AXFLAIR_200_6002641/processed/slice_15.mat,file_brain_AXFLAIR_200_6002641,AXFLAIR,15,TRAIN,Success
file_brain_AXFLAIR_200_6002641/processed/slice_16.mat,file_brain_AXFLAIR_200_6002641,AXFLAIR,16,TRAIN,Success
file_brain_AXFLAIR_201_6002876/processed/slice_1.mat,file_brain_AXFLAIR_201_6002876,AXFLAIR,1,TRAIN,Success
file_brain_AXFLAIR_201_6002876/processed/slice_2.mat,file_brain_AXFLAIR_201_6002876,AXFLAIR,2,TRAIN,Success
file_brain_AXFLAIR_201_6002876/processed/slice_3.mat,file_brain_AXFLAIR_201_6002876,AXFLAIR,3,TRAIN,Success
file_brain_AXFLAIR_201_6002876/processed/slice_4.mat,file_brain_AXFLAIR_201_6002876,AXFLAIR,4,TRAIN,Success
file_brain_AXFLAIR_201_6002876/processed/slice_5.mat,file_brain_AXFLAIR_201_6002876,AXFLAIR,5,TRAIN,Success
file_brain_AXFLAIR_201_6002876/processed/slice_6.mat,file_brain_AXFLAIR_201_6002876,AXFLAIR,6,TRAIN,Success
file_brain_AXFLAIR_201_6002876/processed/slice_7.mat,file_brain_AXFLAIR_201_6002876,AXFLAIR,7,TRAIN,Success
file_brain_AXFLAIR_201_6002876/processed/slice_8.mat,file_brain_AXFLAIR_201_6002876,AXFLAIR,8,TRAIN,Success
file_brain_AXFLAIR_201_6002876/processed/slice_9.mat,file_brain_AXFLAIR_201_6002876,AXFLAIR,9,TRAIN,Success
file_brain_AXFLAIR_201_6002876/processed/slice_10.mat,file_brain_AXFLAIR_201_6002876,AXFLAIR,10,TRAIN,Success
file_brain_AXFLAIR_201_6002876/processed/slice_11.mat,file_brain_AXFLAIR_201_6002876,AXFLAIR,11,TRAIN,Success
file_brain_AXFLAIR_201_6002876/processed/slice_12.mat,file_brain_AXFLAIR_201_6002876,AXFLAIR,12,TRAIN,Success
file_brain_AXFLAIR_201_6002876/processed/slice_13.mat,file_brain_AXFLAIR_201_6002876,AXFLAIR,13,TRAIN,Success
file_brain_AXFLAIR_201_6002876/processed/slice_14.mat,file_brain_AXFLAIR_201_6002876,AXFLAIR,14,TRAIN,Success
file_brain_AXFLAIR_201_6002876/processed/slice_15.mat,file_brain_AXFLAIR_201_6002876,AXFLAIR,15,TRAIN,Success
file_brain_AXFLAIR_201_6002876/processed/slice_16.mat,file_brain_AXFLAIR_201_6002876,AXFLAIR,16,TRAIN,Success
file_brain_AXFLAIR_201_6002888/processed/slice_1.mat,file_brain_AXFLAIR_201_6002888,AXFLAIR,1,VAL,Success
file_brain_AXFLAIR_201_6002888/processed/slice_2.mat,file_brain_AXFLAIR_201_6002888,AXFLAIR,2,VAL,Success
file_brain_AXFLAIR_201_6002888/processed/slice_3.mat,file_brain_AXFLAIR_201_6002888,AXFLAIR,3,VAL,Success
file_brain_AXFLAIR_201_6002888/processed/slice_4.mat,file_brain_AXFLAIR_201_6002888,AXFLAIR,4,VAL,Success
file_brain_AXFLAIR_201_6002888/processed/slice_5.mat,file_brain_AXFLAIR_201_6002888,AXFLAIR,5,VAL,Success
file_brain_AXFLAIR_201_6002888/processed/slice_6.mat,file_brain_AXFLAIR_201_6002888,AXFLAIR,6,VAL,Success
file_brain_AXFLAIR_201_6002888/processed/slice_7.mat,file_brain_AXFLAIR_201_6002888,AXFLAIR,7,VAL,Success
file_brain_AXFLAIR_201_6002888/processed/slice_8.mat,file_brain_AXFLAIR_201_6002888,AXFLAIR,8,VAL,Success
file_brain_AXFLAIR_201_6002888/processed/slice_9.mat,file_brain_AXFLAIR_201_6002888,AXFLAIR,9,VAL,Success
file_brain_AXFLAIR_201_6002888/processed/slice_10.mat,file_brain_AXFLAIR_201_6002888,AXFLAIR,10,VAL,Success
file_brain_AXFLAIR_201_6002888/processed/slice_11.mat,file_brain_AXFLAIR_201_6002888,AXFLAIR,11,VAL,Success
file_brain_AXFLAIR_201_6002888/processed/slice_12.mat,file_brain_AXFLAIR_201_6002888,AXFLAIR,12,VAL,Success
file_brain_AXFLAIR_201_6002888/processed/slice_13.mat,file_brain_AXFLAIR_201_6002888,AXFLAIR,13,VAL,Success
file_brain_AXFLAIR_201_6002888/processed/slice_14.mat,file_brain_AXFLAIR_201_6002888,AXFLAIR,14,VAL,Success
file_brain_AXFLAIR_201_6002888/processed/slice_15.mat,file_brain_AXFLAIR_201_6002888,AXFLAIR,15,VAL,Success
file_brain_AXFLAIR_201_6002888/processed/slice_16.mat,file_brain_AXFLAIR_201_6002888,AXFLAIR,16,VAL,Success
file_brain_AXFLAIR_201_6002914/processed/slice_1.mat,file_brain_AXFLAIR_201_6002914,AXFLAIR,1,TRAIN,Success
file_brain_AXFLAIR_201_6002914/processed/slice_2.mat,file_brain_AXFLAIR_201_6002914,AXFLAIR,2,TRAIN,Success
file_brain_AXFLAIR_201_6002914/processed/slice_3.mat,file_brain_AXFLAIR_201_6002914,AXFLAIR,3,TRAIN,Success
file_brain_AXFLAIR_201_6002914/processed/slice_4.mat,file_brain_AXFLAIR_201_6002914,AXFLAIR,4,TRAIN,Success
file_brain_AXFLAIR_201_6002914/processed/slice_5.mat,file_brain_AXFLAIR_201_6002914,AXFLAIR,5,TRAIN,Success
file_brain_AXFLAIR_201_6002914/processed/slice_6.mat,file_brain_AXFLAIR_201_6002914,AXFLAIR,6,TRAIN,Success
file_brain_AXFLAIR_201_6002914/processed/slice_7.mat,file_brain_AXFLAIR_201_6002914,AXFLAIR,7,TRAIN,Success
file_brain_AXFLAIR_201_6002914/processed/slice_8.mat,file_brain_AXFLAIR_201_6002914,AXFLAIR,8,TRAIN,Success
file_brain_AXFLAIR_201_6002914/processed/slice_9.mat,file_brain_AXFLAIR_201_6002914,AXFLAIR,9,TRAIN,Success
file_brain_AXFLAIR_201_6002914/processed/slice_10.mat,file_brain_AXFLAIR_201_6002914,AXFLAIR,10,TRAIN,Success
file_brain_AXFLAIR_201_6002914/processed/slice_11.mat,file_brain_AXFLAIR_201_6002914,AXFLAIR,11,TRAIN,Success
file_brain_AXFLAIR_201_6002914/processed/slice_12.mat,file_brain_AXFLAIR_201_6002914,AXFLAIR,12,TRAIN,Success
file_brain_AXFLAIR_201_6002914/processed/slice_13.mat,file_brain_AXFLAIR_201_6002914,AXFLAIR,13,TRAIN,Success
file_brain_AXFLAIR_201_6002914/processed/slice_14.mat,file_brain_AXFLAIR_201_6002914,AXFLAIR,14,TRAIN,Success
file_brain_AXFLAIR_201_6002914/processed/slice_15.mat,file_brain_AXFLAIR_201_6002914,AXFLAIR,15,TRAIN,Success
file_brain_AXFLAIR_201_6002914/processed/slice_16.mat,file_brain_AXFLAIR_201_6002914,AXFLAIR,16,TRAIN,Success
file_brain_AXFLAIR_201_6002934/processed/slice_1.mat,file_brain_AXFLAIR_201_6002934,AXFLAIR,1,VAL,Success
file_brain_AXFLAIR_201_6002934/processed/slice_2.mat,file_brain_AXFLAIR_201_6002934,AXFLAIR,2,VAL,Success
file_brain_AXFLAIR_201_6002934/processed/slice_3.mat,file_brain_AXFLAIR_201_6002934,AXFLAIR,3,VAL,Success
file_brain_AXFLAIR_201_6002934/processed/slice_4.mat,file_brain_AXFLAIR_201_6002934,AXFLAIR,4,VAL,Success
file_brain_AXFLAIR_201_6002934/processed/slice_5.mat,file_brain_AXFLAIR_201_6002934,AXFLAIR,5,VAL,Success
file_brain_AXFLAIR_201_6002934/processed/slice_6.mat,file_brain_AXFLAIR_201_6002934,AXFLAIR,6,VAL,Success
file_brain_AXFLAIR_201_6002934/processed/slice_7.mat,file_brain_AXFLAIR_201_6002934,AXFLAIR,7,VAL,Success
file_brain_AXFLAIR_201_6002934/processed/slice_8.mat,file_brain_AXFLAIR_201_6002934,AXFLAIR,8,VAL,Success
file_brain_AXFLAIR_201_6002934/processed/slice_9.mat,file_brain_AXFLAIR_201_6002934,AXFLAIR,9,VAL,Success
file_brain_AXFLAIR_201_6002934/processed/slice_10.mat,file_brain_AXFLAIR_201_6002934,AXFLAIR,10,VAL,Success
file_brain_AXFLAIR_201_6002934/processed/slice_11.mat,file_brain_AXFLAIR_201_6002934,AXFLAIR,11,VAL,Success
file_brain_AXFLAIR_201_6002934/processed/slice_12.mat,file_brain_AXFLAIR_201_6002934,AXFLAIR,12,VAL,Success
file_brain_AXFLAIR_201_6002934/processed/slice_13.mat,file_brain_AXFLAIR_201_6002934,AXFLAIR,13,VAL,Success
file_brain_AXFLAIR_201_6002934/processed/slice_14.mat,file_brain_AXFLAIR_201_6002934,AXFLAIR,14,VAL,Success
file_brain_AXFLAIR_201_6002934/processed/slice_15.mat,file_brain_AXFLAIR_201_6002934,AXFLAIR,15,VAL,Success
file_brain_AXFLAIR_201_6002934/processed/slice_16.mat,file_brain_AXFLAIR_201_6002934,AXFLAIR,16,VAL,Success
file_brain_AXFLAIR_201_6002940/processed/slice_1.mat,file_brain_AXFLAIR_201_6002940,AXFLAIR,1,TRAIN,Success
file_brain_AXFLAIR_201_6002940/processed/slice_2.mat,file_brain_AXFLAIR_201_6002940,AXFLAIR,2,TRAIN,Success
file_brain_AXFLAIR_201_6002940/processed/slice_3.mat,file_brain_AXFLAIR_201_6002940,AXFLAIR,3,TRAIN,Success
file_brain_AXFLAIR_201_6002940/processed/slice_4.mat,file_brain_AXFLAIR_201_6002940,AXFLAIR,4,TRAIN,Success
file_brain_AXFLAIR_201_6002940/processed/slice_5.mat,file_brain_AXFLAIR_201_6002940,AXFLAIR,5,TRAIN,Success
file_brain_AXFLAIR_201_6002940/processed/slice_6.mat,file_brain_AXFLAIR_201_6002940,AXFLAIR,6,TRAIN,Success
file_brain_AXFLAIR_201_6002940/processed/slice_7.mat,file_brain_AXFLAIR_201_6002940,AXFLAIR,7,TRAIN,Success
file_brain_AXFLAIR_201_6002940/processed/slice_8.mat,file_brain_AXFLAIR_201_6002940,AXFLAIR,8,TRAIN,Success
file_brain_AXFLAIR_201_6002940/processed/slice_9.mat,file_brain_AXFLAIR_201_6002940,AXFLAIR,9,TRAIN,Success
file_brain_AXFLAIR_201_6002940/processed/slice_10.mat,file_brain_AXFLAIR_201_6002940,AXFLAIR,10,TRAIN,Success
file_brain_AXFLAIR_201_6002940/processed/slice_11.mat,file_brain_AXFLAIR_201_6002940,AXFLAIR,11,TRAIN,Success
file_brain_AXFLAIR_201_6002940/processed/slice_12.mat,file_brain_AXFLAIR_201_6002940,AXFLAIR,12,TRAIN,Success
file_brain_AXFLAIR_201_6002940/processed/slice_13.mat,file_brain_AXFLAIR_201_6002940,AXFLAIR,13,TRAIN,Success
file_brain_AXFLAIR_201_6002940/processed/slice_14.mat,file_brain_AXFLAIR_201_6002940,AXFLAIR,14,TRAIN,Success
file_brain_AXFLAIR_201_6002940/processed/slice_15.mat,file_brain_AXFLAIR_201_6002940,AXFLAIR,15,TRAIN,Success
file_brain_AXFLAIR_201_6002940/processed/slice_16.mat,file_brain_AXFLAIR_201_6002940,AXFLAIR,16,TRAIN,Success
file_brain_AXFLAIR_201_6002941/processed/slice_1.mat,file_brain_AXFLAIR_201_6002941,AXFLAIR,1,TEST,Success
file_brain_AXFLAIR_201_6002941/processed/slice_2.mat,file_brain_AXFLAIR_201_6002941,AXFLAIR,2,TEST,Success
file_brain_AXFLAIR_201_6002941/processed/slice_3.mat,file_brain_AXFLAIR_201_6002941,AXFLAIR,3,TEST,Success
file_brain_AXFLAIR_201_6002941/processed/slice_4.mat,file_brain_AXFLAIR_201_6002941,AXFLAIR,4,TEST,Success
file_brain_AXFLAIR_201_6002941/processed/slice_5.mat,file_brain_AXFLAIR_201_6002941,AXFLAIR,5,TEST,Success
file_brain_AXFLAIR_201_6002941/processed/slice_6.mat,file_brain_AXFLAIR_201_6002941,AXFLAIR,6,TEST,Success
file_brain_AXFLAIR_201_6002941/processed/slice_7.mat,file_brain_AXFLAIR_201_6002941,AXFLAIR,7,TEST,Success
file_brain_AXFLAIR_201_6002941/processed/slice_8.mat,file_brain_AXFLAIR_201_6002941,AXFLAIR,8,TEST,Success
file_brain_AXFLAIR_201_6002941/processed/slice_9.mat,file_brain_AXFLAIR_201_6002941,AXFLAIR,9,TEST,Success
file_brain_AXFLAIR_201_6002941/processed/slice_10.mat,file_brain_AXFLAIR_201_6002941,AXFLAIR,10,TEST,Success
file_brain_AXFLAIR_201_6002941/processed/slice_11.mat,file_brain_AXFLAIR_201_6002941,AXFLAIR,11,TEST,Success
file_brain_AXFLAIR_201_6002941/processed/slice_12.mat,file_brain_AXFLAIR_201_6002941,AXFLAIR,12,TEST,Success
file_brain_AXFLAIR_201_6002941/processed/slice_13.mat,file_brain_AXFLAIR_201_6002941,AXFLAIR,13,TEST,Success
file_brain_AXFLAIR_201_6002941/processed/slice_14.mat,file_brain_AXFLAIR_201_6002941,AXFLAIR,14,TEST,Success
file_brain_AXFLAIR_201_6002941/processed/slice_15.mat,file_brain_AXFLAIR_201_6002941,AXFLAIR,15,TEST,Success
file_brain_AXFLAIR_201_6002941/processed/slice_16.mat,file_brain_AXFLAIR_201_6002941,AXFLAIR,16,TEST,Success
file_brain_AXFLAIR_201_6002960/processed/slice_1.mat,file_brain_AXFLAIR_201_6002960,AXFLAIR,1,VAL,Success
file_brain_AXFLAIR_201_6002960/processed/slice_2.mat,file_brain_AXFLAIR_201_6002960,AXFLAIR,2,VAL,Success
file_brain_AXFLAIR_201_6002960/processed/slice_3.mat,file_brain_AXFLAIR_201_6002960,AXFLAIR,3,VAL,Success
file_brain_AXFLAIR_201_6002960/processed/slice_4.mat,file_brain_AXFLAIR_201_6002960,AXFLAIR,4,VAL,Success
file_brain_AXFLAIR_201_6002960/processed/slice_5.mat,file_brain_AXFLAIR_201_6002960,AXFLAIR,5,VAL,Success
file_brain_AXFLAIR_201_6002960/processed/slice_6.mat,file_brain_AXFLAIR_201_6002960,AXFLAIR,6,VAL,Success
file_brain_AXFLAIR_201_6002960/processed/slice_7.mat,file_brain_AXFLAIR_201_6002960,AXFLAIR,7,VAL,Success
file_brain_AXFLAIR_201_6002960/processed/slice_8.mat,file_brain_AXFLAIR_201_6002960,AXFLAIR,8,VAL,Success
file_brain_AXFLAIR_201_6002960/processed/slice_9.mat,file_brain_AXFLAIR_201_6002960,AXFLAIR,9,VAL,Success
file_brain_AXFLAIR_201_6002960/processed/slice_10.mat,file_brain_AXFLAIR_201_6002960,AXFLAIR,10,VAL,Success
file_brain_AXFLAIR_201_6002960/processed/slice_11.mat,file_brain_AXFLAIR_201_6002960,AXFLAIR,11,VAL,Success
file_brain_AXFLAIR_201_6002960/processed/slice_12.mat,file_brain_AXFLAIR_201_6002960,AXFLAIR,12,VAL,Success
file_brain_AXFLAIR_201_6002960/processed/slice_13.mat,file_brain_AXFLAIR_201_6002960,AXFLAIR,13,VAL,Success
file_brain_AXFLAIR_201_6002960/processed/slice_14.mat,file_brain_AXFLAIR_201_6002960,AXFLAIR,14,VAL,Success
file_brain_AXFLAIR_201_6002960/processed/slice_15.mat,file_brain_AXFLAIR_201_6002960,AXFLAIR,15,VAL,Success
file_brain_AXFLAIR_201_6002960/processed/slice_16.mat,file_brain_AXFLAIR_201_6002960,AXFLAIR,16,VAL,Success
file_brain_AXFLAIR_201_6002964/processed/slice_1.mat,file_brain_AXFLAIR_201_6002964,AXFLAIR,1,TRAIN,Success
file_brain_AXFLAIR_201_6002964/processed/slice_2.mat,file_brain_AXFLAIR_201_6002964,AXFLAIR,2,TRAIN,Success
file_brain_AXFLAIR_201_6002964/processed/slice_3.mat,file_brain_AXFLAIR_201_6002964,AXFLAIR,3,TRAIN,Success
file_brain_AXFLAIR_201_6002964/processed/slice_4.mat,file_brain_AXFLAIR_201_6002964,AXFLAIR,4,TRAIN,Success
file_brain_AXFLAIR_201_6002964/processed/slice_5.mat,file_brain_AXFLAIR_201_6002964,AXFLAIR,5,TRAIN,Success
file_brain_AXFLAIR_201_6002964/processed/slice_6.mat,file_brain_AXFLAIR_201_6002964,AXFLAIR,6,TRAIN,Success
file_brain_AXFLAIR_201_6002964/processed/slice_7.mat,file_brain_AXFLAIR_201_6002964,AXFLAIR,7,TRAIN,Success
file_brain_AXFLAIR_201_6002964/processed/slice_8.mat,file_brain_AXFLAIR_201_6002964,AXFLAIR,8,TRAIN,Success
file_brain_AXFLAIR_201_6002964/processed/slice_9.mat,file_brain_AXFLAIR_201_6002964,AXFLAIR,9,TRAIN,Success
file_brain_AXFLAIR_201_6002964/processed/slice_10.mat,file_brain_AXFLAIR_201_6002964,AXFLAIR,10,TRAIN,Success
file_brain_AXFLAIR_201_6002964/processed/slice_11.mat,file_brain_AXFLAIR_201_6002964,AXFLAIR,11,TRAIN,Success
file_brain_AXFLAIR_201_6002964/processed/slice_12.mat,file_brain_AXFLAIR_201_6002964,AXFLAIR,12,TRAIN,Success
file_brain_AXFLAIR_201_6002964/processed/slice_13.mat,file_brain_AXFLAIR_201_6002964,AXFLAIR,13,TRAIN,Success
file_brain_AXFLAIR_201_6002964/processed/slice_14.mat,file_brain_AXFLAIR_201_6002964,AXFLAIR,14,TRAIN,Success
file_brain_AXFLAIR_201_6002964/processed/slice_15.mat,file_brain_AXFLAIR_201_6002964,AXFLAIR,15,TRAIN,Success
file_brain_AXFLAIR_201_6002964/processed/slice_16.mat,file_brain_AXFLAIR_201_6002964,AXFLAIR,16,TRAIN,Success
file_brain_AXFLAIR_201_6002972/processed/slice_1.mat,file_brain_AXFLAIR_201_6002972,AXFLAIR,1,TRAIN,Success
file_brain_AXFLAIR_201_6002972/processed/slice_2.mat,file_brain_AXFLAIR_201_6002972,AXFLAIR,2,TRAIN,Success
file_brain_AXFLAIR_201_6002972/processed/slice_3.mat,file_brain_AXFLAIR_201_6002972,AXFLAIR,3,TRAIN,Success
file_brain_AXFLAIR_201_6002972/processed/slice_4.mat,file_brain_AXFLAIR_201_6002972,AXFLAIR,4,TRAIN,Success
file_brain_AXFLAIR_201_6002972/processed/slice_5.mat,file_brain_AXFLAIR_201_6002972,AXFLAIR,5,TRAIN,Success
file_brain_AXFLAIR_201_6002972/processed/slice_6.mat,file_brain_AXFLAIR_201_6002972,AXFLAIR,6,TRAIN,Success
file_brain_AXFLAIR_201_6002972/processed/slice_7.mat,file_brain_AXFLAIR_201_6002972,AXFLAIR,7,TRAIN,Success
file_brain_AXFLAIR_201_6002972/processed/slice_8.mat,file_brain_AXFLAIR_201_6002972,AXFLAIR,8,TRAIN,Success
file_brain_AXFLAIR_201_6002972/processed/slice_9.mat,file_brain_AXFLAIR_201_6002972,AXFLAIR,9,TRAIN,Success
file_brain_AXFLAIR_201_6002972/processed/slice_10.mat,file_brain_AXFLAIR_201_6002972,AXFLAIR,10,TRAIN,Success
file_brain_AXFLAIR_201_6002972/processed/slice_11.mat,file_brain_AXFLAIR_201_6002972,AXFLAIR,11,TRAIN,Success
file_brain_AXFLAIR_201_6002972/processed/slice_12.mat,file_brain_AXFLAIR_201_6002972,AXFLAIR,12,TRAIN,Success
file_brain_AXFLAIR_201_6002972/processed/slice_13.mat,file_brain_AXFLAIR_201_6002972,AXFLAIR,13,TRAIN,Success
file_brain_AXFLAIR_201_6002972/processed/slice_14.mat,file_brain_AXFLAIR_201_6002972,AXFLAIR,14,TRAIN,Success
file_brain_AXFLAIR_201_6002972/processed/slice_15.mat,file_brain_AXFLAIR_201_6002972,AXFLAIR,15,TRAIN,Success
file_brain_AXFLAIR_201_6002972/processed/slice_16.mat,file_brain_AXFLAIR_201_6002972,AXFLAIR,16,TRAIN,Success
file_brain_AXFLAIR_201_6002993/processed/slice_1.mat,file_brain_AXFLAIR_201_6002993,AXFLAIR,1,TRAIN,Success
file_brain_AXFLAIR_201_6002993/processed/slice_2.mat,file_brain_AXFLAIR_201_6002993,AXFLAIR,2,TRAIN,Success
file_brain_AXFLAIR_201_6002993/processed/slice_3.mat,file_brain_AXFLAIR_201_6002993,AXFLAIR,3,TRAIN,Success
file_brain_AXFLAIR_201_6002993/processed/slice_4.mat,file_brain_AXFLAIR_201_6002993,AXFLAIR,4,TRAIN,Success
file_brain_AXFLAIR_201_6002993/processed/slice_5.mat,file_brain_AXFLAIR_201_6002993,AXFLAIR,5,TRAIN,Success
file_brain_AXFLAIR_201_6002993/processed/slice_6.mat,file_brain_AXFLAIR_201_6002993,AXFLAIR,6,TRAIN,Success
file_brain_AXFLAIR_201_6002993/processed/slice_7.mat,file_brain_AXFLAIR_201_6002993,AXFLAIR,7,TRAIN,Success
file_brain_AXFLAIR_201_6002993/processed/slice_8.mat,file_brain_AXFLAIR_201_6002993,AXFLAIR,8,TRAIN,Success
file_brain_AXFLAIR_201_6002993/processed/slice_9.mat,file_brain_AXFLAIR_201_6002993,AXFLAIR,9,TRAIN,Success
file_brain_AXFLAIR_201_6002993/processed/slice_10.mat,file_brain_AXFLAIR_201_6002993,AXFLAIR,10,TRAIN,Success
file_brain_AXFLAIR_201_6002993/processed/slice_11.mat,file_brain_AXFLAIR_201_6002993,AXFLAIR,11,TRAIN,Success
file_brain_AXFLAIR_201_6002993/processed/slice_12.mat,file_brain_AXFLAIR_201_6002993,AXFLAIR,12,TRAIN,Success
file_brain_AXFLAIR_201_6002993/processed/slice_13.mat,file_brain_AXFLAIR_201_6002993,AXFLAIR,13,TRAIN,Success
file_brain_AXFLAIR_201_6002993/processed/slice_14.mat,file_brain_AXFLAIR_201_6002993,AXFLAIR,14,TRAIN,Success
file_brain_AXFLAIR_201_6002993/processed/slice_15.mat,file_brain_AXFLAIR_201_6002993,AXFLAIR,15,TRAIN,Success
file_brain_AXFLAIR_201_6002993/processed/slice_16.mat,file_brain_AXFLAIR_201_6002993,AXFLAIR,16,TRAIN,Success
file_brain_AXFLAIR_201_6003003/processed/slice_1.mat,file_brain_AXFLAIR_201_6003003,AXFLAIR,1,TRAIN,Success
file_brain_AXFLAIR_201_6003003/processed/slice_2.mat,file_brain_AXFLAIR_201_6003003,AXFLAIR,2,TRAIN,Success
file_brain_AXFLAIR_201_6003003/processed/slice_3.mat,file_brain_AXFLAIR_201_6003003,AXFLAIR,3,TRAIN,Success
file_brain_AXFLAIR_201_6003003/processed/slice_4.mat,file_brain_AXFLAIR_201_6003003,AXFLAIR,4,TRAIN,Success
file_brain_AXFLAIR_201_6003003/processed/slice_5.mat,file_brain_AXFLAIR_201_6003003,AXFLAIR,5,TRAIN,Success
file_brain_AXFLAIR_201_6003003/processed/slice_6.mat,file_brain_AXFLAIR_201_6003003,AXFLAIR,6,TRAIN,Success
file_brain_AXFLAIR_201_6003003/processed/slice_7.mat,file_brain_AXFLAIR_201_6003003,AXFLAIR,7,TRAIN,Success
file_brain_AXFLAIR_201_6003003/processed/slice_8.mat,file_brain_AXFLAIR_201_6003003,AXFLAIR,8,TRAIN,Success
file_brain_AXFLAIR_201_6003003/processed/slice_9.mat,file_brain_AXFLAIR_201_6003003,AXFLAIR,9,TRAIN,Success
file_brain_AXFLAIR_201_6003003/processed/slice_10.mat,file_brain_AXFLAIR_201_6003003,AXFLAIR,10,TRAIN,Success
file_brain_AXFLAIR_201_6003003/processed/slice_11.mat,file_brain_AXFLAIR_201_6003003,AXFLAIR,11,TRAIN,Success
file_brain_AXFLAIR_201_6003003/processed/slice_12.mat,file_brain_AXFLAIR_201_6003003,AXFLAIR,12,TRAIN,Success
file_brain_AXFLAIR_201_6003003/processed/slice_13.mat,file_brain_AXFLAIR_201_6003003,AXFLAIR,13,TRAIN,Success
file_brain_AXFLAIR_201_6003003/processed/slice_14.mat,file_brain_AXFLAIR_201_6003003,AXFLAIR,14,TRAIN,Success
file_brain_AXFLAIR_201_6003003/processed/slice_15.mat,file_brain_AXFLAIR_201_6003003,AXFLAIR,15,TRAIN,Success
file_brain_AXFLAIR_201_6003003/processed/slice_16.mat,file_brain_AXFLAIR_201_6003003,AXFLAIR,16,TRAIN,Success
file_brain_AXFLAIR_201_6003008/processed/slice_1.mat,file_brain_AXFLAIR_201_6003008,AXFLAIR,1,TRAIN,Success
file_brain_AXFLAIR_201_6003008/processed/slice_2.mat,file_brain_AXFLAIR_201_6003008,AXFLAIR,2,TRAIN,Success
file_brain_AXFLAIR_201_6003008/processed/slice_3.mat,file_brain_AXFLAIR_201_6003008,AXFLAIR,3,TRAIN,Success
file_brain_AXFLAIR_201_6003008/processed/slice_4.mat,file_brain_AXFLAIR_201_6003008,AXFLAIR,4,TRAIN,Success
file_brain_AXFLAIR_201_6003008/processed/slice_5.mat,file_brain_AXFLAIR_201_6003008,AXFLAIR,5,TRAIN,Success
file_brain_AXFLAIR_201_6003008/processed/slice_6.mat,file_brain_AXFLAIR_201_6003008,AXFLAIR,6,TRAIN,Success
file_brain_AXFLAIR_201_6003008/processed/slice_7.mat,file_brain_AXFLAIR_201_6003008,AXFLAIR,7,TRAIN,Success
file_brain_AXFLAIR_201_6003008/processed/slice_8.mat,file_brain_AXFLAIR_201_6003008,AXFLAIR,8,TRAIN,Success
file_brain_AXFLAIR_201_6003008/processed/slice_9.mat,file_brain_AXFLAIR_201_6003008,AXFLAIR,9,TRAIN,Success
file_brain_AXFLAIR_201_6003008/processed/slice_10.mat,file_brain_AXFLAIR_201_6003008,AXFLAIR,10,TRAIN,Success
file_brain_AXFLAIR_201_6003008/processed/slice_11.mat,file_brain_AXFLAIR_201_6003008,AXFLAIR,11,TRAIN,Success
file_brain_AXFLAIR_201_6003008/processed/slice_12.mat,file_brain_AXFLAIR_201_6003008,AXFLAIR,12,TRAIN,Success
file_brain_AXFLAIR_201_6003008/processed/slice_13.mat,file_brain_AXFLAIR_201_6003008,AXFLAIR,13,TRAIN,Success
file_brain_AXFLAIR_201_6003008/processed/slice_14.mat,file_brain_AXFLAIR_201_6003008,AXFLAIR,14,TRAIN,Success
file_brain_AXFLAIR_201_6003008/processed/slice_15.mat,file_brain_AXFLAIR_201_6003008,AXFLAIR,15,TRAIN,Success
file_brain_AXFLAIR_201_6003008/processed/slice_16.mat,file_brain_AXFLAIR_201_6003008,AXFLAIR,16,TRAIN,Success
file_brain_AXFLAIR_202_6000421/processed/slice_1.mat,file_brain_AXFLAIR_202_6000421,AXFLAIR,1,TRAIN,Success
file_brain_AXFLAIR_202_6000421/processed/slice_2.mat,file_brain_AXFLAIR_202_6000421,AXFLAIR,2,TRAIN,Success
file_brain_AXFLAIR_202_6000421/processed/slice_3.mat,file_brain_AXFLAIR_202_6000421,AXFLAIR,3,TRAIN,Success
file_brain_AXFLAIR_202_6000421/processed/slice_4.mat,file_brain_AXFLAIR_202_6000421,AXFLAIR,4,TRAIN,Success
file_brain_AXFLAIR_202_6000421/processed/slice_5.mat,file_brain_AXFLAIR_202_6000421,AXFLAIR,5,TRAIN,Success
file_brain_AXFLAIR_202_6000421/processed/slice_6.mat,file_brain_AXFLAIR_202_6000421,AXFLAIR,6,TRAIN,Success
file_brain_AXFLAIR_202_6000421/processed/slice_7.mat,file_brain_AXFLAIR_202_6000421,AXFLAIR,7,TRAIN,Success
file_brain_AXFLAIR_202_6000421/processed/slice_8.mat,file_brain_AXFLAIR_202_6000421,AXFLAIR,8,TRAIN,Success
file_brain_AXFLAIR_202_6000421/processed/slice_9.mat,file_brain_AXFLAIR_202_6000421,AXFLAIR,9,TRAIN,Success
file_brain_AXFLAIR_202_6000421/processed/slice_10.mat,file_brain_AXFLAIR_202_6000421,AXFLAIR,10,TRAIN,Success
file_brain_AXFLAIR_202_6000421/processed/slice_11.mat,file_brain_AXFLAIR_202_6000421,AXFLAIR,11,TRAIN,Success
file_brain_AXFLAIR_202_6000421/processed/slice_12.mat,file_brain_AXFLAIR_202_6000421,AXFLAIR,12,TRAIN,Success
file_brain_AXFLAIR_202_6000421/processed/slice_13.mat,file_brain_AXFLAIR_202_6000421,AXFLAIR,13,TRAIN,Success
file_brain_AXFLAIR_202_6000421/processed/slice_14.mat,file_brain_AXFLAIR_202_6000421,AXFLAIR,14,TRAIN,Success
file_brain_AXFLAIR_202_6000421/processed/slice_15.mat,file_brain_AXFLAIR_202_6000421,AXFLAIR,15,TRAIN,Success
file_brain_AXFLAIR_202_6000421/processed/slice_16.mat,file_brain_AXFLAIR_202_6000421,AXFLAIR,16,TRAIN,Success
file_brain_AXFLAIR_202_6000508/processed/slice_1.mat,file_brain_AXFLAIR_202_6000508,AXFLAIR,1,TRAIN,Success
file_brain_AXFLAIR_202_6000508/processed/slice_2.mat,file_brain_AXFLAIR_202_6000508,AXFLAIR,2,TRAIN,Success
file_brain_AXFLAIR_202_6000508/processed/slice_3.mat,file_brain_AXFLAIR_202_6000508,AXFLAIR,3,TRAIN,Success
file_brain_AXFLAIR_202_6000508/processed/slice_4.mat,file_brain_AXFLAIR_202_6000508,AXFLAIR,4,TRAIN,Success
file_brain_AXFLAIR_202_6000508/processed/slice_5.mat,file_brain_AXFLAIR_202_6000508,AXFLAIR,5,TRAIN,Success
file_brain_AXFLAIR_202_6000508/processed/slice_6.mat,file_brain_AXFLAIR_202_6000508,AXFLAIR,6,TRAIN,Success
file_brain_AXFLAIR_202_6000508/processed/slice_7.mat,file_brain_AXFLAIR_202_6000508,AXFLAIR,7,TRAIN,Success
file_brain_AXFLAIR_202_6000508/processed/slice_8.mat,file_brain_AXFLAIR_202_6000508,AXFLAIR,8,TRAIN,Success
file_brain_AXFLAIR_202_6000508/processed/slice_9.mat,file_brain_AXFLAIR_202_6000508,AXFLAIR,9,TRAIN,Success
file_brain_AXFLAIR_202_6000508/processed/slice_10.mat,file_brain_AXFLAIR_202_6000508,AXFLAIR,10,TRAIN,Success
file_brain_AXFLAIR_202_6000508/processed/slice_11.mat,file_brain_AXFLAIR_202_6000508,AXFLAIR,11,TRAIN,Success
file_brain_AXFLAIR_202_6000508/processed/slice_12.mat,file_brain_AXFLAIR_202_6000508,AXFLAIR,12,TRAIN,Success
file_brain_AXFLAIR_202_6000508/processed/slice_13.mat,file_brain_AXFLAIR_202_6000508,AXFLAIR,13,TRAIN,Success
file_brain_AXFLAIR_202_6000508/processed/slice_14.mat,file_brain_AXFLAIR_202_6000508,AXFLAIR,14,TRAIN,Success
file_brain_AXFLAIR_202_6000508/processed/slice_15.mat,file_brain_AXFLAIR_202_6000508,AXFLAIR,15,TRAIN,Success
file_brain_AXFLAIR_202_6000508/processed/slice_16.mat,file_brain_AXFLAIR_202_6000508,AXFLAIR,16,TRAIN,Success
file_brain_AXFLAIR_202_6000531/processed/slice_1.mat,file_brain_AXFLAIR_202_6000531,AXFLAIR,1,TRAIN,Success
file_brain_AXFLAIR_202_6000531/processed/slice_2.mat,file_brain_AXFLAIR_202_6000531,AXFLAIR,2,TRAIN,Success
file_brain_AXFLAIR_202_6000531/processed/slice_3.mat,file_brain_AXFLAIR_202_6000531,AXFLAIR,3,TRAIN,Success
file_brain_AXFLAIR_202_6000531/processed/slice_4.mat,file_brain_AXFLAIR_202_6000531,AXFLAIR,4,TRAIN,Success
file_brain_AXFLAIR_202_6000531/processed/slice_5.mat,file_brain_AXFLAIR_202_6000531,AXFLAIR,5,TRAIN,Success
file_brain_AXFLAIR_202_6000531/processed/slice_6.mat,file_brain_AXFLAIR_202_6000531,AXFLAIR,6,TRAIN,Success
file_brain_AXFLAIR_202_6000531/processed/slice_7.mat,file_brain_AXFLAIR_202_6000531,AXFLAIR,7,TRAIN,Success
file_brain_AXFLAIR_202_6000531/processed/slice_8.mat,file_brain_AXFLAIR_202_6000531,AXFLAIR,8,TRAIN,Success
file_brain_AXFLAIR_202_6000531/processed/slice_9.mat,file_brain_AXFLAIR_202_6000531,AXFLAIR,9,TRAIN,Success
file_brain_AXFLAIR_202_6000531/processed/slice_10.mat,file_brain_AXFLAIR_202_6000531,AXFLAIR,10,TRAIN,Success
file_brain_AXFLAIR_202_6000531/processed/slice_11.mat,file_brain_AXFLAIR_202_6000531,AXFLAIR,11,TRAIN,Success
file_brain_AXFLAIR_202_6000531/processed/slice_12.mat,file_brain_AXFLAIR_202_6000531,AXFLAIR,12,TRAIN,Success
file_brain_AXFLAIR_202_6000531/processed/slice_13.mat,file_brain_AXFLAIR_202_6000531,AXFLAIR,13,TRAIN,Success
file_brain_AXFLAIR_202_6000531/processed/slice_14.mat,file_brain_AXFLAIR_202_6000531,AXFLAIR,14,TRAIN,Success
file_brain_AXFLAIR_202_6000531/processed/slice_15.mat,file_brain_AXFLAIR_202_6000531,AXFLAIR,15,TRAIN,Success
file_brain_AXFLAIR_202_6000531/processed/slice_16.mat,file_brain_AXFLAIR_202_6000531,AXFLAIR,16,TRAIN,Success
file_brain_AXFLAIR_202_6000539/processed/slice_1.mat,file_brain_AXFLAIR_202_6000539,AXFLAIR,1,TRAIN,Success
file_brain_AXFLAIR_202_6000539/processed/slice_2.mat,file_brain_AXFLAIR_202_6000539,AXFLAIR,2,TRAIN,Success
file_brain_AXFLAIR_202_6000539/processed/slice_3.mat,file_brain_AXFLAIR_202_6000539,AXFLAIR,3,TRAIN,Success
file_brain_AXFLAIR_202_6000539/processed/slice_4.mat,file_brain_AXFLAIR_202_6000539,AXFLAIR,4,TRAIN,Success
file_brain_AXFLAIR_202_6000539/processed/slice_5.mat,file_brain_AXFLAIR_202_6000539,AXFLAIR,5,TRAIN,Success
file_brain_AXFLAIR_202_6000539/processed/slice_6.mat,file_brain_AXFLAIR_202_6000539,AXFLAIR,6,TRAIN,Success
file_brain_AXFLAIR_202_6000539/processed/slice_7.mat,file_brain_AXFLAIR_202_6000539,AXFLAIR,7,TRAIN,Success
file_brain_AXFLAIR_202_6000539/processed/slice_8.mat,file_brain_AXFLAIR_202_6000539,AXFLAIR,8,TRAIN,Success
file_brain_AXFLAIR_202_6000539/processed/slice_9.mat,file_brain_AXFLAIR_202_6000539,AXFLAIR,9,TRAIN,Success
file_brain_AXFLAIR_202_6000539/processed/slice_10.mat,file_brain_AXFLAIR_202_6000539,AXFLAIR,10,TRAIN,Success
file_brain_AXFLAIR_202_6000539/processed/slice_11.mat,file_brain_AXFLAIR_202_6000539,AXFLAIR,11,TRAIN,Success
file_brain_AXFLAIR_202_6000539/processed/slice_12.mat,file_brain_AXFLAIR_202_6000539,AXFLAIR,12,TRAIN,Success
file_brain_AXFLAIR_202_6000539/processed/slice_13.mat,file_brain_AXFLAIR_202_6000539,AXFLAIR,13,TRAIN,Success
file_brain_AXFLAIR_202_6000539/processed/slice_14.mat,file_brain_AXFLAIR_202_6000539,AXFLAIR,14,TRAIN,Success
file_brain_AXFLAIR_202_6000539/processed/slice_15.mat,file_brain_AXFLAIR_202_6000539,AXFLAIR,15,TRAIN,Success
file_brain_AXFLAIR_202_6000539/processed/slice_16.mat,file_brain_AXFLAIR_202_6000539,AXFLAIR,16,TRAIN,Success
file_brain_AXFLAIR_202_6000554/processed/slice_1.mat,file_brain_AXFLAIR_202_6000554,AXFLAIR,1,TRAIN,Success
file_brain_AXFLAIR_202_6000554/processed/slice_2.mat,file_brain_AXFLAIR_202_6000554,AXFLAIR,2,TRAIN,Success
file_brain_AXFLAIR_202_6000554/processed/slice_3.mat,file_brain_AXFLAIR_202_6000554,AXFLAIR,3,TRAIN,Success
file_brain_AXFLAIR_202_6000554/processed/slice_4.mat,file_brain_AXFLAIR_202_6000554,AXFLAIR,4,TRAIN,Success
file_brain_AXFLAIR_202_6000554/processed/slice_5.mat,file_brain_AXFLAIR_202_6000554,AXFLAIR,5,TRAIN,Success
file_brain_AXFLAIR_202_6000554/processed/slice_6.mat,file_brain_AXFLAIR_202_6000554,AXFLAIR,6,TRAIN,Success
file_brain_AXFLAIR_202_6000554/processed/slice_7.mat,file_brain_AXFLAIR_202_6000554,AXFLAIR,7,TRAIN,Success
file_brain_AXFLAIR_202_6000554/processed/slice_8.mat,file_brain_AXFLAIR_202_6000554,AXFLAIR,8,TRAIN,Success
file_brain_AXFLAIR_202_6000554/processed/slice_9.mat,file_brain_AXFLAIR_202_6000554,AXFLAIR,9,TRAIN,Success
file_brain_AXFLAIR_202_6000554/processed/slice_10.mat,file_brain_AXFLAIR_202_6000554,AXFLAIR,10,TRAIN,Success
file_brain_AXFLAIR_202_6000554/processed/slice_11.mat,file_brain_AXFLAIR_202_6000554,AXFLAIR,11,TRAIN,Success
file_brain_AXFLAIR_202_6000554/processed/slice_12.mat,file_brain_AXFLAIR_202_6000554,AXFLAIR,12,TRAIN,Success
file_brain_AXFLAIR_202_6000554/processed/slice_13.mat,file_brain_AXFLAIR_202_6000554,AXFLAIR,13,TRAIN,Success
file_brain_AXFLAIR_202_6000554/processed/slice_14.mat,file_brain_AXFLAIR_202_6000554,AXFLAIR,14,TRAIN,Success
file_brain_AXFLAIR_202_6000554/processed/slice_15.mat,file_brain_AXFLAIR_202_6000554,AXFLAIR,15,TRAIN,Success
file_brain_AXFLAIR_202_6000554/processed/slice_16.mat,file_brain_AXFLAIR_202_6000554,AXFLAIR,16,TRAIN,Success
file_brain_AXFLAIR_203_6000890/processed/slice_1.mat,file_brain_AXFLAIR_203_6000890,AXFLAIR,1,TRAIN,Success
file_brain_AXFLAIR_203_6000890/processed/slice_2.mat,file_brain_AXFLAIR_203_6000890,AXFLAIR,2,TRAIN,Success
file_brain_AXFLAIR_203_6000890/processed/slice_3.mat,file_brain_AXFLAIR_203_6000890,AXFLAIR,3,TRAIN,Success
file_brain_AXFLAIR_203_6000890/processed/slice_4.mat,file_brain_AXFLAIR_203_6000890,AXFLAIR,4,TRAIN,Success
file_brain_AXFLAIR_203_6000890/processed/slice_5.mat,file_brain_AXFLAIR_203_6000890,AXFLAIR,5,TRAIN,Success
file_brain_AXFLAIR_203_6000890/processed/slice_6.mat,file_brain_AXFLAIR_203_6000890,AXFLAIR,6,TRAIN,Success
file_brain_AXFLAIR_203_6000890/processed/slice_7.mat,file_brain_AXFLAIR_203_6000890,AXFLAIR,7,TRAIN,Success
file_brain_AXFLAIR_203_6000890/processed/slice_8.mat,file_brain_AXFLAIR_203_6000890,AXFLAIR,8,TRAIN,Success
file_brain_AXFLAIR_203_6000890/processed/slice_9.mat,file_brain_AXFLAIR_203_6000890,AXFLAIR,9,TRAIN,Success
file_brain_AXFLAIR_203_6000890/processed/slice_10.mat,file_brain_AXFLAIR_203_6000890,AXFLAIR,10,TRAIN,Success
file_brain_AXFLAIR_203_6000890/processed/slice_11.mat,file_brain_AXFLAIR_203_6000890,AXFLAIR,11,TRAIN,Success
file_brain_AXFLAIR_203_6000890/processed/slice_12.mat,file_brain_AXFLAIR_203_6000890,AXFLAIR,12,TRAIN,Success
file_brain_AXFLAIR_203_6000890/processed/slice_13.mat,file_brain_AXFLAIR_203_6000890,AXFLAIR,13,TRAIN,Success
file_brain_AXFLAIR_203_6000890/processed/slice_14.mat,file_brain_AXFLAIR_203_6000890,AXFLAIR,14,TRAIN,Success
file_brain_AXFLAIR_203_6000890/processed/slice_15.mat,file_brain_AXFLAIR_203_6000890,AXFLAIR,15,TRAIN,Success
file_brain_AXFLAIR_203_6000890/processed/slice_16.mat,file_brain_AXFLAIR_203_6000890,AXFLAIR,16,TRAIN,Success
file_brain_AXFLAIR_203_6000942/processed/slice_1.mat,file_brain_AXFLAIR_203_6000942,AXFLAIR,1,TRAIN,Success
file_brain_AXFLAIR_203_6000942/processed/slice_2.mat,file_brain_AXFLAIR_203_6000942,AXFLAIR,2,TRAIN,Success
file_brain_AXFLAIR_203_6000942/processed/slice_3.mat,file_brain_AXFLAIR_203_6000942,AXFLAIR,3,TRAIN,Success
file_brain_AXFLAIR_203_6000942/processed/slice_4.mat,file_brain_AXFLAIR_203_6000942,AXFLAIR,4,TRAIN,Success
file_brain_AXFLAIR_203_6000942/processed/slice_5.mat,file_brain_AXFLAIR_203_6000942,AXFLAIR,5,TRAIN,Success
file_brain_AXFLAIR_203_6000942/processed/slice_6.mat,file_brain_AXFLAIR_203_6000942,AXFLAIR,6,TRAIN,Success
file_brain_AXFLAIR_203_6000942/processed/slice_7.mat,file_brain_AXFLAIR_203_6000942,AXFLAIR,7,TRAIN,Success
file_brain_AXFLAIR_203_6000942/processed/slice_8.mat,file_brain_AXFLAIR_203_6000942,AXFLAIR,8,TRAIN,Success
file_brain_AXFLAIR_203_6000942/processed/slice_9.mat,file_brain_AXFLAIR_203_6000942,AXFLAIR,9,TRAIN,Success
file_brain_AXFLAIR_203_6000942/processed/slice_10.mat,file_brain_AXFLAIR_203_6000942,AXFLAIR,10,TRAIN,Success
file_brain_AXFLAIR_203_6000942/processed/slice_11.mat,file_brain_AXFLAIR_203_6000942,AXFLAIR,11,TRAIN,Success
file_brain_AXFLAIR_203_6000942/processed/slice_12.mat,file_brain_AXFLAIR_203_6000942,AXFLAIR,12,TRAIN,Success
file_brain_AXFLAIR_203_6000942/processed/slice_13.mat,file_brain_AXFLAIR_203_6000942,AXFLAIR,13,TRAIN,Success
file_brain_AXFLAIR_203_6000942/processed/slice_14.mat,file_brain_AXFLAIR_203_6000942,AXFLAIR,14,TRAIN,Success
file_brain_AXFLAIR_203_6000942/processed/slice_15.mat,file_brain_AXFLAIR_203_6000942,AXFLAIR,15,TRAIN,Success
file_brain_AXFLAIR_203_6000942/processed/slice_16.mat,file_brain_AXFLAIR_203_6000942,AXFLAIR,16,TRAIN,Success
file_brain_AXFLAIR_209_6001386/processed/slice_1.mat,file_brain_AXFLAIR_209_6001386,AXFLAIR,1,VAL,Success
file_brain_AXFLAIR_209_6001386/processed/slice_2.mat,file_brain_AXFLAIR_209_6001386,AXFLAIR,2,VAL,Success
file_brain_AXFLAIR_209_6001386/processed/slice_3.mat,file_brain_AXFLAIR_209_6001386,AXFLAIR,3,VAL,Success
file_brain_AXFLAIR_209_6001386/processed/slice_4.mat,file_brain_AXFLAIR_209_6001386,AXFLAIR,4,VAL,Success
file_brain_AXFLAIR_209_6001386/processed/slice_5.mat,file_brain_AXFLAIR_209_6001386,AXFLAIR,5,VAL,Success
file_brain_AXFLAIR_209_6001386/processed/slice_6.mat,file_brain_AXFLAIR_209_6001386,AXFLAIR,6,VAL,Success
file_brain_AXFLAIR_209_6001386/processed/slice_7.mat,file_brain_AXFLAIR_209_6001386,AXFLAIR,7,VAL,Success
file_brain_AXFLAIR_209_6001386/processed/slice_8.mat,file_brain_AXFLAIR_209_6001386,AXFLAIR,8,VAL,Success
file_brain_AXFLAIR_209_6001386/processed/slice_9.mat,file_brain_AXFLAIR_209_6001386,AXFLAIR,9,VAL,Success
file_brain_AXFLAIR_209_6001386/processed/slice_10.mat,file_brain_AXFLAIR_209_6001386,AXFLAIR,10,VAL,Success
file_brain_AXFLAIR_209_6001386/processed/slice_11.mat,file_brain_AXFLAIR_209_6001386,AXFLAIR,11,VAL,Success
file_brain_AXFLAIR_209_6001386/processed/slice_12.mat,file_brain_AXFLAIR_209_6001386,AXFLAIR,12,VAL,Success
file_brain_AXFLAIR_209_6001386/processed/slice_13.mat,file_brain_AXFLAIR_209_6001386,AXFLAIR,13,VAL,Success
file_brain_AXFLAIR_209_6001386/processed/slice_14.mat,file_brain_AXFLAIR_209_6001386,AXFLAIR,14,VAL,Success
file_brain_AXFLAIR_209_6001386/processed/slice_15.mat,file_brain_AXFLAIR_209_6001386,AXFLAIR,15,VAL,Success
file_brain_AXFLAIR_209_6001386/processed/slice_16.mat,file_brain_AXFLAIR_209_6001386,AXFLAIR,16,VAL,Success
file_brain_AXFLAIR_209_6001397/processed/slice_1.mat,file_brain_AXFLAIR_209_6001397,AXFLAIR,1,TRAIN,Success
file_brain_AXFLAIR_209_6001397/processed/slice_2.mat,file_brain_AXFLAIR_209_6001397,AXFLAIR,2,TRAIN,Success
file_brain_AXFLAIR_209_6001397/processed/slice_3.mat,file_brain_AXFLAIR_209_6001397,AXFLAIR,3,TRAIN,Success
file_brain_AXFLAIR_209_6001397/processed/slice_4.mat,file_brain_AXFLAIR_209_6001397,AXFLAIR,4,TRAIN,Success
file_brain_AXFLAIR_209_6001397/processed/slice_5.mat,file_brain_AXFLAIR_209_6001397,AXFLAIR,5,TRAIN,Success
file_brain_AXFLAIR_209_6001397/processed/slice_6.mat,file_brain_AXFLAIR_209_6001397,AXFLAIR,6,TRAIN,Success
file_brain_AXFLAIR_209_6001397/processed/slice_7.mat,file_brain_AXFLAIR_209_6001397,AXFLAIR,7,TRAIN,Success
file_brain_AXFLAIR_209_6001397/processed/slice_8.mat,file_brain_AXFLAIR_209_6001397,AXFLAIR,8,TRAIN,Success
file_brain_AXFLAIR_209_6001397/processed/slice_9.mat,file_brain_AXFLAIR_209_6001397,AXFLAIR,9,TRAIN,Success
file_brain_AXFLAIR_209_6001397/processed/slice_10.mat,file_brain_AXFLAIR_209_6001397,AXFLAIR,10,TRAIN,Success
file_brain_AXFLAIR_209_6001397/processed/slice_11.mat,file_brain_AXFLAIR_209_6001397,AXFLAIR,11,TRAIN,Success
file_brain_AXFLAIR_209_6001397/processed/slice_12.mat,file_brain_AXFLAIR_209_6001397,AXFLAIR,12,TRAIN,Success
file_brain_AXFLAIR_209_6001397/processed/slice_13.mat,file_brain_AXFLAIR_209_6001397,AXFLAIR,13,TRAIN,Success
file_brain_AXFLAIR_209_6001397/processed/slice_14.mat,file_brain_AXFLAIR_209_6001397,AXFLAIR,14,TRAIN,Success
file_brain_AXFLAIR_209_6001397/processed/slice_15.mat,file_brain_AXFLAIR_209_6001397,AXFLAIR,15,TRAIN,Success
file_brain_AXFLAIR_209_6001397/processed/slice_16.mat,file_brain_AXFLAIR_209_6001397,AXFLAIR,16,TRAIN,Success
file_brain_AXFLAIR_209_6001428/processed/slice_1.mat,file_brain_AXFLAIR_209_6001428,AXFLAIR,1,TRAIN,Success
file_brain_AXFLAIR_209_6001428/processed/slice_2.mat,file_brain_AXFLAIR_209_6001428,AXFLAIR,2,TRAIN,Success
file_brain_AXFLAIR_209_6001428/processed/slice_3.mat,file_brain_AXFLAIR_209_6001428,AXFLAIR,3,TRAIN,Success
file_brain_AXFLAIR_209_6001428/processed/slice_4.mat,file_brain_AXFLAIR_209_6001428,AXFLAIR,4,TRAIN,Success
file_brain_AXFLAIR_209_6001428/processed/slice_5.mat,file_brain_AXFLAIR_209_6001428,AXFLAIR,5,TRAIN,Success
file_brain_AXFLAIR_209_6001428/processed/slice_6.mat,file_brain_AXFLAIR_209_6001428,AXFLAIR,6,TRAIN,Success
file_brain_AXFLAIR_209_6001428/processed/slice_7.mat,file_brain_AXFLAIR_209_6001428,AXFLAIR,7,TRAIN,Success
file_brain_AXFLAIR_209_6001428/processed/slice_8.mat,file_brain_AXFLAIR_209_6001428,AXFLAIR,8,TRAIN,Success
file_brain_AXFLAIR_209_6001428/processed/slice_9.mat,file_brain_AXFLAIR_209_6001428,AXFLAIR,9,TRAIN,Success
file_brain_AXFLAIR_209_6001428/processed/slice_10.mat,file_brain_AXFLAIR_209_6001428,AXFLAIR,10,TRAIN,Success
file_brain_AXFLAIR_209_6001428/processed/slice_11.mat,file_brain_AXFLAIR_209_6001428,AXFLAIR,11,TRAIN,Success
file_brain_AXFLAIR_209_6001428/processed/slice_12.mat,file_brain_AXFLAIR_209_6001428,AXFLAIR,12,TRAIN,Success
file_brain_AXFLAIR_209_6001428/processed/slice_13.mat,file_brain_AXFLAIR_209_6001428,AXFLAIR,13,TRAIN,Success
file_brain_AXFLAIR_209_6001428/processed/slice_14.mat,file_brain_AXFLAIR_209_6001428,AXFLAIR,14,TRAIN,Success
file_brain_AXFLAIR_209_6001428/processed/slice_15.mat,file_brain_AXFLAIR_209_6001428,AXFLAIR,15,TRAIN,Success
file_brain_AXFLAIR_209_6001428/processed/slice_16.mat,file_brain_AXFLAIR_209_6001428,AXFLAIR,16,TRAIN,Success
file_brain_AXFLAIR_210_6001557/processed/slice_1.mat,file_brain_AXFLAIR_210_6001557,AXFLAIR,1,TRAIN,Success
file_brain_AXFLAIR_210_6001557/processed/slice_2.mat,file_brain_AXFLAIR_210_6001557,AXFLAIR,2,TRAIN,Success
file_brain_AXFLAIR_210_6001557/processed/slice_3.mat,file_brain_AXFLAIR_210_6001557,AXFLAIR,3,TRAIN,Success
file_brain_AXFLAIR_210_6001557/processed/slice_4.mat,file_brain_AXFLAIR_210_6001557,AXFLAIR,4,TRAIN,Success
file_brain_AXFLAIR_210_6001557/processed/slice_5.mat,file_brain_AXFLAIR_210_6001557,AXFLAIR,5,TRAIN,Success
file_brain_AXFLAIR_210_6001557/processed/slice_6.mat,file_brain_AXFLAIR_210_6001557,AXFLAIR,6,TRAIN,Success
file_brain_AXFLAIR_210_6001557/processed/slice_7.mat,file_brain_AXFLAIR_210_6001557,AXFLAIR,7,TRAIN,Success
file_brain_AXFLAIR_210_6001557/processed/slice_8.mat,file_brain_AXFLAIR_210_6001557,AXFLAIR,8,TRAIN,Success
file_brain_AXFLAIR_210_6001557/processed/slice_9.mat,file_brain_AXFLAIR_210_6001557,AXFLAIR,9,TRAIN,Success
file_brain_AXFLAIR_210_6001557/processed/slice_10.mat,file_brain_AXFLAIR_210_6001557,AXFLAIR,10,TRAIN,Success
file_brain_AXFLAIR_210_6001557/processed/slice_11.mat,file_brain_AXFLAIR_210_6001557,AXFLAIR,11,TRAIN,Success
file_brain_AXFLAIR_210_6001557/processed/slice_12.mat,file_brain_AXFLAIR_210_6001557,AXFLAIR,12,TRAIN,Success
file_brain_AXFLAIR_210_6001557/processed/slice_13.mat,file_brain_AXFLAIR_210_6001557,AXFLAIR,13,TRAIN,Success
file_brain_AXFLAIR_210_6001557/processed/slice_14.mat,file_brain_AXFLAIR_210_6001557,AXFLAIR,14,TRAIN,Success
file_brain_AXFLAIR_210_6001557/processed/slice_15.mat,file_brain_AXFLAIR_210_6001557,AXFLAIR,15,TRAIN,Success
file_brain_AXFLAIR_210_6001557/processed/slice_16.mat,file_brain_AXFLAIR_210_6001557,AXFLAIR,16,TRAIN,Success
file_brain_AXFLAIR_210_6001914/processed/slice_1.mat,file_brain_AXFLAIR_210_6001914,AXFLAIR,1,TRAIN,Success
file_brain_AXFLAIR_210_6001914/processed/slice_2.mat,file_brain_AXFLAIR_210_6001914,AXFLAIR,2,TRAIN,Success
file_brain_AXFLAIR_210_6001914/processed/slice_3.mat,file_brain_AXFLAIR_210_6001914,AXFLAIR,3,TRAIN,Success
file_brain_AXFLAIR_210_6001914/processed/slice_4.mat,file_brain_AXFLAIR_210_6001914,AXFLAIR,4,TRAIN,Success
file_brain_AXFLAIR_210_6001914/processed/slice_5.mat,file_brain_AXFLAIR_210_6001914,AXFLAIR,5,TRAIN,Success
file_brain_AXFLAIR_210_6001914/processed/slice_6.mat,file_brain_AXFLAIR_210_6001914,AXFLAIR,6,TRAIN,Success
file_brain_AXFLAIR_210_6001914/processed/slice_7.mat,file_brain_AXFLAIR_210_6001914,AXFLAIR,7,TRAIN,Success
file_brain_AXFLAIR_210_6001914/processed/slice_8.mat,file_brain_AXFLAIR_210_6001914,AXFLAIR,8,TRAIN,Success
file_brain_AXFLAIR_210_6001914/processed/slice_9.mat,file_brain_AXFLAIR_210_6001914,AXFLAIR,9,TRAIN,Success
file_brain_AXFLAIR_210_6001914/processed/slice_10.mat,file_brain_AXFLAIR_210_6001914,AXFLAIR,10,TRAIN,Success
file_brain_AXFLAIR_210_6001914/processed/slice_11.mat,file_brain_AXFLAIR_210_6001914,AXFLAIR,11,TRAIN,Success
file_brain_AXFLAIR_210_6001914/processed/slice_12.mat,file_brain_AXFLAIR_210_6001914,AXFLAIR,12,TRAIN,Success
file_brain_AXFLAIR_210_6001914/processed/slice_13.mat,file_brain_AXFLAIR_210_6001914,AXFLAIR,13,TRAIN,Success
file_brain_AXFLAIR_210_6001914/processed/slice_14.mat,file_brain_AXFLAIR_210_6001914,AXFLAIR,14,TRAIN,Success
file_brain_AXFLAIR_210_6001914/processed/slice_15.mat,file_brain_AXFLAIR_210_6001914,AXFLAIR,15,TRAIN,Success
file_brain_AXFLAIR_210_6001914/processed/slice_16.mat,file_brain_AXFLAIR_210_6001914,AXFLAIR,16,TRAIN,Success
file_brain_AXFLAIR_210_6001925/processed/slice_1.mat,file_brain_AXFLAIR_210_6001925,AXFLAIR,1,TRAIN,Success
file_brain_AXFLAIR_210_6001925/processed/slice_2.mat,file_brain_AXFLAIR_210_6001925,AXFLAIR,2,TRAIN,Success
file_brain_AXFLAIR_210_6001925/processed/slice_3.mat,file_brain_AXFLAIR_210_6001925,AXFLAIR,3,TRAIN,Success
file_brain_AXFLAIR_210_6001925/processed/slice_4.mat,file_brain_AXFLAIR_210_6001925,AXFLAIR,4,TRAIN,Success
file_brain_AXFLAIR_210_6001925/processed/slice_5.mat,file_brain_AXFLAIR_210_6001925,AXFLAIR,5,TRAIN,Success
file_brain_AXFLAIR_210_6001925/processed/slice_6.mat,file_brain_AXFLAIR_210_6001925,AXFLAIR,6,TRAIN,Success
file_brain_AXFLAIR_210_6001925/processed/slice_7.mat,file_brain_AXFLAIR_210_6001925,AXFLAIR,7,TRAIN,Success
file_brain_AXFLAIR_210_6001925/processed/slice_8.mat,file_brain_AXFLAIR_210_6001925,AXFLAIR,8,TRAIN,Success
file_brain_AXFLAIR_210_6001925/processed/slice_9.mat,file_brain_AXFLAIR_210_6001925,AXFLAIR,9,TRAIN,Success
file_brain_AXFLAIR_210_6001925/processed/slice_10.mat,file_brain_AXFLAIR_210_6001925,AXFLAIR,10,TRAIN,Success
file_brain_AXFLAIR_210_6001925/processed/slice_11.mat,file_brain_AXFLAIR_210_6001925,AXFLAIR,11,TRAIN,Success
file_brain_AXFLAIR_210_6001925/processed/slice_12.mat,file_brain_AXFLAIR_210_6001925,AXFLAIR,12,TRAIN,Success
file_brain_AXFLAIR_210_6001925/processed/slice_13.mat,file_brain_AXFLAIR_210_6001925,AXFLAIR,13,TRAIN,Success
file_brain_AXFLAIR_210_6001925/processed/slice_14.mat,file_brain_AXFLAIR_210_6001925,AXFLAIR,14,TRAIN,Success
file_brain_AXFLAIR_210_6001925/processed/slice_15.mat,file_brain_AXFLAIR_210_6001925,AXFLAIR,15,TRAIN,Success
file_brain_AXFLAIR_210_6001925/processed/slice_16.mat,file_brain_AXFLAIR_210_6001925,AXFLAIR,16,TRAIN,Success
file_brain_AXT1POST_200_6002008/processed/slice_1.mat,file_brain_AXT1POST_200_6002008,AXT1POST,1,TRAIN,Success
file_brain_AXT1POST_200_6002008/processed/slice_2.mat,file_brain_AXT1POST_200_6002008,AXT1POST,2,TRAIN,Success
file_brain_AXT1POST_200_6002008/processed/slice_3.mat,file_brain_AXT1POST_200_6002008,AXT1POST,3,TRAIN,Success
file_brain_AXT1POST_200_6002008/processed/slice_4.mat,file_brain_AXT1POST_200_6002008,AXT1POST,4,TRAIN,Success
file_brain_AXT1POST_200_6002008/processed/slice_5.mat,file_brain_AXT1POST_200_6002008,AXT1POST,5,TRAIN,Success
file_brain_AXT1POST_200_6002008/processed/slice_6.mat,file_brain_AXT1POST_200_6002008,AXT1POST,6,TRAIN,Success
file_brain_AXT1POST_200_6002008/processed/slice_7.mat,file_brain_AXT1POST_200_6002008,AXT1POST,7,TRAIN,Success
file_brain_AXT1POST_200_6002008/processed/slice_8.mat,file_brain_AXT1POST_200_6002008,AXT1POST,8,TRAIN,Success
file_brain_AXT1POST_200_6002008/processed/slice_9.mat,file_brain_AXT1POST_200_6002008,AXT1POST,9,TRAIN,Success
file_brain_AXT1POST_200_6002008/processed/slice_10.mat,file_brain_AXT1POST_200_6002008,AXT1POST,10,TRAIN,Success
file_brain_AXT1POST_200_6002008/processed/slice_11.mat,file_brain_AXT1POST_200_6002008,AXT1POST,11,TRAIN,Success
file_brain_AXT1POST_200_6002008/processed/slice_12.mat,file_brain_AXT1POST_200_6002008,AXT1POST,12,TRAIN,Success
file_brain_AXT1POST_200_6002008/processed/slice_13.mat,file_brain_AXT1POST_200_6002008,AXT1POST,13,TRAIN,Success
file_brain_AXT1POST_200_6002008/processed/slice_14.mat,file_brain_AXT1POST_200_6002008,AXT1POST,14,TRAIN,Success
file_brain_AXT1POST_200_6002008/processed/slice_15.mat,file_brain_AXT1POST_200_6002008,AXT1POST,15,TRAIN,Success
file_brain_AXT1POST_200_6002008/processed/slice_16.mat,file_brain_AXT1POST_200_6002008,AXT1POST,16,TRAIN,Success
file_brain_AXT1POST_200_6002033/processed/slice_1.mat,file_brain_AXT1POST_200_6002033,AXT1POST,1,TRAIN,Success
file_brain_AXT1POST_200_6002033/processed/slice_2.mat,file_brain_AXT1POST_200_6002033,AXT1POST,2,TRAIN,Success
file_brain_AXT1POST_200_6002033/processed/slice_3.mat,file_brain_AXT1POST_200_6002033,AXT1POST,3,TRAIN,Success
file_brain_AXT1POST_200_6002033/processed/slice_4.mat,file_brain_AXT1POST_200_6002033,AXT1POST,4,TRAIN,Success
file_brain_AXT1POST_200_6002033/processed/slice_5.mat,file_brain_AXT1POST_200_6002033,AXT1POST,5,TRAIN,Success
file_brain_AXT1POST_200_6002033/processed/slice_6.mat,file_brain_AXT1POST_200_6002033,AXT1POST,6,TRAIN,Success
file_brain_AXT1POST_200_6002033/processed/slice_7.mat,file_brain_AXT1POST_200_6002033,AXT1POST,7,TRAIN,Success
file_brain_AXT1POST_200_6002033/processed/slice_8.mat,file_brain_AXT1POST_200_6002033,AXT1POST,8,TRAIN,Success
file_brain_AXT1POST_200_6002033/processed/slice_9.mat,file_brain_AXT1POST_200_6002033,AXT1POST,9,TRAIN,Success
file_brain_AXT1POST_200_6002033/processed/slice_10.mat,file_brain_AXT1POST_200_6002033,AXT1POST,10,TRAIN,Success
file_brain_AXT1POST_200_6002033/processed/slice_11.mat,file_brain_AXT1POST_200_6002033,AXT1POST,11,TRAIN,Success
file_brain_AXT1POST_200_6002033/processed/slice_12.mat,file_brain_AXT1POST_200_6002033,AXT1POST,12,TRAIN,Success
file_brain_AXT1POST_200_6002033/processed/slice_13.mat,file_brain_AXT1POST_200_6002033,AXT1POST,13,TRAIN,Success
file_brain_AXT1POST_200_6002033/processed/slice_14.mat,file_brain_AXT1POST_200_6002033,AXT1POST,14,TRAIN,Success
file_brain_AXT1POST_200_6002033/processed/slice_15.mat,file_brain_AXT1POST_200_6002033,AXT1POST,15,TRAIN,Success
file_brain_AXT1POST_200_6002033/processed/slice_16.mat,file_brain_AXT1POST_200_6002033,AXT1POST,16,TRAIN,Success
file_brain_AXT1POST_200_6002077/processed/slice_1.mat,file_brain_AXT1POST_200_6002077,AXT1POST,1,TEST,Success
file_brain_AXT1POST_200_6002077/processed/slice_2.mat,file_brain_AXT1POST_200_6002077,AXT1POST,2,TEST,Success
file_brain_AXT1POST_200_6002077/processed/slice_3.mat,file_brain_AXT1POST_200_6002077,AXT1POST,3,TEST,Success
file_brain_AXT1POST_200_6002077/processed/slice_4.mat,file_brain_AXT1POST_200_6002077,AXT1POST,4,TEST,Success
file_brain_AXT1POST_200_6002077/processed/slice_5.mat,file_brain_AXT1POST_200_6002077,AXT1POST,5,TEST,Success
file_brain_AXT1POST_200_6002077/processed/slice_6.mat,file_brain_AXT1POST_200_6002077,AXT1POST,6,TEST,Success
file_brain_AXT1POST_200_6002077/processed/slice_7.mat,file_brain_AXT1POST_200_6002077,AXT1POST,7,TEST,Success
file_brain_AXT1POST_200_6002077/processed/slice_8.mat,file_brain_AXT1POST_200_6002077,AXT1POST,8,TEST,Success
file_brain_AXT1POST_200_6002077/processed/slice_9.mat,file_brain_AXT1POST_200_6002077,AXT1POST,9,TEST,Success
file_brain_AXT1POST_200_6002077/processed/slice_10.mat,file_brain_AXT1POST_200_6002077,AXT1POST,10,TEST,Success
file_brain_AXT1POST_200_6002077/processed/slice_11.mat,file_brain_AXT1POST_200_6002077,AXT1POST,11,TEST,Success
file_brain_AXT1POST_200_6002077/processed/slice_12.mat,file_brain_AXT1POST_200_6002077,AXT1POST,12,TEST,Success
file_brain_AXT1POST_200_6002077/processed/slice_13.mat,file_brain_AXT1POST_200_6002077,AXT1POST,13,TEST,Success
file_brain_AXT1POST_200_6002077/processed/slice_14.mat,file_brain_AXT1POST_200_6002077,AXT1POST,14,TEST,Success
file_brain_AXT1POST_200_6002077/processed/slice_15.mat,file_brain_AXT1POST_200_6002077,AXT1POST,15,TEST,Success
file_brain_AXT1POST_200_6002077/processed/slice_16.mat,file_brain_AXT1POST_200_6002077,AXT1POST,16,TEST,Success
file_brain_AXT1POST_200_6002122/processed/slice_1.mat,file_brain_AXT1POST_200_6002122,AXT1POST,1,TEST,Success
file_brain_AXT1POST_200_6002122/processed/slice_2.mat,file_brain_AXT1POST_200_6002122,AXT1POST,2,TEST,Success
file_brain_AXT1POST_200_6002122/processed/slice_3.mat,file_brain_AXT1POST_200_6002122,AXT1POST,3,TEST,Success
file_brain_AXT1POST_200_6002122/processed/slice_4.mat,file_brain_AXT1POST_200_6002122,AXT1POST,4,TEST,Success
file_brain_AXT1POST_200_6002122/processed/slice_5.mat,file_brain_AXT1POST_200_6002122,AXT1POST,5,TEST,Success
file_brain_AXT1POST_200_6002122/processed/slice_6.mat,file_brain_AXT1POST_200_6002122,AXT1POST,6,TEST,Success
file_brain_AXT1POST_200_6002122/processed/slice_7.mat,file_brain_AXT1POST_200_6002122,AXT1POST,7,TEST,Success
file_brain_AXT1POST_200_6002122/processed/slice_8.mat,file_brain_AXT1POST_200_6002122,AXT1POST,8,TEST,Success
file_brain_AXT1POST_200_6002122/processed/slice_9.mat,file_brain_AXT1POST_200_6002122,AXT1POST,9,TEST,Success
file_brain_AXT1POST_200_6002122/processed/slice_10.mat,file_brain_AXT1POST_200_6002122,AXT1POST,10,TEST,Success
file_brain_AXT1POST_200_6002122/processed/slice_11.mat,file_brain_AXT1POST_200_6002122,AXT1POST,11,TEST,Success
file_brain_AXT1POST_200_6002122/processed/slice_12.mat,file_brain_AXT1POST_200_6002122,AXT1POST,12,TEST,Success
file_brain_AXT1POST_200_6002122/processed/slice_13.mat,file_brain_AXT1POST_200_6002122,AXT1POST,13,TEST,Success
file_brain_AXT1POST_200_6002122/processed/slice_14.mat,file_brain_AXT1POST_200_6002122,AXT1POST,14,TEST,Success
file_brain_AXT1POST_200_6002122/processed/slice_15.mat,file_brain_AXT1POST_200_6002122,AXT1POST,15,TEST,Success
file_brain_AXT1POST_200_6002122/processed/slice_16.mat,file_brain_AXT1POST_200_6002122,AXT1POST,16,TEST,Success
file_brain_AXT1POST_200_6002140/processed/slice_1.mat,file_brain_AXT1POST_200_6002140,AXT1POST,1,VAL,Success
file_brain_AXT1POST_200_6002140/processed/slice_2.mat,file_brain_AXT1POST_200_6002140,AXT1POST,2,VAL,Success
file_brain_AXT1POST_200_6002140/processed/slice_3.mat,file_brain_AXT1POST_200_6002140,AXT1POST,3,VAL,Success
file_brain_AXT1POST_200_6002140/processed/slice_4.mat,file_brain_AXT1POST_200_6002140,AXT1POST,4,VAL,Success
file_brain_AXT1POST_200_6002140/processed/slice_5.mat,file_brain_AXT1POST_200_6002140,AXT1POST,5,VAL,Success
file_brain_AXT1POST_200_6002140/processed/slice_6.mat,file_brain_AXT1POST_200_6002140,AXT1POST,6,VAL,Success
file_brain_AXT1POST_200_6002140/processed/slice_7.mat,file_brain_AXT1POST_200_6002140,AXT1POST,7,VAL,Success
file_brain_AXT1POST_200_6002140/processed/slice_8.mat,file_brain_AXT1POST_200_6002140,AXT1POST,8,VAL,Success
file_brain_AXT1POST_200_6002140/processed/slice_9.mat,file_brain_AXT1POST_200_6002140,AXT1POST,9,VAL,Success
file_brain_AXT1POST_200_6002140/processed/slice_10.mat,file_brain_AXT1POST_200_6002140,AXT1POST,10,VAL,Success
file_brain_AXT1POST_200_6002140/processed/slice_11.mat,file_brain_AXT1POST_200_6002140,AXT1POST,11,VAL,Success
file_brain_AXT1POST_200_6002140/processed/slice_12.mat,file_brain_AXT1POST_200_6002140,AXT1POST,12,VAL,Success
file_brain_AXT1POST_200_6002140/processed/slice_13.mat,file_brain_AXT1POST_200_6002140,AXT1POST,13,VAL,Success
file_brain_AXT1POST_200_6002140/processed/slice_14.mat,file_brain_AXT1POST_200_6002140,AXT1POST,14,VAL,Success
file_brain_AXT1POST_200_6002140/processed/slice_15.mat,file_brain_AXT1POST_200_6002140,AXT1POST,15,VAL,Success
file_brain_AXT1POST_200_6002140/processed/slice_16.mat,file_brain_AXT1POST_200_6002140,AXT1POST,16,VAL,Success
file_brain_AXT1POST_200_6002229/processed/slice_1.mat,file_brain_AXT1POST_200_6002229,AXT1POST,1,TRAIN,Success
file_brain_AXT1POST_200_6002229/processed/slice_2.mat,file_brain_AXT1POST_200_6002229,AXT1POST,2,TRAIN,Success
file_brain_AXT1POST_200_6002229/processed/slice_3.mat,file_brain_AXT1POST_200_6002229,AXT1POST,3,TRAIN,Success
file_brain_AXT1POST_200_6002229/processed/slice_4.mat,file_brain_AXT1POST_200_6002229,AXT1POST,4,TRAIN,Success
file_brain_AXT1POST_200_6002229/processed/slice_5.mat,file_brain_AXT1POST_200_6002229,AXT1POST,5,TRAIN,Success
file_brain_AXT1POST_200_6002229/processed/slice_6.mat,file_brain_AXT1POST_200_6002229,AXT1POST,6,TRAIN,Success
file_brain_AXT1POST_200_6002229/processed/slice_7.mat,file_brain_AXT1POST_200_6002229,AXT1POST,7,TRAIN,Success
file_brain_AXT1POST_200_6002229/processed/slice_8.mat,file_brain_AXT1POST_200_6002229,AXT1POST,8,TRAIN,Success
file_brain_AXT1POST_200_6002229/processed/slice_9.mat,file_brain_AXT1POST_200_6002229,AXT1POST,9,TRAIN,Success
file_brain_AXT1POST_200_6002229/processed/slice_10.mat,file_brain_AXT1POST_200_6002229,AXT1POST,10,TRAIN,Success
file_brain_AXT1POST_200_6002229/processed/slice_11.mat,file_brain_AXT1POST_200_6002229,AXT1POST,11,TRAIN,Success
file_brain_AXT1POST_200_6002229/processed/slice_12.mat,file_brain_AXT1POST_200_6002229,AXT1POST,12,TRAIN,Success
file_brain_AXT1POST_200_6002229/processed/slice_13.mat,file_brain_AXT1POST_200_6002229,AXT1POST,13,TRAIN,Success
file_brain_AXT1POST_200_6002229/processed/slice_14.mat,file_brain_AXT1POST_200_6002229,AXT1POST,14,TRAIN,Success
file_brain_AXT1POST_200_6002229/processed/slice_15.mat,file_brain_AXT1POST_200_6002229,AXT1POST,15,TRAIN,Success
file_brain_AXT1POST_200_6002229/processed/slice_16.mat,file_brain_AXT1POST_200_6002229,AXT1POST,16,TRAIN,Success
file_brain_AXT1POST_200_6002305/processed/slice_1.mat,file_brain_AXT1POST_200_6002305,AXT1POST,1,TRAIN,Success
file_brain_AXT1POST_200_6002305/processed/slice_2.mat,file_brain_AXT1POST_200_6002305,AXT1POST,2,TRAIN,Success
file_brain_AXT1POST_200_6002305/processed/slice_3.mat,file_brain_AXT1POST_200_6002305,AXT1POST,3,TRAIN,Success
file_brain_AXT1POST_200_6002305/processed/slice_4.mat,file_brain_AXT1POST_200_6002305,AXT1POST,4,TRAIN,Success
file_brain_AXT1POST_200_6002305/processed/slice_5.mat,file_brain_AXT1POST_200_6002305,AXT1POST,5,TRAIN,Success
file_brain_AXT1POST_200_6002305/processed/slice_6.mat,file_brain_AXT1POST_200_6002305,AXT1POST,6,TRAIN,Success
file_brain_AXT1POST_200_6002305/processed/slice_7.mat,file_brain_AXT1POST_200_6002305,AXT1POST,7,TRAIN,Success
file_brain_AXT1POST_200_6002305/processed/slice_8.mat,file_brain_AXT1POST_200_6002305,AXT1POST,8,TRAIN,Success
file_brain_AXT1POST_200_6002305/processed/slice_9.mat,file_brain_AXT1POST_200_6002305,AXT1POST,9,TRAIN,Success
file_brain_AXT1POST_200_6002305/processed/slice_10.mat,file_brain_AXT1POST_200_6002305,AXT1POST,10,TRAIN,Success
file_brain_AXT1POST_200_6002305/processed/slice_11.mat,file_brain_AXT1POST_200_6002305,AXT1POST,11,TRAIN,Success
file_brain_AXT1POST_200_6002305/processed/slice_12.mat,file_brain_AXT1POST_200_6002305,AXT1POST,12,TRAIN,Success
file_brain_AXT1POST_200_6002305/processed/slice_13.mat,file_brain_AXT1POST_200_6002305,AXT1POST,13,TRAIN,Success
file_brain_AXT1POST_200_6002305/processed/slice_14.mat,file_brain_AXT1POST_200_6002305,AXT1POST,14,TRAIN,Success
file_brain_AXT1POST_200_6002305/processed/slice_15.mat,file_brain_AXT1POST_200_6002305,AXT1POST,15,TRAIN,Success
file_brain_AXT1POST_200_6002305/processed/slice_16.mat,file_brain_AXT1POST_200_6002305,AXT1POST,16,TRAIN,Success
file_brain_AXT1POST_200_6002340/processed/slice_1.mat,file_brain_AXT1POST_200_6002340,AXT1POST,1,TRAIN,Success
file_brain_AXT1POST_200_6002340/processed/slice_2.mat,file_brain_AXT1POST_200_6002340,AXT1POST,2,TRAIN,Success
file_brain_AXT1POST_200_6002340/processed/slice_3.mat,file_brain_AXT1POST_200_6002340,AXT1POST,3,TRAIN,Success
file_brain_AXT1POST_200_6002340/processed/slice_4.mat,file_brain_AXT1POST_200_6002340,AXT1POST,4,TRAIN,Success
file_brain_AXT1POST_200_6002340/processed/slice_5.mat,file_brain_AXT1POST_200_6002340,AXT1POST,5,TRAIN,Success
file_brain_AXT1POST_200_6002340/processed/slice_6.mat,file_brain_AXT1POST_200_6002340,AXT1POST,6,TRAIN,Success
file_brain_AXT1POST_200_6002340/processed/slice_7.mat,file_brain_AXT1POST_200_6002340,AXT1POST,7,TRAIN,Success
file_brain_AXT1POST_200_6002340/processed/slice_8.mat,file_brain_AXT1POST_200_6002340,AXT1POST,8,TRAIN,Success
file_brain_AXT1POST_200_6002340/processed/slice_9.mat,file_brain_AXT1POST_200_6002340,AXT1POST,9,TRAIN,Success
file_brain_AXT1POST_200_6002340/processed/slice_10.mat,file_brain_AXT1POST_200_6002340,AXT1POST,10,TRAIN,Success
file_brain_AXT1POST_200_6002340/processed/slice_11.mat,file_brain_AXT1POST_200_6002340,AXT1POST,11,TRAIN,Success
file_brain_AXT1POST_200_6002340/processed/slice_12.mat,file_brain_AXT1POST_200_6002340,AXT1POST,12,TRAIN,Success
file_brain_AXT1POST_200_6002340/processed/slice_13.mat,file_brain_AXT1POST_200_6002340,AXT1POST,13,TRAIN,Success
file_brain_AXT1POST_200_6002340/processed/slice_14.mat,file_brain_AXT1POST_200_6002340,AXT1POST,14,TRAIN,Success
file_brain_AXT1POST_200_6002340/processed/slice_15.mat,file_brain_AXT1POST_200_6002340,AXT1POST,15,TRAIN,Success
file_brain_AXT1POST_200_6002340/processed/slice_16.mat,file_brain_AXT1POST_200_6002340,AXT1POST,16,TRAIN,Success
file_brain_AXT1POST_200_6002392/processed/slice_1.mat,file_brain_AXT1POST_200_6002392,AXT1POST,1,TRAIN,Success
file_brain_AXT1POST_200_6002392/processed/slice_2.mat,file_brain_AXT1POST_200_6002392,AXT1POST,2,TRAIN,Success
file_brain_AXT1POST_200_6002392/processed/slice_3.mat,file_brain_AXT1POST_200_6002392,AXT1POST,3,TRAIN,Success
file_brain_AXT1POST_200_6002392/processed/slice_4.mat,file_brain_AXT1POST_200_6002392,AXT1POST,4,TRAIN,Success
file_brain_AXT1POST_200_6002392/processed/slice_5.mat,file_brain_AXT1POST_200_6002392,AXT1POST,5,TRAIN,Success
file_brain_AXT1POST_200_6002392/processed/slice_6.mat,file_brain_AXT1POST_200_6002392,AXT1POST,6,TRAIN,Success
file_brain_AXT1POST_200_6002392/processed/slice_7.mat,file_brain_AXT1POST_200_6002392,AXT1POST,7,TRAIN,Success
file_brain_AXT1POST_200_6002392/processed/slice_8.mat,file_brain_AXT1POST_200_6002392,AXT1POST,8,TRAIN,Success
file_brain_AXT1POST_200_6002392/processed/slice_9.mat,file_brain_AXT1POST_200_6002392,AXT1POST,9,TRAIN,Success
file_brain_AXT1POST_200_6002392/processed/slice_10.mat,file_brain_AXT1POST_200_6002392,AXT1POST,10,TRAIN,Success
file_brain_AXT1POST_200_6002392/processed/slice_11.mat,file_brain_AXT1POST_200_6002392,AXT1POST,11,TRAIN,Success
file_brain_AXT1POST_200_6002392/processed/slice_12.mat,file_brain_AXT1POST_200_6002392,AXT1POST,12,TRAIN,Success
file_brain_AXT1POST_200_6002392/processed/slice_13.mat,file_brain_AXT1POST_200_6002392,AXT1POST,13,TRAIN,Success
file_brain_AXT1POST_200_6002392/processed/slice_14.mat,file_brain_AXT1POST_200_6002392,AXT1POST,14,TRAIN,Success
file_brain_AXT1POST_200_6002392/processed/slice_15.mat,file_brain_AXT1POST_200_6002392,AXT1POST,15,TRAIN,Success
file_brain_AXT1POST_200_6002392/processed/slice_16.mat,file_brain_AXT1POST_200_6002392,AXT1POST,16,TRAIN,Success
file_brain_AXT1POST_201_6002668/processed/slice_1.mat,file_brain_AXT1POST_201_6002668,AXT1POST,1,TRAIN,Success
file_brain_AXT1POST_201_6002668/processed/slice_2.mat,file_brain_AXT1POST_201_6002668,AXT1POST,2,TRAIN,Success
file_brain_AXT1POST_201_6002668/processed/slice_3.mat,file_brain_AXT1POST_201_6002668,AXT1POST,3,TRAIN,Success
file_brain_AXT1POST_201_6002668/processed/slice_4.mat,file_brain_AXT1POST_201_6002668,AXT1POST,4,TRAIN,Success
file_brain_AXT1POST_201_6002668/processed/slice_5.mat,file_brain_AXT1POST_201_6002668,AXT1POST,5,TRAIN,Success
file_brain_AXT1POST_201_6002668/processed/slice_6.mat,file_brain_AXT1POST_201_6002668,AXT1POST,6,TRAIN,Success
file_brain_AXT1POST_201_6002668/processed/slice_7.mat,file_brain_AXT1POST_201_6002668,AXT1POST,7,TRAIN,Success
file_brain_AXT1POST_201_6002668/processed/slice_8.mat,file_brain_AXT1POST_201_6002668,AXT1POST,8,TRAIN,Success
file_brain_AXT1POST_201_6002668/processed/slice_9.mat,file_brain_AXT1POST_201_6002668,AXT1POST,9,TRAIN,Success
file_brain_AXT1POST_201_6002668/processed/slice_10.mat,file_brain_AXT1POST_201_6002668,AXT1POST,10,TRAIN,Success
file_brain_AXT1POST_201_6002668/processed/slice_11.mat,file_brain_AXT1POST_201_6002668,AXT1POST,11,TRAIN,Success
file_brain_AXT1POST_201_6002668/processed/slice_12.mat,file_brain_AXT1POST_201_6002668,AXT1POST,12,TRAIN,Success
file_brain_AXT1POST_201_6002668/processed/slice_13.mat,file_brain_AXT1POST_201_6002668,AXT1POST,13,TRAIN,Success
file_brain_AXT1POST_201_6002668/processed/slice_14.mat,file_brain_AXT1POST_201_6002668,AXT1POST,14,TRAIN,Success
file_brain_AXT1POST_201_6002668/processed/slice_15.mat,file_brain_AXT1POST_201_6002668,AXT1POST,15,TRAIN,Success
file_brain_AXT1POST_201_6002668/processed/slice_16.mat,file_brain_AXT1POST_201_6002668,AXT1POST,16,TRAIN,Success
file_brain_AXT1POST_201_6002673/processed/slice_1.mat,file_brain_AXT1POST_201_6002673,AXT1POST,1,TRAIN,Success
file_brain_AXT1POST_201_6002673/processed/slice_2.mat,file_brain_AXT1POST_201_6002673,AXT1POST,2,TRAIN,Success
file_brain_AXT1POST_201_6002673/processed/slice_3.mat,file_brain_AXT1POST_201_6002673,AXT1POST,3,TRAIN,Success
file_brain_AXT1POST_201_6002673/processed/slice_4.mat,file_brain_AXT1POST_201_6002673,AXT1POST,4,TRAIN,Success
file_brain_AXT1POST_201_6002673/processed/slice_5.mat,file_brain_AXT1POST_201_6002673,AXT1POST,5,TRAIN,Success
file_brain_AXT1POST_201_6002673/processed/slice_6.mat,file_brain_AXT1POST_201_6002673,AXT1POST,6,TRAIN,Success
file_brain_AXT1POST_201_6002673/processed/slice_7.mat,file_brain_AXT1POST_201_6002673,AXT1POST,7,TRAIN,Success
file_brain_AXT1POST_201_6002673/processed/slice_8.mat,file_brain_AXT1POST_201_6002673,AXT1POST,8,TRAIN,Success
file_brain_AXT1POST_201_6002673/processed/slice_9.mat,file_brain_AXT1POST_201_6002673,AXT1POST,9,TRAIN,Success
file_brain_AXT1POST_201_6002673/processed/slice_10.mat,file_brain_AXT1POST_201_6002673,AXT1POST,10,TRAIN,Success
file_brain_AXT1POST_201_6002673/processed/slice_11.mat,file_brain_AXT1POST_201_6002673,AXT1POST,11,TRAIN,Success
file_brain_AXT1POST_201_6002673/processed/slice_12.mat,file_brain_AXT1POST_201_6002673,AXT1POST,12,TRAIN,Success
file_brain_AXT1POST_201_6002673/processed/slice_13.mat,file_brain_AXT1POST_201_6002673,AXT1POST,13,TRAIN,Success
file_brain_AXT1POST_201_6002673/processed/slice_14.mat,file_brain_AXT1POST_201_6002673,AXT1POST,14,TRAIN,Success
file_brain_AXT1POST_201_6002673/processed/slice_15.mat,file_brain_AXT1POST_201_6002673,AXT1POST,15,TRAIN,Success
file_brain_AXT1POST_201_6002673/processed/slice_16.mat,file_brain_AXT1POST_201_6002673,AXT1POST,16,TRAIN,Success
file_brain_AXT1POST_201_6002683/processed/slice_1.mat,file_brain_AXT1POST_201_6002683,AXT1POST,1,TRAIN,Success
file_brain_AXT1POST_201_6002683/processed/slice_2.mat,file_brain_AXT1POST_201_6002683,AXT1POST,2,TRAIN,Success
file_brain_AXT1POST_201_6002683/processed/slice_3.mat,file_brain_AXT1POST_201_6002683,AXT1POST,3,TRAIN,Success
file_brain_AXT1POST_201_6002683/processed/slice_4.mat,file_brain_AXT1POST_201_6002683,AXT1POST,4,TRAIN,Success
file_brain_AXT1POST_201_6002683/processed/slice_5.mat,file_brain_AXT1POST_201_6002683,AXT1POST,5,TRAIN,Success
file_brain_AXT1POST_201_6002683/processed/slice_6.mat,file_brain_AXT1POST_201_6002683,AXT1POST,6,TRAIN,Success
file_brain_AXT1POST_201_6002683/processed/slice_7.mat,file_brain_AXT1POST_201_6002683,AXT1POST,7,TRAIN,Success
file_brain_AXT1POST_201_6002683/processed/slice_8.mat,file_brain_AXT1POST_201_6002683,AXT1POST,8,TRAIN,Success
file_brain_AXT1POST_201_6002683/processed/slice_9.mat,file_brain_AXT1POST_201_6002683,AXT1POST,9,TRAIN,Success
file_brain_AXT1POST_201_6002683/processed/slice_10.mat,file_brain_AXT1POST_201_6002683,AXT1POST,10,TRAIN,Success
file_brain_AXT1POST_201_6002683/processed/slice_11.mat,file_brain_AXT1POST_201_6002683,AXT1POST,11,TRAIN,Success
file_brain_AXT1POST_201_6002683/processed/slice_12.mat,file_brain_AXT1POST_201_6002683,AXT1POST,12,TRAIN,Success
file_brain_AXT1POST_201_6002683/processed/slice_13.mat,file_brain_AXT1POST_201_6002683,AXT1POST,13,TRAIN,Success
file_brain_AXT1POST_201_6002683/processed/slice_14.mat,file_brain_AXT1POST_201_6002683,AXT1POST,14,TRAIN,Success
file_brain_AXT1POST_201_6002683/processed/slice_15.mat,file_brain_AXT1POST_201_6002683,AXT1POST,15,TRAIN,Success
file_brain_AXT1POST_201_6002683/processed/slice_16.mat,file_brain_AXT1POST_201_6002683,AXT1POST,16,TRAIN,Success
file_brain_AXT1POST_201_6002696/processed/slice_1.mat,file_brain_AXT1POST_201_6002696,AXT1POST,1,TEST,Success
file_brain_AXT1POST_201_6002696/processed/slice_2.mat,file_brain_AXT1POST_201_6002696,AXT1POST,2,TEST,Success
file_brain_AXT1POST_201_6002696/processed/slice_3.mat,file_brain_AXT1POST_201_6002696,AXT1POST,3,TEST,Success
file_brain_AXT1POST_201_6002696/processed/slice_4.mat,file_brain_AXT1POST_201_6002696,AXT1POST,4,TEST,Success
file_brain_AXT1POST_201_6002696/processed/slice_5.mat,file_brain_AXT1POST_201_6002696,AXT1POST,5,TEST,Success
file_brain_AXT1POST_201_6002696/processed/slice_6.mat,file_brain_AXT1POST_201_6002696,AXT1POST,6,TEST,Success
file_brain_AXT1POST_201_6002696/processed/slice_7.mat,file_brain_AXT1POST_201_6002696,AXT1POST,7,TEST,Success
file_brain_AXT1POST_201_6002696/processed/slice_8.mat,file_brain_AXT1POST_201_6002696,AXT1POST,8,TEST,Success
file_brain_AXT1POST_201_6002696/processed/slice_9.mat,file_brain_AXT1POST_201_6002696,AXT1POST,9,TEST,Success
file_brain_AXT1POST_201_6002696/processed/slice_10.mat,file_brain_AXT1POST_201_6002696,AXT1POST,10,TEST,Success
file_brain_AXT1POST_201_6002696/processed/slice_11.mat,file_brain_AXT1POST_201_6002696,AXT1POST,11,TEST,Success
file_brain_AXT1POST_201_6002696/processed/slice_12.mat,file_brain_AXT1POST_201_6002696,AXT1POST,12,TEST,Success
file_brain_AXT1POST_201_6002696/processed/slice_13.mat,file_brain_AXT1POST_201_6002696,AXT1POST,13,TEST,Success
file_brain_AXT1POST_201_6002696/processed/slice_14.mat,file_brain_AXT1POST_201_6002696,AXT1POST,14,TEST,Success
file_brain_AXT1POST_201_6002703/processed/slice_1.mat,file_brain_AXT1POST_201_6002703,AXT1POST,1,TRAIN,Success
file_brain_AXT1POST_201_6002703/processed/slice_2.mat,file_brain_AXT1POST_201_6002703,AXT1POST,2,TRAIN,Success
file_brain_AXT1POST_201_6002703/processed/slice_3.mat,file_brain_AXT1POST_201_6002703,AXT1POST,3,TRAIN,Success
file_brain_AXT1POST_201_6002703/processed/slice_4.mat,file_brain_AXT1POST_201_6002703,AXT1POST,4,TRAIN,Success
file_brain_AXT1POST_201_6002703/processed/slice_5.mat,file_brain_AXT1POST_201_6002703,AXT1POST,5,TRAIN,Success
file_brain_AXT1POST_201_6002703/processed/slice_6.mat,file_brain_AXT1POST_201_6002703,AXT1POST,6,TRAIN,Success
file_brain_AXT1POST_201_6002703/processed/slice_7.mat,file_brain_AXT1POST_201_6002703,AXT1POST,7,TRAIN,Success
file_brain_AXT1POST_201_6002703/processed/slice_8.mat,file_brain_AXT1POST_201_6002703,AXT1POST,8,TRAIN,Success
file_brain_AXT1POST_201_6002703/processed/slice_9.mat,file_brain_AXT1POST_201_6002703,AXT1POST,9,TRAIN,Success
file_brain_AXT1POST_201_6002703/processed/slice_10.mat,file_brain_AXT1POST_201_6002703,AXT1POST,10,TRAIN,Success
file_brain_AXT1POST_201_6002703/processed/slice_11.mat,file_brain_AXT1POST_201_6002703,AXT1POST,11,TRAIN,Success
file_brain_AXT1POST_201_6002703/processed/slice_12.mat,file_brain_AXT1POST_201_6002703,AXT1POST,12,TRAIN,Success
file_brain_AXT1POST_201_6002703/processed/slice_13.mat,file_brain_AXT1POST_201_6002703,AXT1POST,13,TRAIN,Success
file_brain_AXT1POST_201_6002703/processed/slice_14.mat,file_brain_AXT1POST_201_6002703,AXT1POST,14,TRAIN,Success
file_brain_AXT1POST_201_6002703/processed/slice_15.mat,file_brain_AXT1POST_201_6002703,AXT1POST,15,TRAIN,Success
file_brain_AXT1POST_201_6002703/processed/slice_16.mat,file_brain_AXT1POST_201_6002703,AXT1POST,16,TRAIN,Success
file_brain_AXT1POST_201_6002720/processed/slice_1.mat,file_brain_AXT1POST_201_6002720,AXT1POST,1,TRAIN,Success
file_brain_AXT1POST_201_6002720/processed/slice_2.mat,file_brain_AXT1POST_201_6002720,AXT1POST,2,TRAIN,Success
file_brain_AXT1POST_201_6002720/processed/slice_3.mat,file_brain_AXT1POST_201_6002720,AXT1POST,3,TRAIN,Success
file_brain_AXT1POST_201_6002720/processed/slice_4.mat,file_brain_AXT1POST_201_6002720,AXT1POST,4,TRAIN,Success
file_brain_AXT1POST_201_6002720/processed/slice_5.mat,file_brain_AXT1POST_201_6002720,AXT1POST,5,TRAIN,Success
file_brain_AXT1POST_201_6002720/processed/slice_6.mat,file_brain_AXT1POST_201_6002720,AXT1POST,6,TRAIN,Success
file_brain_AXT1POST_201_6002720/processed/slice_7.mat,file_brain_AXT1POST_201_6002720,AXT1POST,7,TRAIN,Success
file_brain_AXT1POST_201_6002720/processed/slice_8.mat,file_brain_AXT1POST_201_6002720,AXT1POST,8,TRAIN,Success
file_brain_AXT1POST_201_6002720/processed/slice_9.mat,file_brain_AXT1POST_201_6002720,AXT1POST,9,TRAIN,Success
file_brain_AXT1POST_201_6002720/processed/slice_10.mat,file_brain_AXT1POST_201_6002720,AXT1POST,10,TRAIN,Success
file_brain_AXT1POST_201_6002720/processed/slice_11.mat,file_brain_AXT1POST_201_6002720,AXT1POST,11,TRAIN,Success
file_brain_AXT1POST_201_6002720/processed/slice_12.mat,file_brain_AXT1POST_201_6002720,AXT1POST,12,TRAIN,Success
file_brain_AXT1POST_201_6002720/processed/slice_13.mat,file_brain_AXT1POST_201_6002720,AXT1POST,13,TRAIN,Success
file_brain_AXT1POST_201_6002720/processed/slice_14.mat,file_brain_AXT1POST_201_6002720,AXT1POST,14,TRAIN,Success
file_brain_AXT1POST_201_6002720/processed/slice_15.mat,file_brain_AXT1POST_201_6002720,AXT1POST,15,TRAIN,Success
file_brain_AXT1POST_201_6002720/processed/slice_16.mat,file_brain_AXT1POST_201_6002720,AXT1POST,16,TRAIN,Success
file_brain_AXT1POST_201_6002724/processed/slice_1.mat,file_brain_AXT1POST_201_6002724,AXT1POST,1,TRAIN,Success
file_brain_AXT1POST_201_6002724/processed/slice_2.mat,file_brain_AXT1POST_201_6002724,AXT1POST,2,TRAIN,Success
file_brain_AXT1POST_201_6002724/processed/slice_3.mat,file_brain_AXT1POST_201_6002724,AXT1POST,3,TRAIN,Success
file_brain_AXT1POST_201_6002724/processed/slice_4.mat,file_brain_AXT1POST_201_6002724,AXT1POST,4,TRAIN,Success
file_brain_AXT1POST_201_6002724/processed/slice_5.mat,file_brain_AXT1POST_201_6002724,AXT1POST,5,TRAIN,Success
file_brain_AXT1POST_201_6002724/processed/slice_6.mat,file_brain_AXT1POST_201_6002724,AXT1POST,6,TRAIN,Success
file_brain_AXT1POST_201_6002724/processed/slice_7.mat,file_brain_AXT1POST_201_6002724,AXT1POST,7,TRAIN,Success
file_brain_AXT1POST_201_6002724/processed/slice_8.mat,file_brain_AXT1POST_201_6002724,AXT1POST,8,TRAIN,Success
file_brain_AXT1POST_201_6002724/processed/slice_9.mat,file_brain_AXT1POST_201_6002724,AXT1POST,9,TRAIN,Success
file_brain_AXT1POST_201_6002724/processed/slice_10.mat,file_brain_AXT1POST_201_6002724,AXT1POST,10,TRAIN,Success
file_brain_AXT1POST_201_6002724/processed/slice_11.mat,file_brain_AXT1POST_201_6002724,AXT1POST,11,TRAIN,Success
file_brain_AXT1POST_201_6002724/processed/slice_12.mat,file_brain_AXT1POST_201_6002724,AXT1POST,12,TRAIN,Success
file_brain_AXT1POST_201_6002724/processed/slice_13.mat,file_brain_AXT1POST_201_6002724,AXT1POST,13,TRAIN,Success
file_brain_AXT1POST_201_6002724/processed/slice_14.mat,file_brain_AXT1POST_201_6002724,AXT1POST,14,TRAIN,Success
file_brain_AXT1POST_201_6002724/processed/slice_15.mat,file_brain_AXT1POST_201_6002724,AXT1POST,15,TRAIN,Success
file_brain_AXT1POST_201_6002724/processed/slice_16.mat,file_brain_AXT1POST_201_6002724,AXT1POST,16,TRAIN,Success
file_brain_AXT1POST_201_6002737/processed/slice_1.mat,file_brain_AXT1POST_201_6002737,AXT1POST,1,TRAIN,Success
file_brain_AXT1POST_201_6002737/processed/slice_2.mat,file_brain_AXT1POST_201_6002737,AXT1POST,2,TRAIN,Success
file_brain_AXT1POST_201_6002737/processed/slice_3.mat,file_brain_AXT1POST_201_6002737,AXT1POST,3,TRAIN,Success
file_brain_AXT1POST_201_6002737/processed/slice_4.mat,file_brain_AXT1POST_201_6002737,AXT1POST,4,TRAIN,Success
file_brain_AXT1POST_201_6002737/processed/slice_5.mat,file_brain_AXT1POST_201_6002737,AXT1POST,5,TRAIN,Success
file_brain_AXT1POST_201_6002737/processed/slice_6.mat,file_brain_AXT1POST_201_6002737,AXT1POST,6,TRAIN,Success
file_brain_AXT1POST_201_6002737/processed/slice_7.mat,file_brain_AXT1POST_201_6002737,AXT1POST,7,TRAIN,Success
file_brain_AXT1POST_201_6002737/processed/slice_8.mat,file_brain_AXT1POST_201_6002737,AXT1POST,8,TRAIN,Success
file_brain_AXT1POST_201_6002737/processed/slice_9.mat,file_brain_AXT1POST_201_6002737,AXT1POST,9,TRAIN,Success
file_brain_AXT1POST_201_6002737/processed/slice_10.mat,file_brain_AXT1POST_201_6002737,AXT1POST,10,TRAIN,Success
file_brain_AXT1POST_201_6002737/processed/slice_11.mat,file_brain_AXT1POST_201_6002737,AXT1POST,11,TRAIN,Success
file_brain_AXT1POST_201_6002737/processed/slice_12.mat,file_brain_AXT1POST_201_6002737,AXT1POST,12,TRAIN,Success
file_brain_AXT1POST_201_6002737/processed/slice_13.mat,file_brain_AXT1POST_201_6002737,AXT1POST,13,TRAIN,Success
file_brain_AXT1POST_201_6002737/processed/slice_14.mat,file_brain_AXT1POST_201_6002737,AXT1POST,14,TRAIN,Success
file_brain_AXT1POST_201_6002737/processed/slice_15.mat,file_brain_AXT1POST_201_6002737,AXT1POST,15,TRAIN,Success
file_brain_AXT1POST_201_6002737/processed/slice_16.mat,file_brain_AXT1POST_201_6002737,AXT1POST,16,TRAIN,Success
file_brain_AXT1POST_201_6002750/processed/slice_1.mat,file_brain_AXT1POST_201_6002750,AXT1POST,1,TRAIN,Success
file_brain_AXT1POST_201_6002750/processed/slice_2.mat,file_brain_AXT1POST_201_6002750,AXT1POST,2,TRAIN,Success
file_brain_AXT1POST_201_6002750/processed/slice_3.mat,file_brain_AXT1POST_201_6002750,AXT1POST,3,TRAIN,Success
file_brain_AXT1POST_201_6002750/processed/slice_4.mat,file_brain_AXT1POST_201_6002750,AXT1POST,4,TRAIN,Success
file_brain_AXT1POST_201_6002750/processed/slice_5.mat,file_brain_AXT1POST_201_6002750,AXT1POST,5,TRAIN,Success
file_brain_AXT1POST_201_6002750/processed/slice_6.mat,file_brain_AXT1POST_201_6002750,AXT1POST,6,TRAIN,Success
file_brain_AXT1POST_201_6002750/processed/slice_7.mat,file_brain_AXT1POST_201_6002750,AXT1POST,7,TRAIN,Success
file_brain_AXT1POST_201_6002750/processed/slice_8.mat,file_brain_AXT1POST_201_6002750,AXT1POST,8,TRAIN,Success
file_brain_AXT1POST_201_6002750/processed/slice_9.mat,file_brain_AXT1POST_201_6002750,AXT1POST,9,TRAIN,Success
file_brain_AXT1POST_201_6002750/processed/slice_10.mat,file_brain_AXT1POST_201_6002750,AXT1POST,10,TRAIN,Success
file_brain_AXT1POST_201_6002750/processed/slice_11.mat,file_brain_AXT1POST_201_6002750,AXT1POST,11,TRAIN,Success
file_brain_AXT1POST_201_6002750/processed/slice_12.mat,file_brain_AXT1POST_201_6002750,AXT1POST,12,TRAIN,Success
file_brain_AXT1POST_201_6002750/processed/slice_13.mat,file_brain_AXT1POST_201_6002750,AXT1POST,13,TRAIN,Success
file_brain_AXT1POST_201_6002750/processed/slice_14.mat,file_brain_AXT1POST_201_6002750,AXT1POST,14,TRAIN,Success
file_brain_AXT1POST_201_6002750/processed/slice_15.mat,file_brain_AXT1POST_201_6002750,AXT1POST,15,TRAIN,Success
file_brain_AXT1POST_201_6002750/processed/slice_16.mat,file_brain_AXT1POST_201_6002750,AXT1POST,16,TRAIN,Success
file_brain_AXT1POST_201_6002774/processed/slice_1.mat,file_brain_AXT1POST_201_6002774,AXT1POST,1,TRAIN,Success
file_brain_AXT1POST_201_6002774/processed/slice_2.mat,file_brain_AXT1POST_201_6002774,AXT1POST,2,TRAIN,Success
file_brain_AXT1POST_201_6002774/processed/slice_3.mat,file_brain_AXT1POST_201_6002774,AXT1POST,3,TRAIN,Success
file_brain_AXT1POST_201_6002774/processed/slice_4.mat,file_brain_AXT1POST_201_6002774,AXT1POST,4,TRAIN,Success
file_brain_AXT1POST_201_6002774/processed/slice_5.mat,file_brain_AXT1POST_201_6002774,AXT1POST,5,TRAIN,Success
file_brain_AXT1POST_201_6002774/processed/slice_6.mat,file_brain_AXT1POST_201_6002774,AXT1POST,6,TRAIN,Success
file_brain_AXT1POST_201_6002774/processed/slice_7.mat,file_brain_AXT1POST_201_6002774,AXT1POST,7,TRAIN,Success
file_brain_AXT1POST_201_6002774/processed/slice_8.mat,file_brain_AXT1POST_201_6002774,AXT1POST,8,TRAIN,Success
file_brain_AXT1POST_201_6002774/processed/slice_9.mat,file_brain_AXT1POST_201_6002774,AXT1POST,9,TRAIN,Success
file_brain_AXT1POST_201_6002774/processed/slice_10.mat,file_brain_AXT1POST_201_6002774,AXT1POST,10,TRAIN,Success
file_brain_AXT1POST_201_6002774/processed/slice_11.mat,file_brain_AXT1POST_201_6002774,AXT1POST,11,TRAIN,Success
file_brain_AXT1POST_201_6002774/processed/slice_12.mat,file_brain_AXT1POST_201_6002774,AXT1POST,12,TRAIN,Success
file_brain_AXT1POST_201_6002774/processed/slice_13.mat,file_brain_AXT1POST_201_6002774,AXT1POST,13,TRAIN,Success
file_brain_AXT1POST_201_6002774/processed/slice_14.mat,file_brain_AXT1POST_201_6002774,AXT1POST,14,TRAIN,Success
file_brain_AXT1POST_201_6002774/processed/slice_15.mat,file_brain_AXT1POST_201_6002774,AXT1POST,15,TRAIN,Success
file_brain_AXT1POST_201_6002774/processed/slice_16.mat,file_brain_AXT1POST_201_6002774,AXT1POST,16,TRAIN,Success
file_brain_AXT1POST_201_6002817/processed/slice_1.mat,file_brain_AXT1POST_201_6002817,AXT1POST,1,TEST,Success
file_brain_AXT1POST_201_6002817/processed/slice_2.mat,file_brain_AXT1POST_201_6002817,AXT1POST,2,TEST,Success
file_brain_AXT1POST_201_6002817/processed/slice_3.mat,file_brain_AXT1POST_201_6002817,AXT1POST,3,TEST,Success
file_brain_AXT1POST_201_6002817/processed/slice_4.mat,file_brain_AXT1POST_201_6002817,AXT1POST,4,TEST,Success
file_brain_AXT1POST_201_6002817/processed/slice_5.mat,file_brain_AXT1POST_201_6002817,AXT1POST,5,TEST,Success
file_brain_AXT1POST_201_6002817/processed/slice_6.mat,file_brain_AXT1POST_201_6002817,AXT1POST,6,TEST,Success
file_brain_AXT1POST_201_6002817/processed/slice_7.mat,file_brain_AXT1POST_201_6002817,AXT1POST,7,TEST,Success
file_brain_AXT1POST_201_6002817/processed/slice_8.mat,file_brain_AXT1POST_201_6002817,AXT1POST,8,TEST,Success
file_brain_AXT1POST_201_6002817/processed/slice_9.mat,file_brain_AXT1POST_201_6002817,AXT1POST,9,TEST,Success
file_brain_AXT1POST_201_6002817/processed/slice_10.mat,file_brain_AXT1POST_201_6002817,AXT1POST,10,TEST,Success
file_brain_AXT1POST_201_6002817/processed/slice_11.mat,file_brain_AXT1POST_201_6002817,AXT1POST,11,TEST,Success
file_brain_AXT1POST_201_6002817/processed/slice_12.mat,file_brain_AXT1POST_201_6002817,AXT1POST,12,TEST,Success
file_brain_AXT1POST_201_6002817/processed/slice_13.mat,file_brain_AXT1POST_201_6002817,AXT1POST,13,TEST,Success
file_brain_AXT1POST_201_6002817/processed/slice_14.mat,file_brain_AXT1POST_201_6002817,AXT1POST,14,TEST,Success
file_brain_AXT1POST_201_6002817/processed/slice_15.mat,file_brain_AXT1POST_201_6002817,AXT1POST,15,TEST,Success
file_brain_AXT1POST_201_6002817/processed/slice_16.mat,file_brain_AXT1POST_201_6002817,AXT1POST,16,TEST,Success
file_brain_AXT1POST_201_6002862/processed/slice_1.mat,file_brain_AXT1POST_201_6002862,AXT1POST,1,VAL,Success
file_brain_AXT1POST_201_6002862/processed/slice_2.mat,file_brain_AXT1POST_201_6002862,AXT1POST,2,VAL,Success
file_brain_AXT1POST_201_6002862/processed/slice_3.mat,file_brain_AXT1POST_201_6002862,AXT1POST,3,VAL,Success
file_brain_AXT1POST_201_6002862/processed/slice_4.mat,file_brain_AXT1POST_201_6002862,AXT1POST,4,VAL,Success
file_brain_AXT1POST_201_6002862/processed/slice_5.mat,file_brain_AXT1POST_201_6002862,AXT1POST,5,VAL,Success
file_brain_AXT1POST_201_6002862/processed/slice_6.mat,file_brain_AXT1POST_201_6002862,AXT1POST,6,VAL,Success
file_brain_AXT1POST_201_6002862/processed/slice_7.mat,file_brain_AXT1POST_201_6002862,AXT1POST,7,VAL,Success
file_brain_AXT1POST_201_6002862/processed/slice_8.mat,file_brain_AXT1POST_201_6002862,AXT1POST,8,VAL,Success
file_brain_AXT1POST_201_6002862/processed/slice_9.mat,file_brain_AXT1POST_201_6002862,AXT1POST,9,VAL,Success
file_brain_AXT1POST_201_6002862/processed/slice_10.mat,file_brain_AXT1POST_201_6002862,AXT1POST,10,VAL,Success
file_brain_AXT1POST_201_6002862/processed/slice_11.mat,file_brain_AXT1POST_201_6002862,AXT1POST,11,VAL,Success
file_brain_AXT1POST_201_6002862/processed/slice_12.mat,file_brain_AXT1POST_201_6002862,AXT1POST,12,VAL,Success
file_brain_AXT1POST_201_6002862/processed/slice_13.mat,file_brain_AXT1POST_201_6002862,AXT1POST,13,VAL,Success
file_brain_AXT1POST_201_6002862/processed/slice_14.mat,file_brain_AXT1POST_201_6002862,AXT1POST,14,VAL,Success
file_brain_AXT1POST_201_6002862/processed/slice_15.mat,file_brain_AXT1POST_201_6002862,AXT1POST,15,VAL,Success
file_brain_AXT1POST_201_6002862/processed/slice_16.mat,file_brain_AXT1POST_201_6002862,AXT1POST,16,VAL,Success
file_brain_AXT1POST_202_6000269/processed/slice_1.mat,file_brain_AXT1POST_202_6000269,AXT1POST,1,TEST,Success
file_brain_AXT1POST_202_6000269/processed/slice_2.mat,file_brain_AXT1POST_202_6000269,AXT1POST,2,TEST,Success
file_brain_AXT1POST_202_6000269/processed/slice_3.mat,file_brain_AXT1POST_202_6000269,AXT1POST,3,TEST,Success
file_brain_AXT1POST_202_6000269/processed/slice_4.mat,file_brain_AXT1POST_202_6000269,AXT1POST,4,TEST,Success
file_brain_AXT1POST_202_6000269/processed/slice_5.mat,file_brain_AXT1POST_202_6000269,AXT1POST,5,TEST,Success
file_brain_AXT1POST_202_6000269/processed/slice_6.mat,file_brain_AXT1POST_202_6000269,AXT1POST,6,TEST,Success
file_brain_AXT1POST_202_6000269/processed/slice_7.mat,file_brain_AXT1POST_202_6000269,AXT1POST,7,TEST,Success
file_brain_AXT1POST_202_6000269/processed/slice_8.mat,file_brain_AXT1POST_202_6000269,AXT1POST,8,TEST,Success
file_brain_AXT1POST_202_6000269/processed/slice_9.mat,file_brain_AXT1POST_202_6000269,AXT1POST,9,TEST,Success
file_brain_AXT1POST_202_6000269/processed/slice_10.mat,file_brain_AXT1POST_202_6000269,AXT1POST,10,TEST,Success
file_brain_AXT1POST_202_6000269/processed/slice_11.mat,file_brain_AXT1POST_202_6000269,AXT1POST,11,TEST,Success
file_brain_AXT1POST_202_6000269/processed/slice_12.mat,file_brain_AXT1POST_202_6000269,AXT1POST,12,TEST,Success
file_brain_AXT1POST_202_6000269/processed/slice_13.mat,file_brain_AXT1POST_202_6000269,AXT1POST,13,TEST,Success
file_brain_AXT1POST_202_6000269/processed/slice_14.mat,file_brain_AXT1POST_202_6000269,AXT1POST,14,TEST,Success
file_brain_AXT1POST_202_6000269/processed/slice_15.mat,file_brain_AXT1POST_202_6000269,AXT1POST,15,TEST,Success
file_brain_AXT1POST_202_6000269/processed/slice_16.mat,file_brain_AXT1POST_202_6000269,AXT1POST,16,TEST,Success
file_brain_AXT1POST_202_6000302/processed/slice_1.mat,file_brain_AXT1POST_202_6000302,AXT1POST,1,VAL,Success
file_brain_AXT1POST_202_6000302/processed/slice_2.mat,file_brain_AXT1POST_202_6000302,AXT1POST,2,VAL,Success
file_brain_AXT1POST_202_6000302/processed/slice_3.mat,file_brain_AXT1POST_202_6000302,AXT1POST,3,VAL,Success
file_brain_AXT1POST_202_6000302/processed/slice_4.mat,file_brain_AXT1POST_202_6000302,AXT1POST,4,VAL,Success
file_brain_AXT1POST_202_6000302/processed/slice_5.mat,file_brain_AXT1POST_202_6000302,AXT1POST,5,VAL,Success
file_brain_AXT1POST_202_6000302/processed/slice_6.mat,file_brain_AXT1POST_202_6000302,AXT1POST,6,VAL,Success
file_brain_AXT1POST_202_6000302/processed/slice_7.mat,file_brain_AXT1POST_202_6000302,AXT1POST,7,VAL,Success
file_brain_AXT1POST_202_6000302/processed/slice_8.mat,file_brain_AXT1POST_202_6000302,AXT1POST,8,VAL,Success
file_brain_AXT1POST_202_6000302/processed/slice_9.mat,file_brain_AXT1POST_202_6000302,AXT1POST,9,VAL,Success
file_brain_AXT1POST_202_6000302/processed/slice_10.mat,file_brain_AXT1POST_202_6000302,AXT1POST,10,VAL,Success
file_brain_AXT1POST_202_6000302/processed/slice_11.mat,file_brain_AXT1POST_202_6000302,AXT1POST,11,VAL,Success
file_brain_AXT1POST_202_6000302/processed/slice_12.mat,file_brain_AXT1POST_202_6000302,AXT1POST,12,VAL,Success
file_brain_AXT1POST_202_6000302/processed/slice_13.mat,file_brain_AXT1POST_202_6000302,AXT1POST,13,VAL,Success
file_brain_AXT1POST_202_6000302/processed/slice_14.mat,file_brain_AXT1POST_202_6000302,AXT1POST,14,VAL,Success
file_brain_AXT1POST_202_6000302/processed/slice_15.mat,file_brain_AXT1POST_202_6000302,AXT1POST,15,VAL,Success
file_brain_AXT1POST_202_6000302/processed/slice_16.mat,file_brain_AXT1POST_202_6000302,AXT1POST,16,VAL,Success
file_brain_AXT1POST_202_6000321/processed/slice_1.mat,file_brain_AXT1POST_202_6000321,AXT1POST,1,TRAIN,Success
file_brain_AXT1POST_202_6000321/processed/slice_2.mat,file_brain_AXT1POST_202_6000321,AXT1POST,2,TRAIN,Success
file_brain_AXT1POST_202_6000321/processed/slice_3.mat,file_brain_AXT1POST_202_6000321,AXT1POST,3,TRAIN,Success
file_brain_AXT1POST_202_6000321/processed/slice_4.mat,file_brain_AXT1POST_202_6000321,AXT1POST,4,TRAIN,Success
file_brain_AXT1POST_202_6000321/processed/slice_5.mat,file_brain_AXT1POST_202_6000321,AXT1POST,5,TRAIN,Success
file_brain_AXT1POST_202_6000321/processed/slice_6.mat,file_brain_AXT1POST_202_6000321,AXT1POST,6,TRAIN,Success
file_brain_AXT1POST_202_6000321/processed/slice_7.mat,file_brain_AXT1POST_202_6000321,AXT1POST,7,TRAIN,Success
file_brain_AXT1POST_202_6000321/processed/slice_8.mat,file_brain_AXT1POST_202_6000321,AXT1POST,8,TRAIN,Success
file_brain_AXT1POST_202_6000321/processed/slice_9.mat,file_brain_AXT1POST_202_6000321,AXT1POST,9,TRAIN,Success
file_brain_AXT1POST_202_6000321/processed/slice_10.mat,file_brain_AXT1POST_202_6000321,AXT1POST,10,TRAIN,Success
file_brain_AXT1POST_202_6000321/processed/slice_11.mat,file_brain_AXT1POST_202_6000321,AXT1POST,11,TRAIN,Success
file_brain_AXT1POST_202_6000321/processed/slice_12.mat,file_brain_AXT1POST_202_6000321,AXT1POST,12,TRAIN,Success
file_brain_AXT1POST_202_6000321/processed/slice_13.mat,file_brain_AXT1POST_202_6000321,AXT1POST,13,TRAIN,Success
file_brain_AXT1POST_202_6000321/processed/slice_14.mat,file_brain_AXT1POST_202_6000321,AXT1POST,14,TRAIN,Success
file_brain_AXT1POST_202_6000321/processed/slice_15.mat,file_brain_AXT1POST_202_6000321,AXT1POST,15,TRAIN,Success
file_brain_AXT1POST_202_6000321/processed/slice_16.mat,file_brain_AXT1POST_202_6000321,AXT1POST,16,TRAIN,Success
file_brain_AXT1POST_202_6000322/processed/slice_1.mat,file_brain_AXT1POST_202_6000322,AXT1POST,1,TEST,Success
file_brain_AXT1POST_202_6000322/processed/slice_2.mat,file_brain_AXT1POST_202_6000322,AXT1POST,2,TEST,Success
file_brain_AXT1POST_202_6000322/processed/slice_3.mat,file_brain_AXT1POST_202_6000322,AXT1POST,3,TEST,Success
file_brain_AXT1POST_202_6000322/processed/slice_4.mat,file_brain_AXT1POST_202_6000322,AXT1POST,4,TEST,Success
file_brain_AXT1POST_202_6000322/processed/slice_5.mat,file_brain_AXT1POST_202_6000322,AXT1POST,5,TEST,Success
file_brain_AXT1POST_202_6000322/processed/slice_6.mat,file_brain_AXT1POST_202_6000322,AXT1POST,6,TEST,Success
file_brain_AXT1POST_202_6000322/processed/slice_7.mat,file_brain_AXT1POST_202_6000322,AXT1POST,7,TEST,Success
file_brain_AXT1POST_202_6000322/processed/slice_8.mat,file_brain_AXT1POST_202_6000322,AXT1POST,8,TEST,Success
file_brain_AXT1POST_202_6000322/processed/slice_9.mat,file_brain_AXT1POST_202_6000322,AXT1POST,9,TEST,Success
file_brain_AXT1POST_202_6000322/processed/slice_10.mat,file_brain_AXT1POST_202_6000322,AXT1POST,10,TEST,Success
file_brain_AXT1POST_202_6000322/processed/slice_11.mat,file_brain_AXT1POST_202_6000322,AXT1POST,11,TEST,Success
file_brain_AXT1POST_202_6000322/processed/slice_12.mat,file_brain_AXT1POST_202_6000322,AXT1POST,12,TEST,Success
file_brain_AXT1POST_202_6000322/processed/slice_13.mat,file_brain_AXT1POST_202_6000322,AXT1POST,13,TEST,Success
file_brain_AXT1POST_202_6000322/processed/slice_14.mat,file_brain_AXT1POST_202_6000322,AXT1POST,14,TEST,Success
file_brain_AXT1POST_202_6000488/processed/slice_1.mat,file_brain_AXT1POST_202_6000488,AXT1POST,1,TRAIN,Success
file_brain_AXT1POST_202_6000488/processed/slice_2.mat,file_brain_AXT1POST_202_6000488,AXT1POST,2,TRAIN,Success
file_brain_AXT1POST_202_6000488/processed/slice_3.mat,file_brain_AXT1POST_202_6000488,AXT1POST,3,TRAIN,Success
file_brain_AXT1POST_202_6000488/processed/slice_4.mat,file_brain_AXT1POST_202_6000488,AXT1POST,4,TRAIN,Success
file_brain_AXT1POST_202_6000488/processed/slice_5.mat,file_brain_AXT1POST_202_6000488,AXT1POST,5,TRAIN,Success
file_brain_AXT1POST_202_6000488/processed/slice_6.mat,file_brain_AXT1POST_202_6000488,AXT1POST,6,TRAIN,Success
file_brain_AXT1POST_202_6000488/processed/slice_7.mat,file_brain_AXT1POST_202_6000488,AXT1POST,7,TRAIN,Success
file_brain_AXT1POST_202_6000488/processed/slice_8.mat,file_brain_AXT1POST_202_6000488,AXT1POST,8,TRAIN,Success
file_brain_AXT1POST_202_6000488/processed/slice_9.mat,file_brain_AXT1POST_202_6000488,AXT1POST,9,TRAIN,Success
file_brain_AXT1POST_202_6000488/processed/slice_10.mat,file_brain_AXT1POST_202_6000488,AXT1POST,10,TRAIN,Success
file_brain_AXT1POST_202_6000488/processed/slice_11.mat,file_brain_AXT1POST_202_6000488,AXT1POST,11,TRAIN,Success
file_brain_AXT1POST_202_6000488/processed/slice_12.mat,file_brain_AXT1POST_202_6000488,AXT1POST,12,TRAIN,Success
file_brain_AXT1POST_202_6000488/processed/slice_13.mat,file_brain_AXT1POST_202_6000488,AXT1POST,13,TRAIN,Success
file_brain_AXT1POST_202_6000488/processed/slice_14.mat,file_brain_AXT1POST_202_6000488,AXT1POST,14,TRAIN,Success
file_brain_AXT1POST_202_6000488/processed/slice_15.mat,file_brain_AXT1POST_202_6000488,AXT1POST,15,TRAIN,Success
file_brain_AXT1POST_202_6000488/processed/slice_16.mat,file_brain_AXT1POST_202_6000488,AXT1POST,16,TRAIN,Success
file_brain_AXT1POST_202_6000513/processed/slice_1.mat,file_brain_AXT1POST_202_6000513,AXT1POST,1,TRAIN,Success
file_brain_AXT1POST_202_6000513/processed/slice_2.mat,file_brain_AXT1POST_202_6000513,AXT1POST,2,TRAIN,Success
file_brain_AXT1POST_202_6000513/processed/slice_3.mat,file_brain_AXT1POST_202_6000513,AXT1POST,3,TRAIN,Success
file_brain_AXT1POST_202_6000513/processed/slice_4.mat,file_brain_AXT1POST_202_6000513,AXT1POST,4,TRAIN,Success
file_brain_AXT1POST_202_6000513/processed/slice_5.mat,file_brain_AXT1POST_202_6000513,AXT1POST,5,TRAIN,Success
file_brain_AXT1POST_202_6000513/processed/slice_6.mat,file_brain_AXT1POST_202_6000513,AXT1POST,6,TRAIN,Success
file_brain_AXT1POST_202_6000513/processed/slice_7.mat,file_brain_AXT1POST_202_6000513,AXT1POST,7,TRAIN,Success
file_brain_AXT1POST_202_6000513/processed/slice_8.mat,file_brain_AXT1POST_202_6000513,AXT1POST,8,TRAIN,Success
file_brain_AXT1POST_202_6000513/processed/slice_9.mat,file_brain_AXT1POST_202_6000513,AXT1POST,9,TRAIN,Success
file_brain_AXT1POST_202_6000513/processed/slice_10.mat,file_brain_AXT1POST_202_6000513,AXT1POST,10,TRAIN,Success
file_brain_AXT1POST_202_6000513/processed/slice_11.mat,file_brain_AXT1POST_202_6000513,AXT1POST,11,TRAIN,Success
file_brain_AXT1POST_202_6000513/processed/slice_12.mat,file_brain_AXT1POST_202_6000513,AXT1POST,12,TRAIN,Success
file_brain_AXT1POST_202_6000513/processed/slice_13.mat,file_brain_AXT1POST_202_6000513,AXT1POST,13,TRAIN,Success
file_brain_AXT1POST_202_6000513/processed/slice_14.mat,file_brain_AXT1POST_202_6000513,AXT1POST,14,TRAIN,Success
file_brain_AXT1POST_202_6000513/processed/slice_15.mat,file_brain_AXT1POST_202_6000513,AXT1POST,15,TRAIN,Success
file_brain_AXT1POST_202_6000513/processed/slice_16.mat,file_brain_AXT1POST_202_6000513,AXT1POST,16,TRAIN,Success
file_brain_AXT1POST_202_6000535/processed/slice_1.mat,file_brain_AXT1POST_202_6000535,AXT1POST,1,TRAIN,Success
file_brain_AXT1POST_202_6000535/processed/slice_2.mat,file_brain_AXT1POST_202_6000535,AXT1POST,2,TRAIN,Success
file_brain_AXT1POST_202_6000535/processed/slice_3.mat,file_brain_AXT1POST_202_6000535,AXT1POST,3,TRAIN,Success
file_brain_AXT1POST_202_6000535/processed/slice_4.mat,file_brain_AXT1POST_202_6000535,AXT1POST,4,TRAIN,Success
file_brain_AXT1POST_202_6000535/processed/slice_5.mat,file_brain_AXT1POST_202_6000535,AXT1POST,5,TRAIN,Success
file_brain_AXT1POST_202_6000535/processed/slice_6.mat,file_brain_AXT1POST_202_6000535,AXT1POST,6,TRAIN,Success
file_brain_AXT1POST_202_6000535/processed/slice_7.mat,file_brain_AXT1POST_202_6000535,AXT1POST,7,TRAIN,Success
file_brain_AXT1POST_202_6000535/processed/slice_8.mat,file_brain_AXT1POST_202_6000535,AXT1POST,8,TRAIN,Success
file_brain_AXT1POST_202_6000535/processed/slice_9.mat,file_brain_AXT1POST_202_6000535,AXT1POST,9,TRAIN,Success
file_brain_AXT1POST_202_6000535/processed/slice_10.mat,file_brain_AXT1POST_202_6000535,AXT1POST,10,TRAIN,Success
file_brain_AXT1POST_202_6000535/processed/slice_11.mat,file_brain_AXT1POST_202_6000535,AXT1POST,11,TRAIN,Success
file_brain_AXT1POST_202_6000535/processed/slice_12.mat,file_brain_AXT1POST_202_6000535,AXT1POST,12,TRAIN,Success
file_brain_AXT1POST_202_6000535/processed/slice_13.mat,file_brain_AXT1POST_202_6000535,AXT1POST,13,TRAIN,Success
file_brain_AXT1POST_202_6000535/processed/slice_14.mat,file_brain_AXT1POST_202_6000535,AXT1POST,14,TRAIN,Success
file_brain_AXT1POST_202_6000535/processed/slice_15.mat,file_brain_AXT1POST_202_6000535,AXT1POST,15,TRAIN,Success
file_brain_AXT1POST_202_6000535/processed/slice_16.mat,file_brain_AXT1POST_202_6000535,AXT1POST,16,TRAIN,Success
file_brain_AXT1POST_202_6000588/processed/slice_1.mat,file_brain_AXT1POST_202_6000588,AXT1POST,1,TRAIN,Success
file_brain_AXT1POST_202_6000588/processed/slice_2.mat,file_brain_AXT1POST_202_6000588,AXT1POST,2,TRAIN,Success
file_brain_AXT1POST_202_6000588/processed/slice_3.mat,file_brain_AXT1POST_202_6000588,AXT1POST,3,TRAIN,Success
file_brain_AXT1POST_202_6000588/processed/slice_4.mat,file_brain_AXT1POST_202_6000588,AXT1POST,4,TRAIN,Success
file_brain_AXT1POST_202_6000588/processed/slice_5.mat,file_brain_AXT1POST_202_6000588,AXT1POST,5,TRAIN,Success
file_brain_AXT1POST_202_6000588/processed/slice_6.mat,file_brain_AXT1POST_202_6000588,AXT1POST,6,TRAIN,Success
file_brain_AXT1POST_202_6000588/processed/slice_7.mat,file_brain_AXT1POST_202_6000588,AXT1POST,7,TRAIN,Success
file_brain_AXT1POST_202_6000588/processed/slice_8.mat,file_brain_AXT1POST_202_6000588,AXT1POST,8,TRAIN,Success
file_brain_AXT1POST_202_6000588/processed/slice_9.mat,file_brain_AXT1POST_202_6000588,AXT1POST,9,TRAIN,Success
file_brain_AXT1POST_202_6000588/processed/slice_10.mat,file_brain_AXT1POST_202_6000588,AXT1POST,10,TRAIN,Success
file_brain_AXT1POST_202_6000588/processed/slice_11.mat,file_brain_AXT1POST_202_6000588,AXT1POST,11,TRAIN,Success
file_brain_AXT1POST_202_6000588/processed/slice_12.mat,file_brain_AXT1POST_202_6000588,AXT1POST,12,TRAIN,Success
file_brain_AXT1POST_202_6000588/processed/slice_13.mat,file_brain_AXT1POST_202_6000588,AXT1POST,13,TRAIN,Success
file_brain_AXT1POST_202_6000588/processed/slice_14.mat,file_brain_AXT1POST_202_6000588,AXT1POST,14,TRAIN,Success
file_brain_AXT1POST_202_6000588/processed/slice_15.mat,file_brain_AXT1POST_202_6000588,AXT1POST,15,TRAIN,Success
file_brain_AXT1POST_202_6000588/processed/slice_16.mat,file_brain_AXT1POST_202_6000588,AXT1POST,16,TRAIN,Success
file_brain_AXT1POST_203_6000628/processed/slice_1.mat,file_brain_AXT1POST_203_6000628,AXT1POST,1,TRAIN,Success
file_brain_AXT1POST_203_6000628/processed/slice_2.mat,file_brain_AXT1POST_203_6000628,AXT1POST,2,TRAIN,Success
file_brain_AXT1POST_203_6000628/processed/slice_3.mat,file_brain_AXT1POST_203_6000628,AXT1POST,3,TRAIN,Success
file_brain_AXT1POST_203_6000628/processed/slice_4.mat,file_brain_AXT1POST_203_6000628,AXT1POST,4,TRAIN,Success
file_brain_AXT1POST_203_6000628/processed/slice_5.mat,file_brain_AXT1POST_203_6000628,AXT1POST,5,TRAIN,Success
file_brain_AXT1POST_203_6000628/processed/slice_6.mat,file_brain_AXT1POST_203_6000628,AXT1POST,6,TRAIN,Success
file_brain_AXT1POST_203_6000628/processed/slice_7.mat,file_brain_AXT1POST_203_6000628,AXT1POST,7,TRAIN,Success
file_brain_AXT1POST_203_6000628/processed/slice_8.mat,file_brain_AXT1POST_203_6000628,AXT1POST,8,TRAIN,Success
file_brain_AXT1POST_203_6000628/processed/slice_9.mat,file_brain_AXT1POST_203_6000628,AXT1POST,9,TRAIN,Success
file_brain_AXT1POST_203_6000628/processed/slice_10.mat,file_brain_AXT1POST_203_6000628,AXT1POST,10,TRAIN,Success
file_brain_AXT1POST_203_6000628/processed/slice_11.mat,file_brain_AXT1POST_203_6000628,AXT1POST,11,TRAIN,Success
file_brain_AXT1POST_203_6000628/processed/slice_12.mat,file_brain_AXT1POST_203_6000628,AXT1POST,12,TRAIN,Success
file_brain_AXT1POST_203_6000628/processed/slice_13.mat,file_brain_AXT1POST_203_6000628,AXT1POST,13,TRAIN,Success
file_brain_AXT1POST_203_6000628/processed/slice_14.mat,file_brain_AXT1POST_203_6000628,AXT1POST,14,TRAIN,Success
file_brain_AXT1POST_203_6000628/processed/slice_15.mat,file_brain_AXT1POST_203_6000628,AXT1POST,15,TRAIN,Success
file_brain_AXT1POST_203_6000628/processed/slice_16.mat,file_brain_AXT1POST_203_6000628,AXT1POST,16,TRAIN,Success
file_brain_AXT1POST_203_6000642/processed/slice_1.mat,file_brain_AXT1POST_203_6000642,AXT1POST,1,TRAIN,Success
file_brain_AXT1POST_203_6000642/processed/slice_2.mat,file_brain_AXT1POST_203_6000642,AXT1POST,2,TRAIN,Success
file_brain_AXT1POST_203_6000642/processed/slice_3.mat,file_brain_AXT1POST_203_6000642,AXT1POST,3,TRAIN,Success
file_brain_AXT1POST_203_6000642/processed/slice_4.mat,file_brain_AXT1POST_203_6000642,AXT1POST,4,TRAIN,Success
file_brain_AXT1POST_203_6000642/processed/slice_5.mat,file_brain_AXT1POST_203_6000642,AXT1POST,5,TRAIN,Success
file_brain_AXT1POST_203_6000642/processed/slice_6.mat,file_brain_AXT1POST_203_6000642,AXT1POST,6,TRAIN,Success
file_brain_AXT1POST_203_6000642/processed/slice_7.mat,file_brain_AXT1POST_203_6000642,AXT1POST,7,TRAIN,Success
file_brain_AXT1POST_203_6000642/processed/slice_8.mat,file_brain_AXT1POST_203_6000642,AXT1POST,8,TRAIN,Success
file_brain_AXT1POST_203_6000642/processed/slice_9.mat,file_brain_AXT1POST_203_6000642,AXT1POST,9,TRAIN,Success
file_brain_AXT1POST_203_6000642/processed/slice_10.mat,file_brain_AXT1POST_203_6000642,AXT1POST,10,TRAIN,Success
file_brain_AXT1POST_203_6000642/processed/slice_11.mat,file_brain_AXT1POST_203_6000642,AXT1POST,11,TRAIN,Success
file_brain_AXT1POST_203_6000642/processed/slice_12.mat,file_brain_AXT1POST_203_6000642,AXT1POST,12,TRAIN,Success
file_brain_AXT1POST_203_6000642/processed/slice_13.mat,file_brain_AXT1POST_203_6000642,AXT1POST,13,TRAIN,Success
file_brain_AXT1POST_203_6000642/processed/slice_14.mat,file_brain_AXT1POST_203_6000642,AXT1POST,14,TRAIN,Success
file_brain_AXT1POST_203_6000642/processed/slice_15.mat,file_brain_AXT1POST_203_6000642,AXT1POST,15,TRAIN,Success
file_brain_AXT1POST_203_6000642/processed/slice_16.mat,file_brain_AXT1POST_203_6000642,AXT1POST,16,TRAIN,Success
file_brain_AXT1POST_203_6000657/processed/slice_1.mat,file_brain_AXT1POST_203_6000657,AXT1POST,1,VAL,Success
file_brain_AXT1POST_203_6000657/processed/slice_2.mat,file_brain_AXT1POST_203_6000657,AXT1POST,2,VAL,Success
file_brain_AXT1POST_203_6000657/processed/slice_3.mat,file_brain_AXT1POST_203_6000657,AXT1POST,3,VAL,Success
file_brain_AXT1POST_203_6000657/processed/slice_4.mat,file_brain_AXT1POST_203_6000657,AXT1POST,4,VAL,Success
file_brain_AXT1POST_203_6000657/processed/slice_5.mat,file_brain_AXT1POST_203_6000657,AXT1POST,5,VAL,Success
file_brain_AXT1POST_203_6000657/processed/slice_6.mat,file_brain_AXT1POST_203_6000657,AXT1POST,6,VAL,Success
file_brain_AXT1POST_203_6000657/processed/slice_7.mat,file_brain_AXT1POST_203_6000657,AXT1POST,7,VAL,Success
file_brain_AXT1POST_203_6000657/processed/slice_8.mat,file_brain_AXT1POST_203_6000657,AXT1POST,8,VAL,Success
file_brain_AXT1POST_203_6000657/processed/slice_9.mat,file_brain_AXT1POST_203_6000657,AXT1POST,9,VAL,Success
file_brain_AXT1POST_203_6000657/processed/slice_10.mat,file_brain_AXT1POST_203_6000657,AXT1POST,10,VAL,Success
file_brain_AXT1POST_203_6000657/processed/slice_11.mat,file_brain_AXT1POST_203_6000657,AXT1POST,11,VAL,Success
file_brain_AXT1POST_203_6000657/processed/slice_12.mat,file_brain_AXT1POST_203_6000657,AXT1POST,12,VAL,Success
file_brain_AXT1POST_203_6000657/processed/slice_13.mat,file_brain_AXT1POST_203_6000657,AXT1POST,13,VAL,Success
file_brain_AXT1POST_203_6000657/processed/slice_14.mat,file_brain_AXT1POST_203_6000657,AXT1POST,14,VAL,Success
file_brain_AXT1POST_203_6000657/processed/slice_15.mat,file_brain_AXT1POST_203_6000657,AXT1POST,15,VAL,Success
file_brain_AXT1POST_203_6000657/processed/slice_16.mat,file_brain_AXT1POST_203_6000657,AXT1POST,16,VAL,Success
file_brain_AXT1POST_203_6000665/processed/slice_1.mat,file_brain_AXT1POST_203_6000665,AXT1POST,1,TRAIN,Success
file_brain_AXT1POST_203_6000665/processed/slice_2.mat,file_brain_AXT1POST_203_6000665,AXT1POST,2,TRAIN,Success
file_brain_AXT1POST_203_6000665/processed/slice_3.mat,file_brain_AXT1POST_203_6000665,AXT1POST,3,TRAIN,Success
file_brain_AXT1POST_203_6000665/processed/slice_4.mat,file_brain_AXT1POST_203_6000665,AXT1POST,4,TRAIN,Success
file_brain_AXT1POST_203_6000665/processed/slice_5.mat,file_brain_AXT1POST_203_6000665,AXT1POST,5,TRAIN,Success
file_brain_AXT1POST_203_6000665/processed/slice_6.mat,file_brain_AXT1POST_203_6000665,AXT1POST,6,TRAIN,Success
file_brain_AXT1POST_203_6000665/processed/slice_7.mat,file_brain_AXT1POST_203_6000665,AXT1POST,7,TRAIN,Success
file_brain_AXT1POST_203_6000665/processed/slice_8.mat,file_brain_AXT1POST_203_6000665,AXT1POST,8,TRAIN,Success
file_brain_AXT1POST_203_6000665/processed/slice_9.mat,file_brain_AXT1POST_203_6000665,AXT1POST,9,TRAIN,Success
file_brain_AXT1POST_203_6000665/processed/slice_10.mat,file_brain_AXT1POST_203_6000665,AXT1POST,10,TRAIN,Success
file_brain_AXT1POST_203_6000665/processed/slice_11.mat,file_brain_AXT1POST_203_6000665,AXT1POST,11,TRAIN,Success
file_brain_AXT1POST_203_6000665/processed/slice_12.mat,file_brain_AXT1POST_203_6000665,AXT1POST,12,TRAIN,Success
file_brain_AXT1POST_203_6000665/processed/slice_13.mat,file_brain_AXT1POST_203_6000665,AXT1POST,13,TRAIN,Success
file_brain_AXT1POST_203_6000665/processed/slice_14.mat,file_brain_AXT1POST_203_6000665,AXT1POST,14,TRAIN,Success
file_brain_AXT1POST_203_6000665/processed/slice_15.mat,file_brain_AXT1POST_203_6000665,AXT1POST,15,TRAIN,Success
file_brain_AXT1POST_203_6000665/processed/slice_16.mat,file_brain_AXT1POST_203_6000665,AXT1POST,16,TRAIN,Success
file_brain_AXT1POST_203_6000727/processed/slice_1.mat,file_brain_AXT1POST_203_6000727,AXT1POST,1,TRAIN,Success
file_brain_AXT1POST_203_6000727/processed/slice_2.mat,file_brain_AXT1POST_203_6000727,AXT1POST,2,TRAIN,Success
file_brain_AXT1POST_203_6000727/processed/slice_3.mat,file_brain_AXT1POST_203_6000727,AXT1POST,3,TRAIN,Success
file_brain_AXT1POST_203_6000727/processed/slice_4.mat,file_brain_AXT1POST_203_6000727,AXT1POST,4,TRAIN,Success
file_brain_AXT1POST_203_6000727/processed/slice_5.mat,file_brain_AXT1POST_203_6000727,AXT1POST,5,TRAIN,Success
file_brain_AXT1POST_203_6000727/processed/slice_6.mat,file_brain_AXT1POST_203_6000727,AXT1POST,6,TRAIN,Success
file_brain_AXT1POST_203_6000727/processed/slice_7.mat,file_brain_AXT1POST_203_6000727,AXT1POST,7,TRAIN,Success
file_brain_AXT1POST_203_6000727/processed/slice_8.mat,file_brain_AXT1POST_203_6000727,AXT1POST,8,TRAIN,Success
file_brain_AXT1POST_203_6000727/processed/slice_9.mat,file_brain_AXT1POST_203_6000727,AXT1POST,9,TRAIN,Success
file_brain_AXT1POST_203_6000727/processed/slice_10.mat,file_brain_AXT1POST_203_6000727,AXT1POST,10,TRAIN,Success
file_brain_AXT1POST_203_6000727/processed/slice_11.mat,file_brain_AXT1POST_203_6000727,AXT1POST,11,TRAIN,Success
file_brain_AXT1POST_203_6000727/processed/slice_12.mat,file_brain_AXT1POST_203_6000727,AXT1POST,12,TRAIN,Success
file_brain_AXT1POST_203_6000727/processed/slice_13.mat,file_brain_AXT1POST_203_6000727,AXT1POST,13,TRAIN,Success
file_brain_AXT1POST_203_6000727/processed/slice_14.mat,file_brain_AXT1POST_203_6000727,AXT1POST,14,TRAIN,Success
file_brain_AXT1POST_203_6000727/processed/slice_15.mat,file_brain_AXT1POST_203_6000727,AXT1POST,15,TRAIN,Success
file_brain_AXT1POST_203_6000727/processed/slice_16.mat,file_brain_AXT1POST_203_6000727,AXT1POST,16,TRAIN,Success
file_brain_AXT1POST_203_6000737/processed/slice_1.mat,file_brain_AXT1POST_203_6000737,AXT1POST,1,TRAIN,Success
file_brain_AXT1POST_203_6000737/processed/slice_2.mat,file_brain_AXT1POST_203_6000737,AXT1POST,2,TRAIN,Success
file_brain_AXT1POST_203_6000737/processed/slice_3.mat,file_brain_AXT1POST_203_6000737,AXT1POST,3,TRAIN,Success
file_brain_AXT1POST_203_6000737/processed/slice_4.mat,file_brain_AXT1POST_203_6000737,AXT1POST,4,TRAIN,Success
file_brain_AXT1POST_203_6000737/processed/slice_5.mat,file_brain_AXT1POST_203_6000737,AXT1POST,5,TRAIN,Success
file_brain_AXT1POST_203_6000737/processed/slice_6.mat,file_brain_AXT1POST_203_6000737,AXT1POST,6,TRAIN,Success
file_brain_AXT1POST_203_6000737/processed/slice_7.mat,file_brain_AXT1POST_203_6000737,AXT1POST,7,TRAIN,Success
file_brain_AXT1POST_203_6000737/processed/slice_8.mat,file_brain_AXT1POST_203_6000737,AXT1POST,8,TRAIN,Success
file_brain_AXT1POST_203_6000737/processed/slice_9.mat,file_brain_AXT1POST_203_6000737,AXT1POST,9,TRAIN,Success
file_brain_AXT1POST_203_6000737/processed/slice_10.mat,file_brain_AXT1POST_203_6000737,AXT1POST,10,TRAIN,Success
file_brain_AXT1POST_203_6000737/processed/slice_11.mat,file_brain_AXT1POST_203_6000737,AXT1POST,11,TRAIN,Success
file_brain_AXT1POST_203_6000737/processed/slice_12.mat,file_brain_AXT1POST_203_6000737,AXT1POST,12,TRAIN,Success
file_brain_AXT1POST_203_6000737/processed/slice_13.mat,file_brain_AXT1POST_203_6000737,AXT1POST,13,TRAIN,Success
file_brain_AXT1POST_203_6000737/processed/slice_14.mat,file_brain_AXT1POST_203_6000737,AXT1POST,14,TRAIN,Success
file_brain_AXT1POST_203_6000737/processed/slice_15.mat,file_brain_AXT1POST_203_6000737,AXT1POST,15,TRAIN,Success
file_brain_AXT1POST_203_6000737/processed/slice_16.mat,file_brain_AXT1POST_203_6000737,AXT1POST,16,TRAIN,Success
file_brain_AXT1POST_203_6000749/processed/slice_1.mat,file_brain_AXT1POST_203_6000749,AXT1POST,1,TRAIN,Success
file_brain_AXT1POST_203_6000749/processed/slice_2.mat,file_brain_AXT1POST_203_6000749,AXT1POST,2,TRAIN,Success
file_brain_AXT1POST_203_6000749/processed/slice_3.mat,file_brain_AXT1POST_203_6000749,AXT1POST,3,TRAIN,Success
file_brain_AXT1POST_203_6000749/processed/slice_4.mat,file_brain_AXT1POST_203_6000749,AXT1POST,4,TRAIN,Success
file_brain_AXT1POST_203_6000749/processed/slice_5.mat,file_brain_AXT1POST_203_6000749,AXT1POST,5,TRAIN,Success
file_brain_AXT1POST_203_6000749/processed/slice_6.mat,file_brain_AXT1POST_203_6000749,AXT1POST,6,TRAIN,Success
file_brain_AXT1POST_203_6000749/processed/slice_7.mat,file_brain_AXT1POST_203_6000749,AXT1POST,7,TRAIN,Success
file_brain_AXT1POST_203_6000749/processed/slice_8.mat,file_brain_AXT1POST_203_6000749,AXT1POST,8,TRAIN,Success
file_brain_AXT1POST_203_6000749/processed/slice_9.mat,file_brain_AXT1POST_203_6000749,AXT1POST,9,TRAIN,Success
file_brain_AXT1POST_203_6000749/processed/slice_10.mat,file_brain_AXT1POST_203_6000749,AXT1POST,10,TRAIN,Success
file_brain_AXT1POST_203_6000749/processed/slice_11.mat,file_brain_AXT1POST_203_6000749,AXT1POST,11,TRAIN,Success
file_brain_AXT1POST_203_6000749/processed/slice_12.mat,file_brain_AXT1POST_203_6000749,AXT1POST,12,TRAIN,Success
file_brain_AXT1POST_203_6000749/processed/slice_13.mat,file_brain_AXT1POST_203_6000749,AXT1POST,13,TRAIN,Success
file_brain_AXT1POST_203_6000749/processed/slice_14.mat,file_brain_AXT1POST_203_6000749,AXT1POST,14,TRAIN,Success
file_brain_AXT1POST_203_6000749/processed/slice_15.mat,file_brain_AXT1POST_203_6000749,AXT1POST,15,TRAIN,Success
file_brain_AXT1POST_203_6000749/processed/slice_16.mat,file_brain_AXT1POST_203_6000749,AXT1POST,16,TRAIN,Success
file_brain_AXT1POST_203_6000760/processed/slice_1.mat,file_brain_AXT1POST_203_6000760,AXT1POST,1,VAL,Success
file_brain_AXT1POST_203_6000760/processed/slice_2.mat,file_brain_AXT1POST_203_6000760,AXT1POST,2,VAL,Success
file_brain_AXT1POST_203_6000760/processed/slice_3.mat,file_brain_AXT1POST_203_6000760,AXT1POST,3,VAL,Success
file_brain_AXT1POST_203_6000760/processed/slice_4.mat,file_brain_AXT1POST_203_6000760,AXT1POST,4,VAL,Success
file_brain_AXT1POST_203_6000760/processed/slice_5.mat,file_brain_AXT1POST_203_6000760,AXT1POST,5,VAL,Success
file_brain_AXT1POST_203_6000760/processed/slice_6.mat,file_brain_AXT1POST_203_6000760,AXT1POST,6,VAL,Success
file_brain_AXT1POST_203_6000760/processed/slice_7.mat,file_brain_AXT1POST_203_6000760,AXT1POST,7,VAL,Success
file_brain_AXT1POST_203_6000760/processed/slice_8.mat,file_brain_AXT1POST_203_6000760,AXT1POST,8,VAL,Success
file_brain_AXT1POST_203_6000760/processed/slice_9.mat,file_brain_AXT1POST_203_6000760,AXT1POST,9,VAL,Success
file_brain_AXT1POST_203_6000760/processed/slice_10.mat,file_brain_AXT1POST_203_6000760,AXT1POST,10,VAL,Success
file_brain_AXT1POST_203_6000760/processed/slice_11.mat,file_brain_AXT1POST_203_6000760,AXT1POST,11,VAL,Success
file_brain_AXT1POST_203_6000760/processed/slice_12.mat,file_brain_AXT1POST_203_6000760,AXT1POST,12,VAL,Success
file_brain_AXT1POST_203_6000760/processed/slice_13.mat,file_brain_AXT1POST_203_6000760,AXT1POST,13,VAL,Success
file_brain_AXT1POST_203_6000760/processed/slice_14.mat,file_brain_AXT1POST_203_6000760,AXT1POST,14,VAL,Success
file_brain_AXT1POST_203_6000760/processed/slice_15.mat,file_brain_AXT1POST_203_6000760,AXT1POST,15,VAL,Success
file_brain_AXT1POST_203_6000760/processed/slice_16.mat,file_brain_AXT1POST_203_6000760,AXT1POST,16,VAL,Success
file_brain_AXT1POST_203_6000774/processed/slice_1.mat,file_brain_AXT1POST_203_6000774,AXT1POST,1,TRAIN,Success
file_brain_AXT1POST_203_6000774/processed/slice_2.mat,file_brain_AXT1POST_203_6000774,AXT1POST,2,TRAIN,Success
file_brain_AXT1POST_203_6000774/processed/slice_3.mat,file_brain_AXT1POST_203_6000774,AXT1POST,3,TRAIN,Success
file_brain_AXT1POST_203_6000774/processed/slice_4.mat,file_brain_AXT1POST_203_6000774,AXT1POST,4,TRAIN,Success
file_brain_AXT1POST_203_6000774/processed/slice_5.mat,file_brain_AXT1POST_203_6000774,AXT1POST,5,TRAIN,Success
file_brain_AXT1POST_203_6000774/processed/slice_6.mat,file_brain_AXT1POST_203_6000774,AXT1POST,6,TRAIN,Success
file_brain_AXT1POST_203_6000774/processed/slice_7.mat,file_brain_AXT1POST_203_6000774,AXT1POST,7,TRAIN,Success
file_brain_AXT1POST_203_6000774/processed/slice_8.mat,file_brain_AXT1POST_203_6000774,AXT1POST,8,TRAIN,Success
file_brain_AXT1POST_203_6000774/processed/slice_9.mat,file_brain_AXT1POST_203_6000774,AXT1POST,9,TRAIN,Success
file_brain_AXT1POST_203_6000774/processed/slice_10.mat,file_brain_AXT1POST_203_6000774,AXT1POST,10,TRAIN,Success
file_brain_AXT1POST_203_6000774/processed/slice_11.mat,file_brain_AXT1POST_203_6000774,AXT1POST,11,TRAIN,Success
file_brain_AXT1POST_203_6000774/processed/slice_12.mat,file_brain_AXT1POST_203_6000774,AXT1POST,12,TRAIN,Success
file_brain_AXT1POST_203_6000774/processed/slice_13.mat,file_brain_AXT1POST_203_6000774,AXT1POST,13,TRAIN,Success
file_brain_AXT1POST_203_6000774/processed/slice_14.mat,file_brain_AXT1POST_203_6000774,AXT1POST,14,TRAIN,Success
file_brain_AXT1POST_203_6000774/processed/slice_15.mat,file_brain_AXT1POST_203_6000774,AXT1POST,15,TRAIN,Success
file_brain_AXT1POST_203_6000774/processed/slice_16.mat,file_brain_AXT1POST_203_6000774,AXT1POST,16,TRAIN,Success
file_brain_AXT1POST_203_6000776/processed/slice_1.mat,file_brain_AXT1POST_203_6000776,AXT1POST,1,TEST,Success
file_brain_AXT1POST_203_6000776/processed/slice_2.mat,file_brain_AXT1POST_203_6000776,AXT1POST,2,TEST,Success
file_brain_AXT1POST_203_6000776/processed/slice_3.mat,file_brain_AXT1POST_203_6000776,AXT1POST,3,TEST,Success
file_brain_AXT1POST_203_6000776/processed/slice_4.mat,file_brain_AXT1POST_203_6000776,AXT1POST,4,TEST,Success
file_brain_AXT1POST_203_6000776/processed/slice_5.mat,file_brain_AXT1POST_203_6000776,AXT1POST,5,TEST,Success
file_brain_AXT1POST_203_6000776/processed/slice_6.mat,file_brain_AXT1POST_203_6000776,AXT1POST,6,TEST,Success
file_brain_AXT1POST_203_6000776/processed/slice_7.mat,file_brain_AXT1POST_203_6000776,AXT1POST,7,TEST,Success
file_brain_AXT1POST_203_6000776/processed/slice_8.mat,file_brain_AXT1POST_203_6000776,AXT1POST,8,TEST,Success
file_brain_AXT1POST_203_6000776/processed/slice_9.mat,file_brain_AXT1POST_203_6000776,AXT1POST,9,TEST,Success
file_brain_AXT1POST_203_6000776/processed/slice_10.mat,file_brain_AXT1POST_203_6000776,AXT1POST,10,TEST,Success
file_brain_AXT1POST_203_6000776/processed/slice_11.mat,file_brain_AXT1POST_203_6000776,AXT1POST,11,TEST,Success
file_brain_AXT1POST_203_6000776/processed/slice_12.mat,file_brain_AXT1POST_203_6000776,AXT1POST,12,TEST,Success
file_brain_AXT1POST_203_6000776/processed/slice_13.mat,file_brain_AXT1POST_203_6000776,AXT1POST,13,TEST,Success
file_brain_AXT1POST_203_6000776/processed/slice_14.mat,file_brain_AXT1POST_203_6000776,AXT1POST,14,TEST,Success
file_brain_AXT1POST_203_6000776/processed/slice_15.mat,file_brain_AXT1POST_203_6000776,AXT1POST,15,TEST,Success
file_brain_AXT1POST_203_6000776/processed/slice_16.mat,file_brain_AXT1POST_203_6000776,AXT1POST,16,TEST,Success
file_brain_AXT1POST_203_6000814/processed/slice_1.mat,file_brain_AXT1POST_203_6000814,AXT1POST,1,VAL,Success
file_brain_AXT1POST_203_6000814/processed/slice_2.mat,file_brain_AXT1POST_203_6000814,AXT1POST,2,VAL,Success
file_brain_AXT1POST_203_6000814/processed/slice_3.mat,file_brain_AXT1POST_203_6000814,AXT1POST,3,VAL,Success
file_brain_AXT1POST_203_6000814/processed/slice_4.mat,file_brain_AXT1POST_203_6000814,AXT1POST,4,VAL,Success
file_brain_AXT1POST_203_6000814/processed/slice_5.mat,file_brain_AXT1POST_203_6000814,AXT1POST,5,VAL,Success
file_brain_AXT1POST_203_6000814/processed/slice_6.mat,file_brain_AXT1POST_203_6000814,AXT1POST,6,VAL,Success
file_brain_AXT1POST_203_6000814/processed/slice_7.mat,file_brain_AXT1POST_203_6000814,AXT1POST,7,VAL,Success
file_brain_AXT1POST_203_6000814/processed/slice_8.mat,file_brain_AXT1POST_203_6000814,AXT1POST,8,VAL,Success
file_brain_AXT1POST_203_6000814/processed/slice_9.mat,file_brain_AXT1POST_203_6000814,AXT1POST,9,VAL,Success
file_brain_AXT1POST_203_6000814/processed/slice_10.mat,file_brain_AXT1POST_203_6000814,AXT1POST,10,VAL,Success
file_brain_AXT1POST_203_6000814/processed/slice_11.mat,file_brain_AXT1POST_203_6000814,AXT1POST,11,VAL,Success
file_brain_AXT1POST_203_6000814/processed/slice_12.mat,file_brain_AXT1POST_203_6000814,AXT1POST,12,VAL,Success
file_brain_AXT1POST_203_6000861/processed/slice_1.mat,file_brain_AXT1POST_203_6000861,AXT1POST,1,TRAIN,Success
file_brain_AXT1POST_203_6000861/processed/slice_2.mat,file_brain_AXT1POST_203_6000861,AXT1POST,2,TRAIN,Success
file_brain_AXT1POST_203_6000861/processed/slice_3.mat,file_brain_AXT1POST_203_6000861,AXT1POST,3,TRAIN,Success
file_brain_AXT1POST_203_6000861/processed/slice_4.mat,file_brain_AXT1POST_203_6000861,AXT1POST,4,TRAIN,Success
file_brain_AXT1POST_203_6000861/processed/slice_5.mat,file_brain_AXT1POST_203_6000861,AXT1POST,5,TRAIN,Success
file_brain_AXT1POST_203_6000861/processed/slice_6.mat,file_brain_AXT1POST_203_6000861,AXT1POST,6,TRAIN,Success
file_brain_AXT1POST_203_6000861/processed/slice_7.mat,file_brain_AXT1POST_203_6000861,AXT1POST,7,TRAIN,Success
file_brain_AXT1POST_203_6000861/processed/slice_8.mat,file_brain_AXT1POST_203_6000861,AXT1POST,8,TRAIN,Success
file_brain_AXT1POST_203_6000861/processed/slice_9.mat,file_brain_AXT1POST_203_6000861,AXT1POST,9,TRAIN,Success
file_brain_AXT1POST_203_6000861/processed/slice_10.mat,file_brain_AXT1POST_203_6000861,AXT1POST,10,TRAIN,Success
file_brain_AXT1POST_203_6000861/processed/slice_11.mat,file_brain_AXT1POST_203_6000861,AXT1POST,11,TRAIN,Success
file_brain_AXT1POST_203_6000861/processed/slice_12.mat,file_brain_AXT1POST_203_6000861,AXT1POST,12,TRAIN,Success
file_brain_AXT1POST_203_6000861/processed/slice_13.mat,file_brain_AXT1POST_203_6000861,AXT1POST,13,TRAIN,Success
file_brain_AXT1POST_203_6000861/processed/slice_14.mat,file_brain_AXT1POST_203_6000861,AXT1POST,14,TRAIN,Success
file_brain_AXT1POST_203_6000861/processed/slice_15.mat,file_brain_AXT1POST_203_6000861,AXT1POST,15,TRAIN,Success
file_brain_AXT1POST_203_6000861/processed/slice_16.mat,file_brain_AXT1POST_203_6000861,AXT1POST,16,TRAIN,Success
file_brain_AXT1POST_203_6000867/processed/slice_1.mat,file_brain_AXT1POST_203_6000867,AXT1POST,1,TRAIN,Success
file_brain_AXT1POST_203_6000867/processed/slice_2.mat,file_brain_AXT1POST_203_6000867,AXT1POST,2,TRAIN,Success
file_brain_AXT1POST_203_6000867/processed/slice_3.mat,file_brain_AXT1POST_203_6000867,AXT1POST,3,TRAIN,Success
file_brain_AXT1POST_203_6000867/processed/slice_4.mat,file_brain_AXT1POST_203_6000867,AXT1POST,4,TRAIN,Success
file_brain_AXT1POST_203_6000867/processed/slice_5.mat,file_brain_AXT1POST_203_6000867,AXT1POST,5,TRAIN,Success
file_brain_AXT1POST_203_6000867/processed/slice_6.mat,file_brain_AXT1POST_203_6000867,AXT1POST,6,TRAIN,Success
file_brain_AXT1POST_203_6000867/processed/slice_7.mat,file_brain_AXT1POST_203_6000867,AXT1POST,7,TRAIN,Success
file_brain_AXT1POST_203_6000867/processed/slice_8.mat,file_brain_AXT1POST_203_6000867,AXT1POST,8,TRAIN,Success
file_brain_AXT1POST_203_6000867/processed/slice_9.mat,file_brain_AXT1POST_203_6000867,AXT1POST,9,TRAIN,Success
file_brain_AXT1POST_203_6000867/processed/slice_10.mat,file_brain_AXT1POST_203_6000867,AXT1POST,10,TRAIN,Success
file_brain_AXT1POST_203_6000867/processed/slice_11.mat,file_brain_AXT1POST_203_6000867,AXT1POST,11,TRAIN,Success
file_brain_AXT1POST_203_6000867/processed/slice_12.mat,file_brain_AXT1POST_203_6000867,AXT1POST,12,TRAIN,Success
file_brain_AXT1POST_203_6000867/processed/slice_13.mat,file_brain_AXT1POST_203_6000867,AXT1POST,13,TRAIN,Success
file_brain_AXT1POST_203_6000867/processed/slice_14.mat,file_brain_AXT1POST_203_6000867,AXT1POST,14,TRAIN,Success
file_brain_AXT1POST_203_6000867/processed/slice_15.mat,file_brain_AXT1POST_203_6000867,AXT1POST,15,TRAIN,Success
file_brain_AXT1POST_203_6000867/processed/slice_16.mat,file_brain_AXT1POST_203_6000867,AXT1POST,16,TRAIN,Success
file_brain_AXT1POST_205_2050026/processed/slice_1.mat,file_brain_AXT1POST_205_2050026,AXT1POST,1,VAL,Success
file_brain_AXT1POST_205_2050026/processed/slice_2.mat,file_brain_AXT1POST_205_2050026,AXT1POST,2,VAL,Success
file_brain_AXT1POST_205_2050026/processed/slice_3.mat,file_brain_AXT1POST_205_2050026,AXT1POST,3,VAL,Success
file_brain_AXT1POST_205_2050026/processed/slice_4.mat,file_brain_AXT1POST_205_2050026,AXT1POST,4,VAL,Success
file_brain_AXT1POST_205_2050026/processed/slice_5.mat,file_brain_AXT1POST_205_2050026,AXT1POST,5,VAL,Success
file_brain_AXT1POST_205_2050026/processed/slice_6.mat,file_brain_AXT1POST_205_2050026,AXT1POST,6,VAL,Success
file_brain_AXT1POST_205_2050026/processed/slice_7.mat,file_brain_AXT1POST_205_2050026,AXT1POST,7,VAL,Success
file_brain_AXT1POST_205_2050026/processed/slice_8.mat,file_brain_AXT1POST_205_2050026,AXT1POST,8,VAL,Success
file_brain_AXT1POST_205_2050026/processed/slice_9.mat,file_brain_AXT1POST_205_2050026,AXT1POST,9,VAL,Success
file_brain_AXT1POST_205_2050026/processed/slice_10.mat,file_brain_AXT1POST_205_2050026,AXT1POST,10,VAL,Success
file_brain_AXT1POST_205_2050026/processed/slice_11.mat,file_brain_AXT1POST_205_2050026,AXT1POST,11,VAL,Success
file_brain_AXT1POST_205_2050026/processed/slice_12.mat,file_brain_AXT1POST_205_2050026,AXT1POST,12,VAL,Success
file_brain_AXT1POST_205_2050026/processed/slice_13.mat,file_brain_AXT1POST_205_2050026,AXT1POST,13,VAL,Success
file_brain_AXT1POST_205_2050026/processed/slice_14.mat,file_brain_AXT1POST_205_2050026,AXT1POST,14,VAL,Success
file_brain_AXT1POST_205_2050026/processed/slice_15.mat,file_brain_AXT1POST_205_2050026,AXT1POST,15,VAL,Success
file_brain_AXT1POST_205_2050026/processed/slice_16.mat,file_brain_AXT1POST_205_2050026,AXT1POST,16,VAL,Success
file_brain_AXT1POST_205_2050055/processed/slice_1.mat,file_brain_AXT1POST_205_2050055,AXT1POST,1,VAL,Success
file_brain_AXT1POST_205_2050055/processed/slice_2.mat,file_brain_AXT1POST_205_2050055,AXT1POST,2,VAL,Success
file_brain_AXT1POST_205_2050055/processed/slice_3.mat,file_brain_AXT1POST_205_2050055,AXT1POST,3,VAL,Success
file_brain_AXT1POST_205_2050055/processed/slice_4.mat,file_brain_AXT1POST_205_2050055,AXT1POST,4,VAL,Success
file_brain_AXT1POST_205_2050055/processed/slice_5.mat,file_brain_AXT1POST_205_2050055,AXT1POST,5,VAL,Success
file_brain_AXT1POST_205_2050055/processed/slice_6.mat,file_brain_AXT1POST_205_2050055,AXT1POST,6,VAL,Success
file_brain_AXT1POST_205_2050055/processed/slice_7.mat,file_brain_AXT1POST_205_2050055,AXT1POST,7,VAL,Success
file_brain_AXT1POST_205_2050055/processed/slice_8.mat,file_brain_AXT1POST_205_2050055,AXT1POST,8,VAL,Success
file_brain_AXT1POST_205_2050055/processed/slice_9.mat,file_brain_AXT1POST_205_2050055,AXT1POST,9,VAL,Success
file_brain_AXT1POST_205_2050055/processed/slice_10.mat,file_brain_AXT1POST_205_2050055,AXT1POST,10,VAL,Success
file_brain_AXT1POST_205_2050055/processed/slice_11.mat,file_brain_AXT1POST_205_2050055,AXT1POST,11,VAL,Success
file_brain_AXT1POST_205_2050055/processed/slice_12.mat,file_brain_AXT1POST_205_2050055,AXT1POST,12,VAL,Success
file_brain_AXT1POST_205_2050055/processed/slice_13.mat,file_brain_AXT1POST_205_2050055,AXT1POST,13,VAL,Success
file_brain_AXT1POST_205_2050055/processed/slice_14.mat,file_brain_AXT1POST_205_2050055,AXT1POST,14,VAL,Success
file_brain_AXT1POST_205_2050055/processed/slice_15.mat,file_brain_AXT1POST_205_2050055,AXT1POST,15,VAL,Success
file_brain_AXT1POST_205_2050055/processed/slice_16.mat,file_brain_AXT1POST_205_2050055,AXT1POST,16,VAL,Success
file_brain_AXT1POST_205_2050059/processed/slice_1.mat,file_brain_AXT1POST_205_2050059,AXT1POST,1,VAL,Success
file_brain_AXT1POST_205_2050059/processed/slice_2.mat,file_brain_AXT1POST_205_2050059,AXT1POST,2,VAL,Success
file_brain_AXT1POST_205_2050059/processed/slice_3.mat,file_brain_AXT1POST_205_2050059,AXT1POST,3,VAL,Success
file_brain_AXT1POST_205_2050059/processed/slice_4.mat,file_brain_AXT1POST_205_2050059,AXT1POST,4,VAL,Success
file_brain_AXT1POST_205_2050059/processed/slice_5.mat,file_brain_AXT1POST_205_2050059,AXT1POST,5,VAL,Success
file_brain_AXT1POST_205_2050059/processed/slice_6.mat,file_brain_AXT1POST_205_2050059,AXT1POST,6,VAL,Success
file_brain_AXT1POST_205_2050059/processed/slice_7.mat,file_brain_AXT1POST_205_2050059,AXT1POST,7,VAL,Success
file_brain_AXT1POST_205_2050059/processed/slice_8.mat,file_brain_AXT1POST_205_2050059,AXT1POST,8,VAL,Success
file_brain_AXT1POST_205_2050059/processed/slice_9.mat,file_brain_AXT1POST_205_2050059,AXT1POST,9,VAL,Success
file_brain_AXT1POST_205_2050059/processed/slice_10.mat,file_brain_AXT1POST_205_2050059,AXT1POST,10,VAL,Success
file_brain_AXT1POST_205_2050059/processed/slice_11.mat,file_brain_AXT1POST_205_2050059,AXT1POST,11,VAL,Success
file_brain_AXT1POST_205_2050059/processed/slice_12.mat,file_brain_AXT1POST_205_2050059,AXT1POST,12,VAL,Success
file_brain_AXT1POST_205_2050059/processed/slice_13.mat,file_brain_AXT1POST_205_2050059,AXT1POST,13,VAL,Success
file_brain_AXT1POST_205_2050059/processed/slice_14.mat,file_brain_AXT1POST_205_2050059,AXT1POST,14,VAL,Success
file_brain_AXT1POST_205_2050059/processed/slice_15.mat,file_brain_AXT1POST_205_2050059,AXT1POST,15,VAL,Success
file_brain_AXT1POST_205_2050059/processed/slice_16.mat,file_brain_AXT1POST_205_2050059,AXT1POST,16,VAL,Success
file_brain_AXT1POST_205_2050068/processed/slice_1.mat,file_brain_AXT1POST_205_2050068,AXT1POST,1,VAL,Success
file_brain_AXT1POST_205_2050068/processed/slice_2.mat,file_brain_AXT1POST_205_2050068,AXT1POST,2,VAL,Success
file_brain_AXT1POST_205_2050068/processed/slice_3.mat,file_brain_AXT1POST_205_2050068,AXT1POST,3,VAL,Success
file_brain_AXT1POST_205_2050068/processed/slice_4.mat,file_brain_AXT1POST_205_2050068,AXT1POST,4,VAL,Success
file_brain_AXT1POST_205_2050068/processed/slice_5.mat,file_brain_AXT1POST_205_2050068,AXT1POST,5,VAL,Success
file_brain_AXT1POST_205_2050068/processed/slice_6.mat,file_brain_AXT1POST_205_2050068,AXT1POST,6,VAL,Success
file_brain_AXT1POST_205_2050068/processed/slice_7.mat,file_brain_AXT1POST_205_2050068,AXT1POST,7,VAL,Success
file_brain_AXT1POST_205_2050068/processed/slice_8.mat,file_brain_AXT1POST_205_2050068,AXT1POST,8,VAL,Success
file_brain_AXT1POST_205_2050068/processed/slice_9.mat,file_brain_AXT1POST_205_2050068,AXT1POST,9,VAL,Success
file_brain_AXT1POST_205_2050068/processed/slice_10.mat,file_brain_AXT1POST_205_2050068,AXT1POST,10,VAL,Success
file_brain_AXT1POST_205_2050068/processed/slice_11.mat,file_brain_AXT1POST_205_2050068,AXT1POST,11,VAL,Success
file_brain_AXT1POST_205_2050068/processed/slice_12.mat,file_brain_AXT1POST_205_2050068,AXT1POST,12,VAL,Success
file_brain_AXT1POST_205_2050068/processed/slice_13.mat,file_brain_AXT1POST_205_2050068,AXT1POST,13,VAL,Success
file_brain_AXT1POST_205_2050068/processed/slice_14.mat,file_brain_AXT1POST_205_2050068,AXT1POST,14,VAL,Success
file_brain_AXT1POST_205_2050068/processed/slice_15.mat,file_brain_AXT1POST_205_2050068,AXT1POST,15,VAL,Success
file_brain_AXT1POST_205_2050068/processed/slice_16.mat,file_brain_AXT1POST_205_2050068,AXT1POST,16,VAL,Success
file_brain_AXT1POST_205_2050102/processed/slice_1.mat,file_brain_AXT1POST_205_2050102,AXT1POST,1,TRAIN,Success
file_brain_AXT1POST_205_2050102/processed/slice_2.mat,file_brain_AXT1POST_205_2050102,AXT1POST,2,TRAIN,Success
file_brain_AXT1POST_205_2050102/processed/slice_3.mat,file_brain_AXT1POST_205_2050102,AXT1POST,3,TRAIN,Success
file_brain_AXT1POST_205_2050102/processed/slice_4.mat,file_brain_AXT1POST_205_2050102,AXT1POST,4,TRAIN,Success
file_brain_AXT1POST_205_2050102/processed/slice_5.mat,file_brain_AXT1POST_205_2050102,AXT1POST,5,TRAIN,Success
file_brain_AXT1POST_205_2050102/processed/slice_6.mat,file_brain_AXT1POST_205_2050102,AXT1POST,6,TRAIN,Success
file_brain_AXT1POST_205_2050102/processed/slice_7.mat,file_brain_AXT1POST_205_2050102,AXT1POST,7,TRAIN,Success
file_brain_AXT1POST_205_2050102/processed/slice_8.mat,file_brain_AXT1POST_205_2050102,AXT1POST,8,TRAIN,Success
file_brain_AXT1POST_205_2050102/processed/slice_9.mat,file_brain_AXT1POST_205_2050102,AXT1POST,9,TRAIN,Success
file_brain_AXT1POST_205_2050102/processed/slice_10.mat,file_brain_AXT1POST_205_2050102,AXT1POST,10,TRAIN,Success
file_brain_AXT1POST_205_2050102/processed/slice_11.mat,file_brain_AXT1POST_205_2050102,AXT1POST,11,TRAIN,Success
file_brain_AXT1POST_205_2050102/processed/slice_12.mat,file_brain_AXT1POST_205_2050102,AXT1POST,12,TRAIN,Success
file_brain_AXT1POST_205_2050102/processed/slice_13.mat,file_brain_AXT1POST_205_2050102,AXT1POST,13,TRAIN,Success
file_brain_AXT1POST_205_2050102/processed/slice_14.mat,file_brain_AXT1POST_205_2050102,AXT1POST,14,TRAIN,Success
file_brain_AXT1POST_205_2050159/processed/slice_1.mat,file_brain_AXT1POST_205_2050159,AXT1POST,1,TRAIN,Success
file_brain_AXT1POST_205_2050159/processed/slice_2.mat,file_brain_AXT1POST_205_2050159,AXT1POST,2,TRAIN,Success
file_brain_AXT1POST_205_2050159/processed/slice_3.mat,file_brain_AXT1POST_205_2050159,AXT1POST,3,TRAIN,Success
file_brain_AXT1POST_205_2050159/processed/slice_4.mat,file_brain_AXT1POST_205_2050159,AXT1POST,4,TRAIN,Success
file_brain_AXT1POST_205_2050159/processed/slice_5.mat,file_brain_AXT1POST_205_2050159,AXT1POST,5,TRAIN,Success
file_brain_AXT1POST_205_2050159/processed/slice_6.mat,file_brain_AXT1POST_205_2050159,AXT1POST,6,TRAIN,Success
file_brain_AXT1POST_205_2050159/processed/slice_7.mat,file_brain_AXT1POST_205_2050159,AXT1POST,7,TRAIN,Success
file_brain_AXT1POST_205_2050159/processed/slice_8.mat,file_brain_AXT1POST_205_2050159,AXT1POST,8,TRAIN,Success
file_brain_AXT1POST_205_2050159/processed/slice_9.mat,file_brain_AXT1POST_205_2050159,AXT1POST,9,TRAIN,Success
file_brain_AXT1POST_205_2050159/processed/slice_10.mat,file_brain_AXT1POST_205_2050159,AXT1POST,10,TRAIN,Success
file_brain_AXT1POST_205_2050159/processed/slice_11.mat,file_brain_AXT1POST_205_2050159,AXT1POST,11,TRAIN,Success
file_brain_AXT1POST_205_2050159/processed/slice_12.mat,file_brain_AXT1POST_205_2050159,AXT1POST,12,TRAIN,Success
file_brain_AXT1POST_205_2050159/processed/slice_13.mat,file_brain_AXT1POST_205_2050159,AXT1POST,13,TRAIN,Success
file_brain_AXT1POST_205_2050159/processed/slice_14.mat,file_brain_AXT1POST_205_2050159,AXT1POST,14,TRAIN,Success
file_brain_AXT1POST_205_2050255/processed/slice_1.mat,file_brain_AXT1POST_205_2050255,AXT1POST,1,TRAIN,Success
file_brain_AXT1POST_205_2050255/processed/slice_2.mat,file_brain_AXT1POST_205_2050255,AXT1POST,2,TRAIN,Success
file_brain_AXT1POST_205_2050255/processed/slice_3.mat,file_brain_AXT1POST_205_2050255,AXT1POST,3,TRAIN,Success
file_brain_AXT1POST_205_2050255/processed/slice_4.mat,file_brain_AXT1POST_205_2050255,AXT1POST,4,TRAIN,Success
file_brain_AXT1POST_205_2050255/processed/slice_5.mat,file_brain_AXT1POST_205_2050255,AXT1POST,5,TRAIN,Success
file_brain_AXT1POST_205_2050255/processed/slice_6.mat,file_brain_AXT1POST_205_2050255,AXT1POST,6,TRAIN,Success
file_brain_AXT1POST_205_2050255/processed/slice_7.mat,file_brain_AXT1POST_205_2050255,AXT1POST,7,TRAIN,Success
file_brain_AXT1POST_205_2050255/processed/slice_8.mat,file_brain_AXT1POST_205_2050255,AXT1POST,8,TRAIN,Success
file_brain_AXT1POST_205_2050255/processed/slice_9.mat,file_brain_AXT1POST_205_2050255,AXT1POST,9,TRAIN,Success
file_brain_AXT1POST_205_2050255/processed/slice_10.mat,file_brain_AXT1POST_205_2050255,AXT1POST,10,TRAIN,Success
file_brain_AXT1POST_205_2050255/processed/slice_11.mat,file_brain_AXT1POST_205_2050255,AXT1POST,11,TRAIN,Success
file_brain_AXT1POST_205_2050255/processed/slice_12.mat,file_brain_AXT1POST_205_2050255,AXT1POST,12,TRAIN,Success
file_brain_AXT1POST_205_2050255/processed/slice_13.mat,file_brain_AXT1POST_205_2050255,AXT1POST,13,TRAIN,Success
file_brain_AXT1POST_205_2050255/processed/slice_14.mat,file_brain_AXT1POST_205_2050255,AXT1POST,14,TRAIN,Success
file_brain_AXT1POST_205_2050255/processed/slice_15.mat,file_brain_AXT1POST_205_2050255,AXT1POST,15,TRAIN,Success
file_brain_AXT1POST_205_2050255/processed/slice_16.mat,file_brain_AXT1POST_205_2050255,AXT1POST,16,TRAIN,Success
file_brain_AXT1POST_205_6000023/processed/slice_1.mat,file_brain_AXT1POST_205_6000023,AXT1POST,1,VAL,Success
file_brain_AXT1POST_205_6000023/processed/slice_2.mat,file_brain_AXT1POST_205_6000023,AXT1POST,2,VAL,Success
file_brain_AXT1POST_205_6000023/processed/slice_3.mat,file_brain_AXT1POST_205_6000023,AXT1POST,3,VAL,Success
file_brain_AXT1POST_205_6000023/processed/slice_4.mat,file_brain_AXT1POST_205_6000023,AXT1POST,4,VAL,Success
file_brain_AXT1POST_205_6000023/processed/slice_5.mat,file_brain_AXT1POST_205_6000023,AXT1POST,5,VAL,Success
file_brain_AXT1POST_205_6000023/processed/slice_6.mat,file_brain_AXT1POST_205_6000023,AXT1POST,6,VAL,Success
file_brain_AXT1POST_205_6000023/processed/slice_7.mat,file_brain_AXT1POST_205_6000023,AXT1POST,7,VAL,Success
file_brain_AXT1POST_205_6000023/processed/slice_8.mat,file_brain_AXT1POST_205_6000023,AXT1POST,8,VAL,Success
file_brain_AXT1POST_205_6000023/processed/slice_9.mat,file_brain_AXT1POST_205_6000023,AXT1POST,9,VAL,Success
file_brain_AXT1POST_205_6000023/processed/slice_10.mat,file_brain_AXT1POST_205_6000023,AXT1POST,10,VAL,Success
file_brain_AXT1POST_205_6000023/processed/slice_11.mat,file_brain_AXT1POST_205_6000023,AXT1POST,11,VAL,Success
file_brain_AXT1POST_205_6000023/processed/slice_12.mat,file_brain_AXT1POST_205_6000023,AXT1POST,12,VAL,Success
file_brain_AXT1POST_205_6000023/processed/slice_13.mat,file_brain_AXT1POST_205_6000023,AXT1POST,13,VAL,Success
file_brain_AXT1POST_205_6000023/processed/slice_14.mat,file_brain_AXT1POST_205_6000023,AXT1POST,14,VAL,Success
file_brain_AXT1POST_205_6000153/processed/slice_1.mat,file_brain_AXT1POST_205_6000153,AXT1POST,1,TRAIN,Success
file_brain_AXT1POST_205_6000153/processed/slice_2.mat,file_brain_AXT1POST_205_6000153,AXT1POST,2,TRAIN,Success
file_brain_AXT1POST_205_6000153/processed/slice_3.mat,file_brain_AXT1POST_205_6000153,AXT1POST,3,TRAIN,Success
file_brain_AXT1POST_205_6000153/processed/slice_4.mat,file_brain_AXT1POST_205_6000153,AXT1POST,4,TRAIN,Success
file_brain_AXT1POST_205_6000153/processed/slice_5.mat,file_brain_AXT1POST_205_6000153,AXT1POST,5,TRAIN,Success
file_brain_AXT1POST_205_6000153/processed/slice_6.mat,file_brain_AXT1POST_205_6000153,AXT1POST,6,TRAIN,Success
file_brain_AXT1POST_205_6000153/processed/slice_7.mat,file_brain_AXT1POST_205_6000153,AXT1POST,7,TRAIN,Success
file_brain_AXT1POST_205_6000153/processed/slice_8.mat,file_brain_AXT1POST_205_6000153,AXT1POST,8,TRAIN,Success
file_brain_AXT1POST_205_6000153/processed/slice_9.mat,file_brain_AXT1POST_205_6000153,AXT1POST,9,TRAIN,Success
file_brain_AXT1POST_205_6000153/processed/slice_10.mat,file_brain_AXT1POST_205_6000153,AXT1POST,10,TRAIN,Success
file_brain_AXT1POST_205_6000153/processed/slice_11.mat,file_brain_AXT1POST_205_6000153,AXT1POST,11,TRAIN,Success
file_brain_AXT1POST_205_6000153/processed/slice_12.mat,file_brain_AXT1POST_205_6000153,AXT1POST,12,TRAIN,Success
file_brain_AXT1POST_205_6000153/processed/slice_13.mat,file_brain_AXT1POST_205_6000153,AXT1POST,13,TRAIN,Success
file_brain_AXT1POST_205_6000153/processed/slice_14.mat,file_brain_AXT1POST_205_6000153,AXT1POST,14,TRAIN,Success
file_brain_AXT1POST_205_6000153/processed/slice_15.mat,file_brain_AXT1POST_205_6000153,AXT1POST,15,TRAIN,Success
file_brain_AXT1POST_205_6000153/processed/slice_16.mat,file_brain_AXT1POST_205_6000153,AXT1POST,16,TRAIN,Success
file_brain_AXT1POST_205_6000162/processed/slice_1.mat,file_brain_AXT1POST_205_6000162,AXT1POST,1,TRAIN,Success
file_brain_AXT1POST_205_6000162/processed/slice_2.mat,file_brain_AXT1POST_205_6000162,AXT1POST,2,TRAIN,Success
file_brain_AXT1POST_205_6000162/processed/slice_3.mat,file_brain_AXT1POST_205_6000162,AXT1POST,3,TRAIN,Success
file_brain_AXT1POST_205_6000162/processed/slice_4.mat,file_brain_AXT1POST_205_6000162,AXT1POST,4,TRAIN,Success
file_brain_AXT1POST_205_6000162/processed/slice_5.mat,file_brain_AXT1POST_205_6000162,AXT1POST,5,TRAIN,Success
file_brain_AXT1POST_205_6000162/processed/slice_6.mat,file_brain_AXT1POST_205_6000162,AXT1POST,6,TRAIN,Success
file_brain_AXT1POST_205_6000162/processed/slice_7.mat,file_brain_AXT1POST_205_6000162,AXT1POST,7,TRAIN,Success
file_brain_AXT1POST_205_6000162/processed/slice_8.mat,file_brain_AXT1POST_205_6000162,AXT1POST,8,TRAIN,Success
file_brain_AXT1POST_205_6000162/processed/slice_9.mat,file_brain_AXT1POST_205_6000162,AXT1POST,9,TRAIN,Success
file_brain_AXT1POST_205_6000162/processed/slice_10.mat,file_brain_AXT1POST_205_6000162,AXT1POST,10,TRAIN,Success
file_brain_AXT1POST_205_6000162/processed/slice_11.mat,file_brain_AXT1POST_205_6000162,AXT1POST,11,TRAIN,Success
file_brain_AXT1POST_205_6000162/processed/slice_12.mat,file_brain_AXT1POST_205_6000162,AXT1POST,12,TRAIN,Success
file_brain_AXT1POST_205_6000162/processed/slice_13.mat,file_brain_AXT1POST_205_6000162,AXT1POST,13,TRAIN,Success
file_brain_AXT1POST_205_6000162/processed/slice_14.mat,file_brain_AXT1POST_205_6000162,AXT1POST,14,TRAIN,Success
file_brain_AXT1POST_205_6000162/processed/slice_15.mat,file_brain_AXT1POST_205_6000162,AXT1POST,15,TRAIN,Success
file_brain_AXT1POST_205_6000162/processed/slice_16.mat,file_brain_AXT1POST_205_6000162,AXT1POST,16,TRAIN,Success
file_brain_AXT1POST_207_2070034/processed/slice_1.mat,file_brain_AXT1POST_207_2070034,AXT1POST,1,TRAIN,Success
file_brain_AXT1POST_207_2070034/processed/slice_2.mat,file_brain_AXT1POST_207_2070034,AXT1POST,2,TRAIN,Success
file_brain_AXT1POST_207_2070034/processed/slice_3.mat,file_brain_AXT1POST_207_2070034,AXT1POST,3,TRAIN,Success
file_brain_AXT1POST_207_2070034/processed/slice_4.mat,file_brain_AXT1POST_207_2070034,AXT1POST,4,TRAIN,Success
file_brain_AXT1POST_207_2070034/processed/slice_5.mat,file_brain_AXT1POST_207_2070034,AXT1POST,5,TRAIN,Success
file_brain_AXT1POST_207_2070034/processed/slice_6.mat,file_brain_AXT1POST_207_2070034,AXT1POST,6,TRAIN,Success
file_brain_AXT1POST_207_2070034/processed/slice_7.mat,file_brain_AXT1POST_207_2070034,AXT1POST,7,TRAIN,Success
file_brain_AXT1POST_207_2070034/processed/slice_8.mat,file_brain_AXT1POST_207_2070034,AXT1POST,8,TRAIN,Success
file_brain_AXT1POST_207_2070034/processed/slice_9.mat,file_brain_AXT1POST_207_2070034,AXT1POST,9,TRAIN,Success
file_brain_AXT1POST_207_2070034/processed/slice_10.mat,file_brain_AXT1POST_207_2070034,AXT1POST,10,TRAIN,Success
file_brain_AXT1POST_207_2070034/processed/slice_11.mat,file_brain_AXT1POST_207_2070034,AXT1POST,11,TRAIN,Success
file_brain_AXT1POST_207_2070034/processed/slice_12.mat,file_brain_AXT1POST_207_2070034,AXT1POST,12,TRAIN,Success
file_brain_AXT1POST_207_2070034/processed/slice_13.mat,file_brain_AXT1POST_207_2070034,AXT1POST,13,TRAIN,Success
file_brain_AXT1POST_207_2070034/processed/slice_14.mat,file_brain_AXT1POST_207_2070034,AXT1POST,14,TRAIN,Success
file_brain_AXT1POST_207_2070034/processed/slice_15.mat,file_brain_AXT1POST_207_2070034,AXT1POST,15,TRAIN,Success
file_brain_AXT1POST_207_2070034/processed/slice_16.mat,file_brain_AXT1POST_207_2070034,AXT1POST,16,TRAIN,Success
file_brain_AXT1POST_207_2070099/processed/slice_1.mat,file_brain_AXT1POST_207_2070099,AXT1POST,1,TRAIN,Success
file_brain_AXT1POST_207_2070099/processed/slice_2.mat,file_brain_AXT1POST_207_2070099,AXT1POST,2,TRAIN,Success
file_brain_AXT1POST_207_2070099/processed/slice_3.mat,file_brain_AXT1POST_207_2070099,AXT1POST,3,TRAIN,Success
file_brain_AXT1POST_207_2070099/processed/slice_4.mat,file_brain_AXT1POST_207_2070099,AXT1POST,4,TRAIN,Success
file_brain_AXT1POST_207_2070099/processed/slice_5.mat,file_brain_AXT1POST_207_2070099,AXT1POST,5,TRAIN,Success
file_brain_AXT1POST_207_2070099/processed/slice_6.mat,file_brain_AXT1POST_207_2070099,AXT1POST,6,TRAIN,Success
file_brain_AXT1POST_207_2070099/processed/slice_7.mat,file_brain_AXT1POST_207_2070099,AXT1POST,7,TRAIN,Success
file_brain_AXT1POST_207_2070099/processed/slice_8.mat,file_brain_AXT1POST_207_2070099,AXT1POST,8,TRAIN,Success
file_brain_AXT1POST_207_2070099/processed/slice_9.mat,file_brain_AXT1POST_207_2070099,AXT1POST,9,TRAIN,Success
file_brain_AXT1POST_207_2070099/processed/slice_10.mat,file_brain_AXT1POST_207_2070099,AXT1POST,10,TRAIN,Success
file_brain_AXT1POST_207_2070099/processed/slice_11.mat,file_brain_AXT1POST_207_2070099,AXT1POST,11,TRAIN,Success
file_brain_AXT1POST_207_2070099/processed/slice_12.mat,file_brain_AXT1POST_207_2070099,AXT1POST,12,TRAIN,Success
file_brain_AXT1POST_207_2070099/processed/slice_13.mat,file_brain_AXT1POST_207_2070099,AXT1POST,13,TRAIN,Success
file_brain_AXT1POST_207_2070099/processed/slice_14.mat,file_brain_AXT1POST_207_2070099,AXT1POST,14,TRAIN,Success
file_brain_AXT1POST_207_2070099/processed/slice_15.mat,file_brain_AXT1POST_207_2070099,AXT1POST,15,TRAIN,Success
file_brain_AXT1POST_207_2070099/processed/slice_16.mat,file_brain_AXT1POST_207_2070099,AXT1POST,16,TRAIN,Success
file_brain_AXT1POST_207_2070133/processed/slice_1.mat,file_brain_AXT1POST_207_2070133,AXT1POST,1,TRAIN,Success
file_brain_AXT1POST_207_2070133/processed/slice_2.mat,file_brain_AXT1POST_207_2070133,AXT1POST,2,TRAIN,Success
file_brain_AXT1POST_207_2070133/processed/slice_3.mat,file_brain_AXT1POST_207_2070133,AXT1POST,3,TRAIN,Success
file_brain_AXT1POST_207_2070133/processed/slice_4.mat,file_brain_AXT1POST_207_2070133,AXT1POST,4,TRAIN,Success
file_brain_AXT1POST_207_2070133/processed/slice_5.mat,file_brain_AXT1POST_207_2070133,AXT1POST,5,TRAIN,Success
file_brain_AXT1POST_207_2070133/processed/slice_6.mat,file_brain_AXT1POST_207_2070133,AXT1POST,6,TRAIN,Success
file_brain_AXT1POST_207_2070133/processed/slice_7.mat,file_brain_AXT1POST_207_2070133,AXT1POST,7,TRAIN,Success
file_brain_AXT1POST_207_2070133/processed/slice_8.mat,file_brain_AXT1POST_207_2070133,AXT1POST,8,TRAIN,Success
file_brain_AXT1POST_207_2070133/processed/slice_9.mat,file_brain_AXT1POST_207_2070133,AXT1POST,9,TRAIN,Success
file_brain_AXT1POST_207_2070133/processed/slice_10.mat,file_brain_AXT1POST_207_2070133,AXT1POST,10,TRAIN,Success
file_brain_AXT1POST_207_2070133/processed/slice_11.mat,file_brain_AXT1POST_207_2070133,AXT1POST,11,TRAIN,Success
file_brain_AXT1POST_207_2070133/processed/slice_12.mat,file_brain_AXT1POST_207_2070133,AXT1POST,12,TRAIN,Success
file_brain_AXT1POST_207_2070133/processed/slice_13.mat,file_brain_AXT1POST_207_2070133,AXT1POST,13,TRAIN,Success
file_brain_AXT1POST_207_2070133/processed/slice_14.mat,file_brain_AXT1POST_207_2070133,AXT1POST,14,TRAIN,Success
file_brain_AXT1POST_207_2070133/processed/slice_15.mat,file_brain_AXT1POST_207_2070133,AXT1POST,15,TRAIN,Success
file_brain_AXT1POST_207_2070133/processed/slice_16.mat,file_brain_AXT1POST_207_2070133,AXT1POST,16,TRAIN,Success
file_brain_AXT1POST_207_2070143/processed/slice_1.mat,file_brain_AXT1POST_207_2070143,AXT1POST,1,VAL,Success
file_brain_AXT1POST_207_2070143/processed/slice_2.mat,file_brain_AXT1POST_207_2070143,AXT1POST,2,VAL,Success
file_brain_AXT1POST_207_2070143/processed/slice_3.mat,file_brain_AXT1POST_207_2070143,AXT1POST,3,VAL,Success
file_brain_AXT1POST_207_2070143/processed/slice_4.mat,file_brain_AXT1POST_207_2070143,AXT1POST,4,VAL,Success
file_brain_AXT1POST_207_2070143/processed/slice_5.mat,file_brain_AXT1POST_207_2070143,AXT1POST,5,VAL,Success
file_brain_AXT1POST_207_2070143/processed/slice_6.mat,file_brain_AXT1POST_207_2070143,AXT1POST,6,VAL,Success
file_brain_AXT1POST_207_2070143/processed/slice_7.mat,file_brain_AXT1POST_207_2070143,AXT1POST,7,VAL,Success
file_brain_AXT1POST_207_2070143/processed/slice_8.mat,file_brain_AXT1POST_207_2070143,AXT1POST,8,VAL,Success
file_brain_AXT1POST_207_2070143/processed/slice_9.mat,file_brain_AXT1POST_207_2070143,AXT1POST,9,VAL,Success
file_brain_AXT1POST_207_2070143/processed/slice_10.mat,file_brain_AXT1POST_207_2070143,AXT1POST,10,VAL,Success
file_brain_AXT1POST_207_2070143/processed/slice_11.mat,file_brain_AXT1POST_207_2070143,AXT1POST,11,VAL,Success
file_brain_AXT1POST_207_2070143/processed/slice_12.mat,file_brain_AXT1POST_207_2070143,AXT1POST,12,VAL,Success
file_brain_AXT1POST_207_2070143/processed/slice_13.mat,file_brain_AXT1POST_207_2070143,AXT1POST,13,VAL,Success
file_brain_AXT1POST_207_2070143/processed/slice_14.mat,file_brain_AXT1POST_207_2070143,AXT1POST,14,VAL,Success
file_brain_AXT1POST_207_2070143/processed/slice_15.mat,file_brain_AXT1POST_207_2070143,AXT1POST,15,VAL,Success
file_brain_AXT1POST_207_2070143/processed/slice_16.mat,file_brain_AXT1POST_207_2070143,AXT1POST,16,VAL,Success
file_brain_AXT1POST_207_2070179/processed/slice_1.mat,file_brain_AXT1POST_207_2070179,AXT1POST,1,TRAIN,Success
file_brain_AXT1POST_207_2070179/processed/slice_2.mat,file_brain_AXT1POST_207_2070179,AXT1POST,2,TRAIN,Success
file_brain_AXT1POST_207_2070179/processed/slice_3.mat,file_brain_AXT1POST_207_2070179,AXT1POST,3,TRAIN,Success
file_brain_AXT1POST_207_2070179/processed/slice_4.mat,file_brain_AXT1POST_207_2070179,AXT1POST,4,TRAIN,Success
file_brain_AXT1POST_207_2070179/processed/slice_5.mat,file_brain_AXT1POST_207_2070179,AXT1POST,5,TRAIN,Success
file_brain_AXT1POST_207_2070179/processed/slice_6.mat,file_brain_AXT1POST_207_2070179,AXT1POST,6,TRAIN,Success
file_brain_AXT1POST_207_2070179/processed/slice_7.mat,file_brain_AXT1POST_207_2070179,AXT1POST,7,TRAIN,Success
file_brain_AXT1POST_207_2070179/processed/slice_8.mat,file_brain_AXT1POST_207_2070179,AXT1POST,8,TRAIN,Success
file_brain_AXT1POST_207_2070179/processed/slice_9.mat,file_brain_AXT1POST_207_2070179,AXT1POST,9,TRAIN,Success
file_brain_AXT1POST_207_2070179/processed/slice_10.mat,file_brain_AXT1POST_207_2070179,AXT1POST,10,TRAIN,Success
file_brain_AXT1POST_207_2070179/processed/slice_11.mat,file_brain_AXT1POST_207_2070179,AXT1POST,11,TRAIN,Success
file_brain_AXT1POST_207_2070179/processed/slice_12.mat,file_brain_AXT1POST_207_2070179,AXT1POST,12,TRAIN,Success
file_brain_AXT1POST_207_2070179/processed/slice_13.mat,file_brain_AXT1POST_207_2070179,AXT1POST,13,TRAIN,Success
file_brain_AXT1POST_207_2070179/processed/slice_14.mat,file_brain_AXT1POST_207_2070179,AXT1POST,14,TRAIN,Success
file_brain_AXT1POST_207_2070179/processed/slice_15.mat,file_brain_AXT1POST_207_2070179,AXT1POST,15,TRAIN,Success
file_brain_AXT1POST_207_2070179/processed/slice_16.mat,file_brain_AXT1POST_207_2070179,AXT1POST,16,TRAIN,Success
file_brain_AXT1POST_207_2070214/processed/slice_1.mat,file_brain_AXT1POST_207_2070214,AXT1POST,1,VAL,Success
file_brain_AXT1POST_207_2070214/processed/slice_2.mat,file_brain_AXT1POST_207_2070214,AXT1POST,2,VAL,Success
file_brain_AXT1POST_207_2070214/processed/slice_3.mat,file_brain_AXT1POST_207_2070214,AXT1POST,3,VAL,Success
file_brain_AXT1POST_207_2070214/processed/slice_4.mat,file_brain_AXT1POST_207_2070214,AXT1POST,4,VAL,Success
file_brain_AXT1POST_207_2070214/processed/slice_5.mat,file_brain_AXT1POST_207_2070214,AXT1POST,5,VAL,Success
file_brain_AXT1POST_207_2070214/processed/slice_6.mat,file_brain_AXT1POST_207_2070214,AXT1POST,6,VAL,Success
file_brain_AXT1POST_207_2070214/processed/slice_7.mat,file_brain_AXT1POST_207_2070214,AXT1POST,7,VAL,Success
file_brain_AXT1POST_207_2070214/processed/slice_8.mat,file_brain_AXT1POST_207_2070214,AXT1POST,8,VAL,Success
file_brain_AXT1POST_207_2070214/processed/slice_9.mat,file_brain_AXT1POST_207_2070214,AXT1POST,9,VAL,Success
file_brain_AXT1POST_207_2070214/processed/slice_10.mat,file_brain_AXT1POST_207_2070214,AXT1POST,10,VAL,Success
file_brain_AXT1POST_207_2070214/processed/slice_11.mat,file_brain_AXT1POST_207_2070214,AXT1POST,11,VAL,Success
file_brain_AXT1POST_207_2070214/processed/slice_12.mat,file_brain_AXT1POST_207_2070214,AXT1POST,12,VAL,Success
file_brain_AXT1POST_207_2070214/processed/slice_13.mat,file_brain_AXT1POST_207_2070214,AXT1POST,13,VAL,Success
file_brain_AXT1POST_207_2070214/processed/slice_14.mat,file_brain_AXT1POST_207_2070214,AXT1POST,14,VAL,Success
file_brain_AXT1POST_207_2070214/processed/slice_15.mat,file_brain_AXT1POST_207_2070214,AXT1POST,15,VAL,Success
file_brain_AXT1POST_207_2070214/processed/slice_16.mat,file_brain_AXT1POST_207_2070214,AXT1POST,16,VAL,Success
file_brain_AXT1POST_207_2070241/processed/slice_1.mat,file_brain_AXT1POST_207_2070241,AXT1POST,1,TRAIN,Success
file_brain_AXT1POST_207_2070241/processed/slice_2.mat,file_brain_AXT1POST_207_2070241,AXT1POST,2,TRAIN,Success
file_brain_AXT1POST_207_2070241/processed/slice_3.mat,file_brain_AXT1POST_207_2070241,AXT1POST,3,TRAIN,Success
file_brain_AXT1POST_207_2070241/processed/slice_4.mat,file_brain_AXT1POST_207_2070241,AXT1POST,4,TRAIN,Success
file_brain_AXT1POST_207_2070241/processed/slice_5.mat,file_brain_AXT1POST_207_2070241,AXT1POST,5,TRAIN,Success
file_brain_AXT1POST_207_2070241/processed/slice_6.mat,file_brain_AXT1POST_207_2070241,AXT1POST,6,TRAIN,Success
file_brain_AXT1POST_207_2070241/processed/slice_7.mat,file_brain_AXT1POST_207_2070241,AXT1POST,7,TRAIN,Success
file_brain_AXT1POST_207_2070241/processed/slice_8.mat,file_brain_AXT1POST_207_2070241,AXT1POST,8,TRAIN,Success
file_brain_AXT1POST_207_2070241/processed/slice_9.mat,file_brain_AXT1POST_207_2070241,AXT1POST,9,TRAIN,Success
file_brain_AXT1POST_207_2070241/processed/slice_10.mat,file_brain_AXT1POST_207_2070241,AXT1POST,10,TRAIN,Success
file_brain_AXT1POST_207_2070241/processed/slice_11.mat,file_brain_AXT1POST_207_2070241,AXT1POST,11,TRAIN,Success
file_brain_AXT1POST_207_2070241/processed/slice_12.mat,file_brain_AXT1POST_207_2070241,AXT1POST,12,TRAIN,Success
file_brain_AXT1POST_207_2070241/processed/slice_13.mat,file_brain_AXT1POST_207_2070241,AXT1POST,13,TRAIN,Success
file_brain_AXT1POST_207_2070241/processed/slice_14.mat,file_brain_AXT1POST_207_2070241,AXT1POST,14,TRAIN,Success
file_brain_AXT1POST_207_2070241/processed/slice_15.mat,file_brain_AXT1POST_207_2070241,AXT1POST,15,TRAIN,Success
file_brain_AXT1POST_207_2070241/processed/slice_16.mat,file_brain_AXT1POST_207_2070241,AXT1POST,16,TRAIN,Success
file_brain_AXT1POST_207_2070251/processed/slice_1.mat,file_brain_AXT1POST_207_2070251,AXT1POST,1,TRAIN,Success
file_brain_AXT1POST_207_2070251/processed/slice_2.mat,file_brain_AXT1POST_207_2070251,AXT1POST,2,TRAIN,Success
file_brain_AXT1POST_207_2070251/processed/slice_3.mat,file_brain_AXT1POST_207_2070251,AXT1POST,3,TRAIN,Success
file_brain_AXT1POST_207_2070251/processed/slice_4.mat,file_brain_AXT1POST_207_2070251,AXT1POST,4,TRAIN,Success
file_brain_AXT1POST_207_2070251/processed/slice_5.mat,file_brain_AXT1POST_207_2070251,AXT1POST,5,TRAIN,Success
file_brain_AXT1POST_207_2070251/processed/slice_6.mat,file_brain_AXT1POST_207_2070251,AXT1POST,6,TRAIN,Success
file_brain_AXT1POST_207_2070251/processed/slice_7.mat,file_brain_AXT1POST_207_2070251,AXT1POST,7,TRAIN,Success
file_brain_AXT1POST_207_2070251/processed/slice_8.mat,file_brain_AXT1POST_207_2070251,AXT1POST,8,TRAIN,Success
file_brain_AXT1POST_207_2070251/processed/slice_9.mat,file_brain_AXT1POST_207_2070251,AXT1POST,9,TRAIN,Success
file_brain_AXT1POST_207_2070251/processed/slice_10.mat,file_brain_AXT1POST_207_2070251,AXT1POST,10,TRAIN,Success
file_brain_AXT1POST_207_2070251/processed/slice_11.mat,file_brain_AXT1POST_207_2070251,AXT1POST,11,TRAIN,Success
file_brain_AXT1POST_207_2070251/processed/slice_12.mat,file_brain_AXT1POST_207_2070251,AXT1POST,12,TRAIN,Success
file_brain_AXT1POST_207_2070251/processed/slice_13.mat,file_brain_AXT1POST_207_2070251,AXT1POST,13,TRAIN,Success
file_brain_AXT1POST_207_2070251/processed/slice_14.mat,file_brain_AXT1POST_207_2070251,AXT1POST,14,TRAIN,Success
file_brain_AXT1POST_207_2070251/processed/slice_15.mat,file_brain_AXT1POST_207_2070251,AXT1POST,15,TRAIN,Success
file_brain_AXT1POST_207_2070251/processed/slice_16.mat,file_brain_AXT1POST_207_2070251,AXT1POST,16,TRAIN,Success
file_brain_AXT1POST_207_2070263/processed/slice_1.mat,file_brain_AXT1POST_207_2070263,AXT1POST,1,VAL,Success
file_brain_AXT1POST_207_2070263/processed/slice_2.mat,file_brain_AXT1POST_207_2070263,AXT1POST,2,VAL,Success
file_brain_AXT1POST_207_2070263/processed/slice_3.mat,file_brain_AXT1POST_207_2070263,AXT1POST,3,VAL,Success
file_brain_AXT1POST_207_2070263/processed/slice_4.mat,file_brain_AXT1POST_207_2070263,AXT1POST,4,VAL,Success
file_brain_AXT1POST_207_2070263/processed/slice_5.mat,file_brain_AXT1POST_207_2070263,AXT1POST,5,VAL,Success
file_brain_AXT1POST_207_2070263/processed/slice_6.mat,file_brain_AXT1POST_207_2070263,AXT1POST,6,VAL,Success
file_brain_AXT1POST_207_2070263/processed/slice_7.mat,file_brain_AXT1POST_207_2070263,AXT1POST,7,VAL,Success
file_brain_AXT1POST_207_2070263/processed/slice_8.mat,file_brain_AXT1POST_207_2070263,AXT1POST,8,VAL,Success
file_brain_AXT1POST_207_2070263/processed/slice_9.mat,file_brain_AXT1POST_207_2070263,AXT1POST,9,VAL,Success
file_brain_AXT1POST_207_2070263/processed/slice_10.mat,file_brain_AXT1POST_207_2070263,AXT1POST,10,VAL,Success
file_brain_AXT1POST_207_2070263/processed/slice_11.mat,file_brain_AXT1POST_207_2070263,AXT1POST,11,VAL,Success
file_brain_AXT1POST_207_2070263/processed/slice_12.mat,file_brain_AXT1POST_207_2070263,AXT1POST,12,VAL,Success
file_brain_AXT1POST_207_2070263/processed/slice_13.mat,file_brain_AXT1POST_207_2070263,AXT1POST,13,VAL,Success
file_brain_AXT1POST_207_2070263/processed/slice_14.mat,file_brain_AXT1POST_207_2070263,AXT1POST,14,VAL,Success
file_brain_AXT1POST_207_2070263/processed/slice_15.mat,file_brain_AXT1POST_207_2070263,AXT1POST,15,VAL,Success
file_brain_AXT1POST_207_2070263/processed/slice_16.mat,file_brain_AXT1POST_207_2070263,AXT1POST,16,VAL,Success
file_brain_AXT1POST_207_2070357/processed/slice_1.mat,file_brain_AXT1POST_207_2070357,AXT1POST,1,VAL,Success
file_brain_AXT1POST_207_2070357/processed/slice_2.mat,file_brain_AXT1POST_207_2070357,AXT1POST,2,VAL,Success
file_brain_AXT1POST_207_2070357/processed/slice_3.mat,file_brain_AXT1POST_207_2070357,AXT1POST,3,VAL,Success
file_brain_AXT1POST_207_2070357/processed/slice_4.mat,file_brain_AXT1POST_207_2070357,AXT1POST,4,VAL,Success
file_brain_AXT1POST_207_2070357/processed/slice_5.mat,file_brain_AXT1POST_207_2070357,AXT1POST,5,VAL,Success
file_brain_AXT1POST_207_2070357/processed/slice_6.mat,file_brain_AXT1POST_207_2070357,AXT1POST,6,VAL,Success
file_brain_AXT1POST_207_2070357/processed/slice_7.mat,file_brain_AXT1POST_207_2070357,AXT1POST,7,VAL,Success
file_brain_AXT1POST_207_2070357/processed/slice_8.mat,file_brain_AXT1POST_207_2070357,AXT1POST,8,VAL,Success
file_brain_AXT1POST_207_2070357/processed/slice_9.mat,file_brain_AXT1POST_207_2070357,AXT1POST,9,VAL,Success
file_brain_AXT1POST_207_2070357/processed/slice_10.mat,file_brain_AXT1POST_207_2070357,AXT1POST,10,VAL,Success
file_brain_AXT1POST_207_2070357/processed/slice_11.mat,file_brain_AXT1POST_207_2070357,AXT1POST,11,VAL,Success
file_brain_AXT1POST_207_2070357/processed/slice_12.mat,file_brain_AXT1POST_207_2070357,AXT1POST,12,VAL,Success
file_brain_AXT1POST_207_2070357/processed/slice_13.mat,file_brain_AXT1POST_207_2070357,AXT1POST,13,VAL,Success
file_brain_AXT1POST_207_2070357/processed/slice_14.mat,file_brain_AXT1POST_207_2070357,AXT1POST,14,VAL,Success
file_brain_AXT1POST_207_2070357/processed/slice_15.mat,file_brain_AXT1POST_207_2070357,AXT1POST,15,VAL,Success
file_brain_AXT1POST_207_2070357/processed/slice_16.mat,file_brain_AXT1POST_207_2070357,AXT1POST,16,VAL,Success
file_brain_AXT1POST_207_2070404/processed/slice_1.mat,file_brain_AXT1POST_207_2070404,AXT1POST,1,TRAIN,Success
file_brain_AXT1POST_207_2070404/processed/slice_2.mat,file_brain_AXT1POST_207_2070404,AXT1POST,2,TRAIN,Success
file_brain_AXT1POST_207_2070404/processed/slice_3.mat,file_brain_AXT1POST_207_2070404,AXT1POST,3,TRAIN,Success
file_brain_AXT1POST_207_2070404/processed/slice_4.mat,file_brain_AXT1POST_207_2070404,AXT1POST,4,TRAIN,Success
file_brain_AXT1POST_207_2070404/processed/slice_5.mat,file_brain_AXT1POST_207_2070404,AXT1POST,5,TRAIN,Success
file_brain_AXT1POST_207_2070404/processed/slice_6.mat,file_brain_AXT1POST_207_2070404,AXT1POST,6,TRAIN,Success
file_brain_AXT1POST_207_2070404/processed/slice_7.mat,file_brain_AXT1POST_207_2070404,AXT1POST,7,TRAIN,Success
file_brain_AXT1POST_207_2070404/processed/slice_8.mat,file_brain_AXT1POST_207_2070404,AXT1POST,8,TRAIN,Success
file_brain_AXT1POST_207_2070404/processed/slice_9.mat,file_brain_AXT1POST_207_2070404,AXT1POST,9,TRAIN,Success
file_brain_AXT1POST_207_2070404/processed/slice_10.mat,file_brain_AXT1POST_207_2070404,AXT1POST,10,TRAIN,Success
file_brain_AXT1POST_207_2070404/processed/slice_11.mat,file_brain_AXT1POST_207_2070404,AXT1POST,11,TRAIN,Success
file_brain_AXT1POST_207_2070404/processed/slice_12.mat,file_brain_AXT1POST_207_2070404,AXT1POST,12,TRAIN,Success
file_brain_AXT1POST_207_2070404/processed/slice_13.mat,file_brain_AXT1POST_207_2070404,AXT1POST,13,TRAIN,Success
file_brain_AXT1POST_207_2070404/processed/slice_14.mat,file_brain_AXT1POST_207_2070404,AXT1POST,14,TRAIN,Success
file_brain_AXT1POST_207_2070404/processed/slice_15.mat,file_brain_AXT1POST_207_2070404,AXT1POST,15,TRAIN,Success
file_brain_AXT1POST_207_2070404/processed/slice_16.mat,file_brain_AXT1POST_207_2070404,AXT1POST,16,TRAIN,Success
file_brain_AXT1POST_207_2070490/processed/slice_1.mat,file_brain_AXT1POST_207_2070490,AXT1POST,1,VAL,Success
file_brain_AXT1POST_207_2070490/processed/slice_2.mat,file_brain_AXT1POST_207_2070490,AXT1POST,2,VAL,Success
file_brain_AXT1POST_207_2070490/processed/slice_3.mat,file_brain_AXT1POST_207_2070490,AXT1POST,3,VAL,Success
file_brain_AXT1POST_207_2070490/processed/slice_4.mat,file_brain_AXT1POST_207_2070490,AXT1POST,4,VAL,Success
file_brain_AXT1POST_207_2070490/processed/slice_5.mat,file_brain_AXT1POST_207_2070490,AXT1POST,5,VAL,Success
file_brain_AXT1POST_207_2070490/processed/slice_6.mat,file_brain_AXT1POST_207_2070490,AXT1POST,6,VAL,Success
file_brain_AXT1POST_207_2070490/processed/slice_7.mat,file_brain_AXT1POST_207_2070490,AXT1POST,7,VAL,Success
file_brain_AXT1POST_207_2070490/processed/slice_8.mat,file_brain_AXT1POST_207_2070490,AXT1POST,8,VAL,Success
file_brain_AXT1POST_207_2070490/processed/slice_9.mat,file_brain_AXT1POST_207_2070490,AXT1POST,9,VAL,Success
file_brain_AXT1POST_207_2070490/processed/slice_10.mat,file_brain_AXT1POST_207_2070490,AXT1POST,10,VAL,Success
file_brain_AXT1POST_207_2070490/processed/slice_11.mat,file_brain_AXT1POST_207_2070490,AXT1POST,11,VAL,Success
file_brain_AXT1POST_207_2070490/processed/slice_12.mat,file_brain_AXT1POST_207_2070490,AXT1POST,12,VAL,Success
file_brain_AXT1POST_207_2070490/processed/slice_13.mat,file_brain_AXT1POST_207_2070490,AXT1POST,13,VAL,Success
file_brain_AXT1POST_207_2070490/processed/slice_14.mat,file_brain_AXT1POST_207_2070490,AXT1POST,14,VAL,Success
file_brain_AXT1POST_207_2070490/processed/slice_15.mat,file_brain_AXT1POST_207_2070490,AXT1POST,15,VAL,Success
file_brain_AXT1POST_207_2070490/processed/slice_16.mat,file_brain_AXT1POST_207_2070490,AXT1POST,16,VAL,Success
file_brain_AXT1POST_207_2070505/processed/slice_1.mat,file_brain_AXT1POST_207_2070505,AXT1POST,1,TRAIN,Success
file_brain_AXT1POST_207_2070505/processed/slice_2.mat,file_brain_AXT1POST_207_2070505,AXT1POST,2,TRAIN,Success
file_brain_AXT1POST_207_2070505/processed/slice_3.mat,file_brain_AXT1POST_207_2070505,AXT1POST,3,TRAIN,Success
file_brain_AXT1POST_207_2070505/processed/slice_4.mat,file_brain_AXT1POST_207_2070505,AXT1POST,4,TRAIN,Success
file_brain_AXT1POST_207_2070505/processed/slice_5.mat,file_brain_AXT1POST_207_2070505,AXT1POST,5,TRAIN,Success
file_brain_AXT1POST_207_2070505/processed/slice_6.mat,file_brain_AXT1POST_207_2070505,AXT1POST,6,TRAIN,Success
file_brain_AXT1POST_207_2070505/processed/slice_7.mat,file_brain_AXT1POST_207_2070505,AXT1POST,7,TRAIN,Success
file_brain_AXT1POST_207_2070505/processed/slice_8.mat,file_brain_AXT1POST_207_2070505,AXT1POST,8,TRAIN,Success
file_brain_AXT1POST_207_2070505/processed/slice_9.mat,file_brain_AXT1POST_207_2070505,AXT1POST,9,TRAIN,Success
file_brain_AXT1POST_207_2070505/processed/slice_10.mat,file_brain_AXT1POST_207_2070505,AXT1POST,10,TRAIN,Success
file_brain_AXT1POST_207_2070505/processed/slice_11.mat,file_brain_AXT1POST_207_2070505,AXT1POST,11,TRAIN,Success
file_brain_AXT1POST_207_2070505/processed/slice_12.mat,file_brain_AXT1POST_207_2070505,AXT1POST,12,TRAIN,Success
file_brain_AXT1POST_207_2070505/processed/slice_13.mat,file_brain_AXT1POST_207_2070505,AXT1POST,13,TRAIN,Success
file_brain_AXT1POST_207_2070505/processed/slice_14.mat,file_brain_AXT1POST_207_2070505,AXT1POST,14,TRAIN,Success
file_brain_AXT1POST_207_2070505/processed/slice_15.mat,file_brain_AXT1POST_207_2070505,AXT1POST,15,TRAIN,Success
file_brain_AXT1POST_207_2070505/processed/slice_16.mat,file_brain_AXT1POST_207_2070505,AXT1POST,16,TRAIN,Success
file_brain_AXT1POST_207_2070532/processed/slice_1.mat,file_brain_AXT1POST_207_2070532,AXT1POST,1,TRAIN,Success
file_brain_AXT1POST_207_2070532/processed/slice_2.mat,file_brain_AXT1POST_207_2070532,AXT1POST,2,TRAIN,Success
file_brain_AXT1POST_207_2070532/processed/slice_3.mat,file_brain_AXT1POST_207_2070532,AXT1POST,3,TRAIN,Success
file_brain_AXT1POST_207_2070532/processed/slice_4.mat,file_brain_AXT1POST_207_2070532,AXT1POST,4,TRAIN,Success
file_brain_AXT1POST_207_2070532/processed/slice_5.mat,file_brain_AXT1POST_207_2070532,AXT1POST,5,TRAIN,Success
file_brain_AXT1POST_207_2070532/processed/slice_6.mat,file_brain_AXT1POST_207_2070532,AXT1POST,6,TRAIN,Success
file_brain_AXT1POST_207_2070532/processed/slice_7.mat,file_brain_AXT1POST_207_2070532,AXT1POST,7,TRAIN,Success
file_brain_AXT1POST_207_2070532/processed/slice_8.mat,file_brain_AXT1POST_207_2070532,AXT1POST,8,TRAIN,Success
file_brain_AXT1POST_207_2070532/processed/slice_9.mat,file_brain_AXT1POST_207_2070532,AXT1POST,9,TRAIN,Success
file_brain_AXT1POST_207_2070532/processed/slice_10.mat,file_brain_AXT1POST_207_2070532,AXT1POST,10,TRAIN,Success
file_brain_AXT1POST_207_2070532/processed/slice_11.mat,file_brain_AXT1POST_207_2070532,AXT1POST,11,TRAIN,Success
file_brain_AXT1POST_207_2070532/processed/slice_12.mat,file_brain_AXT1POST_207_2070532,AXT1POST,12,TRAIN,Success
file_brain_AXT1POST_207_2070532/processed/slice_13.mat,file_brain_AXT1POST_207_2070532,AXT1POST,13,TRAIN,Success
file_brain_AXT1POST_207_2070532/processed/slice_14.mat,file_brain_AXT1POST_207_2070532,AXT1POST,14,TRAIN,Success
file_brain_AXT1POST_207_2070532/processed/slice_15.mat,file_brain_AXT1POST_207_2070532,AXT1POST,15,TRAIN,Success
file_brain_AXT1POST_207_2070532/processed/slice_16.mat,file_brain_AXT1POST_207_2070532,AXT1POST,16,TRAIN,Success
file_brain_AXT1POST_207_2070612/processed/slice_1.mat,file_brain_AXT1POST_207_2070612,AXT1POST,1,TRAIN,Success
file_brain_AXT1POST_207_2070612/processed/slice_2.mat,file_brain_AXT1POST_207_2070612,AXT1POST,2,TRAIN,Success
file_brain_AXT1POST_207_2070612/processed/slice_3.mat,file_brain_AXT1POST_207_2070612,AXT1POST,3,TRAIN,Success
file_brain_AXT1POST_207_2070612/processed/slice_4.mat,file_brain_AXT1POST_207_2070612,AXT1POST,4,TRAIN,Success
file_brain_AXT1POST_207_2070612/processed/slice_5.mat,file_brain_AXT1POST_207_2070612,AXT1POST,5,TRAIN,Success
file_brain_AXT1POST_207_2070612/processed/slice_6.mat,file_brain_AXT1POST_207_2070612,AXT1POST,6,TRAIN,Success
file_brain_AXT1POST_207_2070612/processed/slice_7.mat,file_brain_AXT1POST_207_2070612,AXT1POST,7,TRAIN,Success
file_brain_AXT1POST_207_2070612/processed/slice_8.mat,file_brain_AXT1POST_207_2070612,AXT1POST,8,TRAIN,Success
file_brain_AXT1POST_207_2070612/processed/slice_9.mat,file_brain_AXT1POST_207_2070612,AXT1POST,9,TRAIN,Success
file_brain_AXT1POST_207_2070612/processed/slice_10.mat,file_brain_AXT1POST_207_2070612,AXT1POST,10,TRAIN,Success
file_brain_AXT1POST_207_2070612/processed/slice_11.mat,file_brain_AXT1POST_207_2070612,AXT1POST,11,TRAIN,Success
file_brain_AXT1POST_207_2070612/processed/slice_12.mat,file_brain_AXT1POST_207_2070612,AXT1POST,12,TRAIN,Success
file_brain_AXT1POST_207_2070612/processed/slice_13.mat,file_brain_AXT1POST_207_2070612,AXT1POST,13,TRAIN,Success
file_brain_AXT1POST_207_2070612/processed/slice_14.mat,file_brain_AXT1POST_207_2070612,AXT1POST,14,TRAIN,Success
file_brain_AXT1POST_207_2070612/processed/slice_15.mat,file_brain_AXT1POST_207_2070612,AXT1POST,15,TRAIN,Success
file_brain_AXT1POST_207_2070612/processed/slice_16.mat,file_brain_AXT1POST_207_2070612,AXT1POST,16,TRAIN,Success
file_brain_AXT1POST_207_2070742/processed/slice_1.mat,file_brain_AXT1POST_207_2070742,AXT1POST,1,TRAIN,Success
file_brain_AXT1POST_207_2070742/processed/slice_2.mat,file_brain_AXT1POST_207_2070742,AXT1POST,2,TRAIN,Success
file_brain_AXT1POST_207_2070742/processed/slice_3.mat,file_brain_AXT1POST_207_2070742,AXT1POST,3,TRAIN,Success
file_brain_AXT1POST_207_2070742/processed/slice_4.mat,file_brain_AXT1POST_207_2070742,AXT1POST,4,TRAIN,Success
file_brain_AXT1POST_207_2070742/processed/slice_5.mat,file_brain_AXT1POST_207_2070742,AXT1POST,5,TRAIN,Success
file_brain_AXT1POST_207_2070742/processed/slice_6.mat,file_brain_AXT1POST_207_2070742,AXT1POST,6,TRAIN,Success
file_brain_AXT1POST_207_2070742/processed/slice_7.mat,file_brain_AXT1POST_207_2070742,AXT1POST,7,TRAIN,Success
file_brain_AXT1POST_207_2070742/processed/slice_8.mat,file_brain_AXT1POST_207_2070742,AXT1POST,8,TRAIN,Success
file_brain_AXT1POST_207_2070742/processed/slice_9.mat,file_brain_AXT1POST_207_2070742,AXT1POST,9,TRAIN,Success
file_brain_AXT1POST_207_2070742/processed/slice_10.mat,file_brain_AXT1POST_207_2070742,AXT1POST,10,TRAIN,Success
file_brain_AXT1POST_207_2070742/processed/slice_11.mat,file_brain_AXT1POST_207_2070742,AXT1POST,11,TRAIN,Success
file_brain_AXT1POST_207_2070742/processed/slice_12.mat,file_brain_AXT1POST_207_2070742,AXT1POST,12,TRAIN,Success
file_brain_AXT1POST_207_2070742/processed/slice_13.mat,file_brain_AXT1POST_207_2070742,AXT1POST,13,TRAIN,Success
file_brain_AXT1POST_207_2070742/processed/slice_14.mat,file_brain_AXT1POST_207_2070742,AXT1POST,14,TRAIN,Success
file_brain_AXT1POST_207_2070742/processed/slice_15.mat,file_brain_AXT1POST_207_2070742,AXT1POST,15,TRAIN,Success
file_brain_AXT1POST_207_2070742/processed/slice_16.mat,file_brain_AXT1POST_207_2070742,AXT1POST,16,TRAIN,Success
file_brain_AXT1POST_207_2070786/processed/slice_1.mat,file_brain_AXT1POST_207_2070786,AXT1POST,1,TRAIN,Success
file_brain_AXT1POST_207_2070786/processed/slice_2.mat,file_brain_AXT1POST_207_2070786,AXT1POST,2,TRAIN,Success
file_brain_AXT1POST_207_2070786/processed/slice_3.mat,file_brain_AXT1POST_207_2070786,AXT1POST,3,TRAIN,Success
file_brain_AXT1POST_207_2070786/processed/slice_4.mat,file_brain_AXT1POST_207_2070786,AXT1POST,4,TRAIN,Success
file_brain_AXT1POST_207_2070786/processed/slice_5.mat,file_brain_AXT1POST_207_2070786,AXT1POST,5,TRAIN,Success
file_brain_AXT1POST_207_2070786/processed/slice_6.mat,file_brain_AXT1POST_207_2070786,AXT1POST,6,TRAIN,Success
file_brain_AXT1POST_207_2070786/processed/slice_7.mat,file_brain_AXT1POST_207_2070786,AXT1POST,7,TRAIN,Success
file_brain_AXT1POST_207_2070786/processed/slice_8.mat,file_brain_AXT1POST_207_2070786,AXT1POST,8,TRAIN,Success
file_brain_AXT1POST_207_2070786/processed/slice_9.mat,file_brain_AXT1POST_207_2070786,AXT1POST,9,TRAIN,Success
file_brain_AXT1POST_207_2070786/processed/slice_10.mat,file_brain_AXT1POST_207_2070786,AXT1POST,10,TRAIN,Success
file_brain_AXT1POST_207_2070786/processed/slice_11.mat,file_brain_AXT1POST_207_2070786,AXT1POST,11,TRAIN,Success
file_brain_AXT1POST_207_2070786/processed/slice_12.mat,file_brain_AXT1POST_207_2070786,AXT1POST,12,TRAIN,Success
file_brain_AXT1POST_207_2070786/processed/slice_13.mat,file_brain_AXT1POST_207_2070786,AXT1POST,13,TRAIN,Success
file_brain_AXT1POST_207_2070786/processed/slice_14.mat,file_brain_AXT1POST_207_2070786,AXT1POST,14,TRAIN,Success
file_brain_AXT1POST_207_2070786/processed/slice_15.mat,file_brain_AXT1POST_207_2070786,AXT1POST,15,TRAIN,Success
file_brain_AXT1POST_207_2070786/processed/slice_16.mat,file_brain_AXT1POST_207_2070786,AXT1POST,16,TRAIN,Success
file_brain_AXT1POST_208_2080003/processed/slice_1.mat,file_brain_AXT1POST_208_2080003,AXT1POST,1,TRAIN,Success
file_brain_AXT1POST_208_2080003/processed/slice_2.mat,file_brain_AXT1POST_208_2080003,AXT1POST,2,TRAIN,Success
file_brain_AXT1POST_208_2080003/processed/slice_3.mat,file_brain_AXT1POST_208_2080003,AXT1POST,3,TRAIN,Success
file_brain_AXT1POST_208_2080003/processed/slice_4.mat,file_brain_AXT1POST_208_2080003,AXT1POST,4,TRAIN,Success
file_brain_AXT1POST_208_2080003/processed/slice_5.mat,file_brain_AXT1POST_208_2080003,AXT1POST,5,TRAIN,Success
file_brain_AXT1POST_208_2080003/processed/slice_6.mat,file_brain_AXT1POST_208_2080003,AXT1POST,6,TRAIN,Success
file_brain_AXT1POST_208_2080003/processed/slice_7.mat,file_brain_AXT1POST_208_2080003,AXT1POST,7,TRAIN,Success
file_brain_AXT1POST_208_2080003/processed/slice_8.mat,file_brain_AXT1POST_208_2080003,AXT1POST,8,TRAIN,Success
file_brain_AXT1POST_208_2080003/processed/slice_9.mat,file_brain_AXT1POST_208_2080003,AXT1POST,9,TRAIN,Success
file_brain_AXT1POST_208_2080003/processed/slice_10.mat,file_brain_AXT1POST_208_2080003,AXT1POST,10,TRAIN,Success
file_brain_AXT1POST_208_2080003/processed/slice_11.mat,file_brain_AXT1POST_208_2080003,AXT1POST,11,TRAIN,Success
file_brain_AXT1POST_208_2080003/processed/slice_12.mat,file_brain_AXT1POST_208_2080003,AXT1POST,12,TRAIN,Success
file_brain_AXT1POST_208_2080003/processed/slice_13.mat,file_brain_AXT1POST_208_2080003,AXT1POST,13,TRAIN,Success
file_brain_AXT1POST_208_2080003/processed/slice_14.mat,file_brain_AXT1POST_208_2080003,AXT1POST,14,TRAIN,Success
file_brain_AXT1POST_208_2080003/processed/slice_15.mat,file_brain_AXT1POST_208_2080003,AXT1POST,15,TRAIN,Success
file_brain_AXT1POST_208_2080003/processed/slice_16.mat,file_brain_AXT1POST_208_2080003,AXT1POST,16,TRAIN,Success
file_brain_AXT1POST_208_2080009/processed/slice_1.mat,file_brain_AXT1POST_208_2080009,AXT1POST,1,TRAIN,Success
file_brain_AXT1POST_208_2080009/processed/slice_2.mat,file_brain_AXT1POST_208_2080009,AXT1POST,2,TRAIN,Success
file_brain_AXT1POST_208_2080009/processed/slice_3.mat,file_brain_AXT1POST_208_2080009,AXT1POST,3,TRAIN,Success
file_brain_AXT1POST_208_2080009/processed/slice_4.mat,file_brain_AXT1POST_208_2080009,AXT1POST,4,TRAIN,Success
file_brain_AXT1POST_208_2080009/processed/slice_5.mat,file_brain_AXT1POST_208_2080009,AXT1POST,5,TRAIN,Success
file_brain_AXT1POST_208_2080009/processed/slice_6.mat,file_brain_AXT1POST_208_2080009,AXT1POST,6,TRAIN,Success
file_brain_AXT1POST_208_2080009/processed/slice_7.mat,file_brain_AXT1POST_208_2080009,AXT1POST,7,TRAIN,Success
file_brain_AXT1POST_208_2080009/processed/slice_8.mat,file_brain_AXT1POST_208_2080009,AXT1POST,8,TRAIN,Success
file_brain_AXT1POST_208_2080009/processed/slice_9.mat,file_brain_AXT1POST_208_2080009,AXT1POST,9,TRAIN,Success
file_brain_AXT1POST_208_2080009/processed/slice_10.mat,file_brain_AXT1POST_208_2080009,AXT1POST,10,TRAIN,Success
file_brain_AXT1POST_208_2080009/processed/slice_11.mat,file_brain_AXT1POST_208_2080009,AXT1POST,11,TRAIN,Success
file_brain_AXT1POST_208_2080009/processed/slice_12.mat,file_brain_AXT1POST_208_2080009,AXT1POST,12,TRAIN,Success
file_brain_AXT1POST_208_2080009/processed/slice_13.mat,file_brain_AXT1POST_208_2080009,AXT1POST,13,TRAIN,Success
file_brain_AXT1POST_208_2080009/processed/slice_14.mat,file_brain_AXT1POST_208_2080009,AXT1POST,14,TRAIN,Success
file_brain_AXT1POST_208_2080009/processed/slice_15.mat,file_brain_AXT1POST_208_2080009,AXT1POST,15,TRAIN,Success
file_brain_AXT1POST_208_2080009/processed/slice_16.mat,file_brain_AXT1POST_208_2080009,AXT1POST,16,TRAIN,Success
file_brain_AXT1POST_208_2080127/processed/slice_1.mat,file_brain_AXT1POST_208_2080127,AXT1POST,1,TRAIN,Success
file_brain_AXT1POST_208_2080127/processed/slice_2.mat,file_brain_AXT1POST_208_2080127,AXT1POST,2,TRAIN,Success
file_brain_AXT1POST_208_2080127/processed/slice_3.mat,file_brain_AXT1POST_208_2080127,AXT1POST,3,TRAIN,Success
file_brain_AXT1POST_208_2080127/processed/slice_4.mat,file_brain_AXT1POST_208_2080127,AXT1POST,4,TRAIN,Success
file_brain_AXT1POST_208_2080127/processed/slice_5.mat,file_brain_AXT1POST_208_2080127,AXT1POST,5,TRAIN,Success
file_brain_AXT1POST_208_2080127/processed/slice_6.mat,file_brain_AXT1POST_208_2080127,AXT1POST,6,TRAIN,Success
file_brain_AXT1POST_208_2080127/processed/slice_7.mat,file_brain_AXT1POST_208_2080127,AXT1POST,7,TRAIN,Success
file_brain_AXT1POST_208_2080127/processed/slice_8.mat,file_brain_AXT1POST_208_2080127,AXT1POST,8,TRAIN,Success
file_brain_AXT1POST_208_2080127/processed/slice_9.mat,file_brain_AXT1POST_208_2080127,AXT1POST,9,TRAIN,Success
file_brain_AXT1POST_208_2080127/processed/slice_10.mat,file_brain_AXT1POST_208_2080127,AXT1POST,10,TRAIN,Success
file_brain_AXT1POST_208_2080127/processed/slice_11.mat,file_brain_AXT1POST_208_2080127,AXT1POST,11,TRAIN,Success
file_brain_AXT1POST_208_2080127/processed/slice_12.mat,file_brain_AXT1POST_208_2080127,AXT1POST,12,TRAIN,Success
file_brain_AXT1POST_208_2080127/processed/slice_13.mat,file_brain_AXT1POST_208_2080127,AXT1POST,13,TRAIN,Success
file_brain_AXT1POST_208_2080127/processed/slice_14.mat,file_brain_AXT1POST_208_2080127,AXT1POST,14,TRAIN,Success
file_brain_AXT1POST_208_2080127/processed/slice_15.mat,file_brain_AXT1POST_208_2080127,AXT1POST,15,TRAIN,Success
file_brain_AXT1POST_208_2080127/processed/slice_16.mat,file_brain_AXT1POST_208_2080127,AXT1POST,16,TRAIN,Success
file_brain_AXT1POST_208_2080150/processed/slice_1.mat,file_brain_AXT1POST_208_2080150,AXT1POST,1,TRAIN,Success
file_brain_AXT1POST_208_2080150/processed/slice_2.mat,file_brain_AXT1POST_208_2080150,AXT1POST,2,TRAIN,Success
file_brain_AXT1POST_208_2080150/processed/slice_3.mat,file_brain_AXT1POST_208_2080150,AXT1POST,3,TRAIN,Success
file_brain_AXT1POST_208_2080150/processed/slice_4.mat,file_brain_AXT1POST_208_2080150,AXT1POST,4,TRAIN,Success
file_brain_AXT1POST_208_2080150/processed/slice_5.mat,file_brain_AXT1POST_208_2080150,AXT1POST,5,TRAIN,Success
file_brain_AXT1POST_208_2080150/processed/slice_6.mat,file_brain_AXT1POST_208_2080150,AXT1POST,6,TRAIN,Success
file_brain_AXT1POST_208_2080150/processed/slice_7.mat,file_brain_AXT1POST_208_2080150,AXT1POST,7,TRAIN,Success
file_brain_AXT1POST_208_2080150/processed/slice_8.mat,file_brain_AXT1POST_208_2080150,AXT1POST,8,TRAIN,Success
file_brain_AXT1POST_208_2080150/processed/slice_9.mat,file_brain_AXT1POST_208_2080150,AXT1POST,9,TRAIN,Success
file_brain_AXT1POST_208_2080150/processed/slice_10.mat,file_brain_AXT1POST_208_2080150,AXT1POST,10,TRAIN,Success
file_brain_AXT1POST_208_2080150/processed/slice_11.mat,file_brain_AXT1POST_208_2080150,AXT1POST,11,TRAIN,Success
file_brain_AXT1POST_208_2080150/processed/slice_12.mat,file_brain_AXT1POST_208_2080150,AXT1POST,12,TRAIN,Success
file_brain_AXT1POST_208_2080150/processed/slice_13.mat,file_brain_AXT1POST_208_2080150,AXT1POST,13,TRAIN,Success
file_brain_AXT1POST_208_2080150/processed/slice_14.mat,file_brain_AXT1POST_208_2080150,AXT1POST,14,TRAIN,Success
file_brain_AXT1POST_208_2080150/processed/slice_15.mat,file_brain_AXT1POST_208_2080150,AXT1POST,15,TRAIN,Success
file_brain_AXT1POST_208_2080150/processed/slice_16.mat,file_brain_AXT1POST_208_2080150,AXT1POST,16,TRAIN,Success
file_brain_AXT1POST_208_2080154/processed/slice_1.mat,file_brain_AXT1POST_208_2080154,AXT1POST,1,TEST,Success
file_brain_AXT1POST_208_2080154/processed/slice_2.mat,file_brain_AXT1POST_208_2080154,AXT1POST,2,TEST,Success
file_brain_AXT1POST_208_2080154/processed/slice_3.mat,file_brain_AXT1POST_208_2080154,AXT1POST,3,TEST,Success
file_brain_AXT1POST_208_2080154/processed/slice_4.mat,file_brain_AXT1POST_208_2080154,AXT1POST,4,TEST,Success
file_brain_AXT1POST_208_2080154/processed/slice_5.mat,file_brain_AXT1POST_208_2080154,AXT1POST,5,TEST,Success
file_brain_AXT1POST_208_2080154/processed/slice_6.mat,file_brain_AXT1POST_208_2080154,AXT1POST,6,TEST,Success
file_brain_AXT1POST_208_2080154/processed/slice_7.mat,file_brain_AXT1POST_208_2080154,AXT1POST,7,TEST,Success
file_brain_AXT1POST_208_2080154/processed/slice_8.mat,file_brain_AXT1POST_208_2080154,AXT1POST,8,TEST,Success
file_brain_AXT1POST_208_2080154/processed/slice_9.mat,file_brain_AXT1POST_208_2080154,AXT1POST,9,TEST,Success
file_brain_AXT1POST_208_2080154/processed/slice_10.mat,file_brain_AXT1POST_208_2080154,AXT1POST,10,TEST,Success
file_brain_AXT1POST_208_2080154/processed/slice_11.mat,file_brain_AXT1POST_208_2080154,AXT1POST,11,TEST,Success
file_brain_AXT1POST_208_2080154/processed/slice_12.mat,file_brain_AXT1POST_208_2080154,AXT1POST,12,TEST,Success
file_brain_AXT1POST_208_2080154/processed/slice_13.mat,file_brain_AXT1POST_208_2080154,AXT1POST,13,TEST,Success
file_brain_AXT1POST_208_2080154/processed/slice_14.mat,file_brain_AXT1POST_208_2080154,AXT1POST,14,TEST,Success
file_brain_AXT1POST_208_2080154/processed/slice_15.mat,file_brain_AXT1POST_208_2080154,AXT1POST,15,TEST,Success
file_brain_AXT1POST_208_2080154/processed/slice_16.mat,file_brain_AXT1POST_208_2080154,AXT1POST,16,TEST,Success
file_brain_AXT1POST_208_2080208/processed/slice_1.mat,file_brain_AXT1POST_208_2080208,AXT1POST,1,TRAIN,Success
file_brain_AXT1POST_208_2080208/processed/slice_2.mat,file_brain_AXT1POST_208_2080208,AXT1POST,2,TRAIN,Success
file_brain_AXT1POST_208_2080208/processed/slice_3.mat,file_brain_AXT1POST_208_2080208,AXT1POST,3,TRAIN,Success
file_brain_AXT1POST_208_2080208/processed/slice_4.mat,file_brain_AXT1POST_208_2080208,AXT1POST,4,TRAIN,Success
file_brain_AXT1POST_208_2080208/processed/slice_5.mat,file_brain_AXT1POST_208_2080208,AXT1POST,5,TRAIN,Success
file_brain_AXT1POST_208_2080208/processed/slice_6.mat,file_brain_AXT1POST_208_2080208,AXT1POST,6,TRAIN,Success
file_brain_AXT1POST_208_2080208/processed/slice_7.mat,file_brain_AXT1POST_208_2080208,AXT1POST,7,TRAIN,Success
file_brain_AXT1POST_208_2080208/processed/slice_8.mat,file_brain_AXT1POST_208_2080208,AXT1POST,8,TRAIN,Success
file_brain_AXT1POST_208_2080208/processed/slice_9.mat,file_brain_AXT1POST_208_2080208,AXT1POST,9,TRAIN,Success
file_brain_AXT1POST_208_2080208/processed/slice_10.mat,file_brain_AXT1POST_208_2080208,AXT1POST,10,TRAIN,Success
file_brain_AXT1POST_208_2080208/processed/slice_11.mat,file_brain_AXT1POST_208_2080208,AXT1POST,11,TRAIN,Success
file_brain_AXT1POST_208_2080208/processed/slice_12.mat,file_brain_AXT1POST_208_2080208,AXT1POST,12,TRAIN,Success
file_brain_AXT1POST_208_2080208/processed/slice_13.mat,file_brain_AXT1POST_208_2080208,AXT1POST,13,TRAIN,Success
file_brain_AXT1POST_208_2080208/processed/slice_14.mat,file_brain_AXT1POST_208_2080208,AXT1POST,14,TRAIN,Success
file_brain_AXT1POST_208_2080208/processed/slice_15.mat,file_brain_AXT1POST_208_2080208,AXT1POST,15,TRAIN,Success
file_brain_AXT1POST_208_2080208/processed/slice_16.mat,file_brain_AXT1POST_208_2080208,AXT1POST,16,TRAIN,Success
file_brain_AXT1POST_208_2080240/processed/slice_1.mat,file_brain_AXT1POST_208_2080240,AXT1POST,1,TRAIN,Success
file_brain_AXT1POST_208_2080240/processed/slice_2.mat,file_brain_AXT1POST_208_2080240,AXT1POST,2,TRAIN,Success
file_brain_AXT1POST_208_2080240/processed/slice_3.mat,file_brain_AXT1POST_208_2080240,AXT1POST,3,TRAIN,Success
file_brain_AXT1POST_208_2080240/processed/slice_4.mat,file_brain_AXT1POST_208_2080240,AXT1POST,4,TRAIN,Success
file_brain_AXT1POST_208_2080240/processed/slice_5.mat,file_brain_AXT1POST_208_2080240,AXT1POST,5,TRAIN,Success
file_brain_AXT1POST_208_2080240/processed/slice_6.mat,file_brain_AXT1POST_208_2080240,AXT1POST,6,TRAIN,Success
file_brain_AXT1POST_208_2080240/processed/slice_7.mat,file_brain_AXT1POST_208_2080240,AXT1POST,7,TRAIN,Success
file_brain_AXT1POST_208_2080240/processed/slice_8.mat,file_brain_AXT1POST_208_2080240,AXT1POST,8,TRAIN,Success
file_brain_AXT1POST_208_2080240/processed/slice_9.mat,file_brain_AXT1POST_208_2080240,AXT1POST,9,TRAIN,Success
file_brain_AXT1POST_208_2080240/processed/slice_10.mat,file_brain_AXT1POST_208_2080240,AXT1POST,10,TRAIN,Success
file_brain_AXT1POST_208_2080240/processed/slice_11.mat,file_brain_AXT1POST_208_2080240,AXT1POST,11,TRAIN,Success
file_brain_AXT1POST_208_2080240/processed/slice_12.mat,file_brain_AXT1POST_208_2080240,AXT1POST,12,TRAIN,Success
file_brain_AXT1POST_208_2080240/processed/slice_13.mat,file_brain_AXT1POST_208_2080240,AXT1POST,13,TRAIN,Success
file_brain_AXT1POST_208_2080240/processed/slice_14.mat,file_brain_AXT1POST_208_2080240,AXT1POST,14,TRAIN,Success
file_brain_AXT1POST_208_2080240/processed/slice_15.mat,file_brain_AXT1POST_208_2080240,AXT1POST,15,TRAIN,Success
file_brain_AXT1POST_208_2080240/processed/slice_16.mat,file_brain_AXT1POST_208_2080240,AXT1POST,16,TRAIN,Success
file_brain_AXT1POST_208_2080257/processed/slice_1.mat,file_brain_AXT1POST_208_2080257,AXT1POST,1,VAL,Success
file_brain_AXT1POST_208_2080257/processed/slice_2.mat,file_brain_AXT1POST_208_2080257,AXT1POST,2,VAL,Success
file_brain_AXT1POST_208_2080257/processed/slice_3.mat,file_brain_AXT1POST_208_2080257,AXT1POST,3,VAL,Success
file_brain_AXT1POST_208_2080257/processed/slice_4.mat,file_brain_AXT1POST_208_2080257,AXT1POST,4,VAL,Success
file_brain_AXT1POST_208_2080257/processed/slice_5.mat,file_brain_AXT1POST_208_2080257,AXT1POST,5,VAL,Success
file_brain_AXT1POST_208_2080257/processed/slice_6.mat,file_brain_AXT1POST_208_2080257,AXT1POST,6,VAL,Success
file_brain_AXT1POST_208_2080257/processed/slice_7.mat,file_brain_AXT1POST_208_2080257,AXT1POST,7,VAL,Success
file_brain_AXT1POST_208_2080257/processed/slice_8.mat,file_brain_AXT1POST_208_2080257,AXT1POST,8,VAL,Success
file_brain_AXT1POST_208_2080257/processed/slice_9.mat,file_brain_AXT1POST_208_2080257,AXT1POST,9,VAL,Success
file_brain_AXT1POST_208_2080257/processed/slice_10.mat,file_brain_AXT1POST_208_2080257,AXT1POST,10,VAL,Success
file_brain_AXT1POST_208_2080257/processed/slice_11.mat,file_brain_AXT1POST_208_2080257,AXT1POST,11,VAL,Success
file_brain_AXT1POST_208_2080257/processed/slice_12.mat,file_brain_AXT1POST_208_2080257,AXT1POST,12,VAL,Success
file_brain_AXT1POST_208_2080257/processed/slice_13.mat,file_brain_AXT1POST_208_2080257,AXT1POST,13,VAL,Success
file_brain_AXT1POST_208_2080257/processed/slice_14.mat,file_brain_AXT1POST_208_2080257,AXT1POST,14,VAL,Success
file_brain_AXT1POST_208_2080257/processed/slice_15.mat,file_brain_AXT1POST_208_2080257,AXT1POST,15,VAL,Success
file_brain_AXT1POST_208_2080257/processed/slice_16.mat,file_brain_AXT1POST_208_2080257,AXT1POST,16,VAL,Success
file_brain_AXT1POST_208_2080352/processed/slice_1.mat,file_brain_AXT1POST_208_2080352,AXT1POST,1,TRAIN,Success
file_brain_AXT1POST_208_2080352/processed/slice_2.mat,file_brain_AXT1POST_208_2080352,AXT1POST,2,TRAIN,Success
file_brain_AXT1POST_208_2080352/processed/slice_3.mat,file_brain_AXT1POST_208_2080352,AXT1POST,3,TRAIN,Success
file_brain_AXT1POST_208_2080352/processed/slice_4.mat,file_brain_AXT1POST_208_2080352,AXT1POST,4,TRAIN,Success
file_brain_AXT1POST_208_2080352/processed/slice_5.mat,file_brain_AXT1POST_208_2080352,AXT1POST,5,TRAIN,Success
file_brain_AXT1POST_208_2080352/processed/slice_6.mat,file_brain_AXT1POST_208_2080352,AXT1POST,6,TRAIN,Success
file_brain_AXT1POST_208_2080352/processed/slice_7.mat,file_brain_AXT1POST_208_2080352,AXT1POST,7,TRAIN,Success
file_brain_AXT1POST_208_2080352/processed/slice_8.mat,file_brain_AXT1POST_208_2080352,AXT1POST,8,TRAIN,Success
file_brain_AXT1POST_208_2080352/processed/slice_9.mat,file_brain_AXT1POST_208_2080352,AXT1POST,9,TRAIN,Success
file_brain_AXT1POST_208_2080352/processed/slice_10.mat,file_brain_AXT1POST_208_2080352,AXT1POST,10,TRAIN,Success
file_brain_AXT1POST_208_2080352/processed/slice_11.mat,file_brain_AXT1POST_208_2080352,AXT1POST,11,TRAIN,Success
file_brain_AXT1POST_208_2080352/processed/slice_12.mat,file_brain_AXT1POST_208_2080352,AXT1POST,12,TRAIN,Success
file_brain_AXT1POST_208_2080352/processed/slice_13.mat,file_brain_AXT1POST_208_2080352,AXT1POST,13,TRAIN,Success
file_brain_AXT1POST_208_2080352/processed/slice_14.mat,file_brain_AXT1POST_208_2080352,AXT1POST,14,TRAIN,Success
file_brain_AXT1POST_208_2080352/processed/slice_15.mat,file_brain_AXT1POST_208_2080352,AXT1POST,15,TRAIN,Success
file_brain_AXT1POST_208_2080352/processed/slice_16.mat,file_brain_AXT1POST_208_2080352,AXT1POST,16,TRAIN,Success
file_brain_AXT1POST_208_2080421/processed/slice_1.mat,file_brain_AXT1POST_208_2080421,AXT1POST,1,TRAIN,Success
file_brain_AXT1POST_208_2080421/processed/slice_2.mat,file_brain_AXT1POST_208_2080421,AXT1POST,2,TRAIN,Success
file_brain_AXT1POST_208_2080421/processed/slice_3.mat,file_brain_AXT1POST_208_2080421,AXT1POST,3,TRAIN,Success
file_brain_AXT1POST_208_2080421/processed/slice_4.mat,file_brain_AXT1POST_208_2080421,AXT1POST,4,TRAIN,Success
file_brain_AXT1POST_208_2080421/processed/slice_5.mat,file_brain_AXT1POST_208_2080421,AXT1POST,5,TRAIN,Success
file_brain_AXT1POST_208_2080421/processed/slice_6.mat,file_brain_AXT1POST_208_2080421,AXT1POST,6,TRAIN,Success
file_brain_AXT1POST_208_2080421/processed/slice_7.mat,file_brain_AXT1POST_208_2080421,AXT1POST,7,TRAIN,Success
file_brain_AXT1POST_208_2080421/processed/slice_8.mat,file_brain_AXT1POST_208_2080421,AXT1POST,8,TRAIN,Success
file_brain_AXT1POST_208_2080421/processed/slice_9.mat,file_brain_AXT1POST_208_2080421,AXT1POST,9,TRAIN,Success
file_brain_AXT1POST_208_2080421/processed/slice_10.mat,file_brain_AXT1POST_208_2080421,AXT1POST,10,TRAIN,Success
file_brain_AXT1POST_208_2080421/processed/slice_11.mat,file_brain_AXT1POST_208_2080421,AXT1POST,11,TRAIN,Success
file_brain_AXT1POST_208_2080421/processed/slice_12.mat,file_brain_AXT1POST_208_2080421,AXT1POST,12,TRAIN,Success
file_brain_AXT1POST_208_2080421/processed/slice_13.mat,file_brain_AXT1POST_208_2080421,AXT1POST,13,TRAIN,Success
file_brain_AXT1POST_208_2080421/processed/slice_14.mat,file_brain_AXT1POST_208_2080421,AXT1POST,14,TRAIN,Success
file_brain_AXT1POST_208_2080421/processed/slice_15.mat,file_brain_AXT1POST_208_2080421,AXT1POST,15,TRAIN,Success
file_brain_AXT1POST_208_2080421/processed/slice_16.mat,file_brain_AXT1POST_208_2080421,AXT1POST,16,TRAIN,Success
file_brain_AXT1POST_208_2080493/processed/slice_1.mat,file_brain_AXT1POST_208_2080493,AXT1POST,1,TRAIN,Success
file_brain_AXT1POST_208_2080493/processed/slice_2.mat,file_brain_AXT1POST_208_2080493,AXT1POST,2,TRAIN,Success
file_brain_AXT1POST_208_2080493/processed/slice_3.mat,file_brain_AXT1POST_208_2080493,AXT1POST,3,TRAIN,Success
file_brain_AXT1POST_208_2080493/processed/slice_4.mat,file_brain_AXT1POST_208_2080493,AXT1POST,4,TRAIN,Success
file_brain_AXT1POST_208_2080493/processed/slice_5.mat,file_brain_AXT1POST_208_2080493,AXT1POST,5,TRAIN,Success
file_brain_AXT1POST_208_2080493/processed/slice_6.mat,file_brain_AXT1POST_208_2080493,AXT1POST,6,TRAIN,Success
file_brain_AXT1POST_208_2080493/processed/slice_7.mat,file_brain_AXT1POST_208_2080493,AXT1POST,7,TRAIN,Success
file_brain_AXT1POST_208_2080493/processed/slice_8.mat,file_brain_AXT1POST_208_2080493,AXT1POST,8,TRAIN,Success
file_brain_AXT1POST_208_2080493/processed/slice_9.mat,file_brain_AXT1POST_208_2080493,AXT1POST,9,TRAIN,Success
file_brain_AXT1POST_208_2080493/processed/slice_10.mat,file_brain_AXT1POST_208_2080493,AXT1POST,10,TRAIN,Success
file_brain_AXT1POST_208_2080493/processed/slice_11.mat,file_brain_AXT1POST_208_2080493,AXT1POST,11,TRAIN,Success
file_brain_AXT1POST_208_2080493/processed/slice_12.mat,file_brain_AXT1POST_208_2080493,AXT1POST,12,TRAIN,Success
file_brain_AXT1POST_208_2080493/processed/slice_13.mat,file_brain_AXT1POST_208_2080493,AXT1POST,13,TRAIN,Success
file_brain_AXT1POST_208_2080493/processed/slice_14.mat,file_brain_AXT1POST_208_2080493,AXT1POST,14,TRAIN,Success
file_brain_AXT1POST_208_2080493/processed/slice_15.mat,file_brain_AXT1POST_208_2080493,AXT1POST,15,TRAIN,Success
file_brain_AXT1POST_208_2080493/processed/slice_16.mat,file_brain_AXT1POST_208_2080493,AXT1POST,16,TRAIN,Success
file_brain_AXT1POST_208_2080576/processed/slice_1.mat,file_brain_AXT1POST_208_2080576,AXT1POST,1,TRAIN,Success
file_brain_AXT1POST_208_2080576/processed/slice_2.mat,file_brain_AXT1POST_208_2080576,AXT1POST,2,TRAIN,Success
file_brain_AXT1POST_208_2080576/processed/slice_3.mat,file_brain_AXT1POST_208_2080576,AXT1POST,3,TRAIN,Success
file_brain_AXT1POST_208_2080576/processed/slice_4.mat,file_brain_AXT1POST_208_2080576,AXT1POST,4,TRAIN,Success
file_brain_AXT1POST_208_2080576/processed/slice_5.mat,file_brain_AXT1POST_208_2080576,AXT1POST,5,TRAIN,Success
file_brain_AXT1POST_208_2080576/processed/slice_6.mat,file_brain_AXT1POST_208_2080576,AXT1POST,6,TRAIN,Success
file_brain_AXT1POST_208_2080576/processed/slice_7.mat,file_brain_AXT1POST_208_2080576,AXT1POST,7,TRAIN,Success
file_brain_AXT1POST_208_2080576/processed/slice_8.mat,file_brain_AXT1POST_208_2080576,AXT1POST,8,TRAIN,Success
file_brain_AXT1POST_208_2080576/processed/slice_9.mat,file_brain_AXT1POST_208_2080576,AXT1POST,9,TRAIN,Success
file_brain_AXT1POST_208_2080576/processed/slice_10.mat,file_brain_AXT1POST_208_2080576,AXT1POST,10,TRAIN,Success
file_brain_AXT1POST_208_2080576/processed/slice_11.mat,file_brain_AXT1POST_208_2080576,AXT1POST,11,TRAIN,Success
file_brain_AXT1POST_208_2080576/processed/slice_12.mat,file_brain_AXT1POST_208_2080576,AXT1POST,12,TRAIN,Success
file_brain_AXT1POST_208_2080576/processed/slice_13.mat,file_brain_AXT1POST_208_2080576,AXT1POST,13,TRAIN,Success
file_brain_AXT1POST_208_2080576/processed/slice_14.mat,file_brain_AXT1POST_208_2080576,AXT1POST,14,TRAIN,Success
file_brain_AXT1POST_208_2080576/processed/slice_15.mat,file_brain_AXT1POST_208_2080576,AXT1POST,15,TRAIN,Success
file_brain_AXT1POST_208_2080576/processed/slice_16.mat,file_brain_AXT1POST_208_2080576,AXT1POST,16,TRAIN,Success
file_brain_AXT1POST_208_2080626/processed/slice_1.mat,file_brain_AXT1POST_208_2080626,AXT1POST,1,TEST,Success
file_brain_AXT1POST_208_2080626/processed/slice_2.mat,file_brain_AXT1POST_208_2080626,AXT1POST,2,TEST,Success
file_brain_AXT1POST_208_2080626/processed/slice_3.mat,file_brain_AXT1POST_208_2080626,AXT1POST,3,TEST,Success
file_brain_AXT1POST_208_2080626/processed/slice_4.mat,file_brain_AXT1POST_208_2080626,AXT1POST,4,TEST,Success
file_brain_AXT1POST_208_2080626/processed/slice_5.mat,file_brain_AXT1POST_208_2080626,AXT1POST,5,TEST,Success
file_brain_AXT1POST_208_2080626/processed/slice_6.mat,file_brain_AXT1POST_208_2080626,AXT1POST,6,TEST,Success
file_brain_AXT1POST_208_2080626/processed/slice_7.mat,file_brain_AXT1POST_208_2080626,AXT1POST,7,TEST,Success
file_brain_AXT1POST_208_2080626/processed/slice_8.mat,file_brain_AXT1POST_208_2080626,AXT1POST,8,TEST,Success
file_brain_AXT1POST_208_2080626/processed/slice_9.mat,file_brain_AXT1POST_208_2080626,AXT1POST,9,TEST,Success
file_brain_AXT1POST_208_2080626/processed/slice_10.mat,file_brain_AXT1POST_208_2080626,AXT1POST,10,TEST,Success
file_brain_AXT1POST_208_2080626/processed/slice_11.mat,file_brain_AXT1POST_208_2080626,AXT1POST,11,TEST,Success
file_brain_AXT1POST_208_2080626/processed/slice_12.mat,file_brain_AXT1POST_208_2080626,AXT1POST,12,TEST,Success
file_brain_AXT1POST_208_2080626/processed/slice_13.mat,file_brain_AXT1POST_208_2080626,AXT1POST,13,TEST,Success
file_brain_AXT1POST_208_2080626/processed/slice_14.mat,file_brain_AXT1POST_208_2080626,AXT1POST,14,TEST,Success
file_brain_AXT1POST_208_2080626/processed/slice_15.mat,file_brain_AXT1POST_208_2080626,AXT1POST,15,TEST,Success
file_brain_AXT1POST_208_2080626/processed/slice_16.mat,file_brain_AXT1POST_208_2080626,AXT1POST,16,TEST,Success
file_brain_AXT1POST_208_2080637/processed/slice_1.mat,file_brain_AXT1POST_208_2080637,AXT1POST,1,VAL,Success
file_brain_AXT1POST_208_2080637/processed/slice_2.mat,file_brain_AXT1POST_208_2080637,AXT1POST,2,VAL,Success
file_brain_AXT1POST_208_2080637/processed/slice_3.mat,file_brain_AXT1POST_208_2080637,AXT1POST,3,VAL,Success
file_brain_AXT1POST_208_2080637/processed/slice_4.mat,file_brain_AXT1POST_208_2080637,AXT1POST,4,VAL,Success
file_brain_AXT1POST_208_2080637/processed/slice_5.mat,file_brain_AXT1POST_208_2080637,AXT1POST,5,VAL,Success
file_brain_AXT1POST_208_2080637/processed/slice_6.mat,file_brain_AXT1POST_208_2080637,AXT1POST,6,VAL,Success
file_brain_AXT1POST_208_2080637/processed/slice_7.mat,file_brain_AXT1POST_208_2080637,AXT1POST,7,VAL,Success
file_brain_AXT1POST_208_2080637/processed/slice_8.mat,file_brain_AXT1POST_208_2080637,AXT1POST,8,VAL,Success
file_brain_AXT1POST_208_2080637/processed/slice_9.mat,file_brain_AXT1POST_208_2080637,AXT1POST,9,VAL,Success
file_brain_AXT1POST_208_2080637/processed/slice_10.mat,file_brain_AXT1POST_208_2080637,AXT1POST,10,VAL,Success
file_brain_AXT1POST_208_2080637/processed/slice_11.mat,file_brain_AXT1POST_208_2080637,AXT1POST,11,VAL,Success
file_brain_AXT1POST_208_2080637/processed/slice_12.mat,file_brain_AXT1POST_208_2080637,AXT1POST,12,VAL,Success
file_brain_AXT1POST_208_2080637/processed/slice_13.mat,file_brain_AXT1POST_208_2080637,AXT1POST,13,VAL,Success
file_brain_AXT1POST_208_2080637/processed/slice_14.mat,file_brain_AXT1POST_208_2080637,AXT1POST,14,VAL,Success
file_brain_AXT1POST_208_2080637/processed/slice_15.mat,file_brain_AXT1POST_208_2080637,AXT1POST,15,VAL,Success
file_brain_AXT1POST_208_2080637/processed/slice_16.mat,file_brain_AXT1POST_208_2080637,AXT1POST,16,VAL,Success
file_brain_AXT1POST_208_2080664/processed/slice_1.mat,file_brain_AXT1POST_208_2080664,AXT1POST,1,TRAIN,Success
file_brain_AXT1POST_208_2080664/processed/slice_2.mat,file_brain_AXT1POST_208_2080664,AXT1POST,2,TRAIN,Success
file_brain_AXT1POST_208_2080664/processed/slice_3.mat,file_brain_AXT1POST_208_2080664,AXT1POST,3,TRAIN,Success
file_brain_AXT1POST_208_2080664/processed/slice_4.mat,file_brain_AXT1POST_208_2080664,AXT1POST,4,TRAIN,Success
file_brain_AXT1POST_208_2080664/processed/slice_5.mat,file_brain_AXT1POST_208_2080664,AXT1POST,5,TRAIN,Success
file_brain_AXT1POST_208_2080664/processed/slice_6.mat,file_brain_AXT1POST_208_2080664,AXT1POST,6,TRAIN,Success
file_brain_AXT1POST_208_2080664/processed/slice_7.mat,file_brain_AXT1POST_208_2080664,AXT1POST,7,TRAIN,Success
file_brain_AXT1POST_208_2080664/processed/slice_8.mat,file_brain_AXT1POST_208_2080664,AXT1POST,8,TRAIN,Success
file_brain_AXT1POST_208_2080664/processed/slice_9.mat,file_brain_AXT1POST_208_2080664,AXT1POST,9,TRAIN,Success
file_brain_AXT1POST_208_2080664/processed/slice_10.mat,file_brain_AXT1POST_208_2080664,AXT1POST,10,TRAIN,Success
file_brain_AXT1POST_208_2080664/processed/slice_11.mat,file_brain_AXT1POST_208_2080664,AXT1POST,11,TRAIN,Success
file_brain_AXT1POST_208_2080664/processed/slice_12.mat,file_brain_AXT1POST_208_2080664,AXT1POST,12,TRAIN,Success
file_brain_AXT1POST_208_2080664/processed/slice_13.mat,file_brain_AXT1POST_208_2080664,AXT1POST,13,TRAIN,Success
file_brain_AXT1POST_208_2080664/processed/slice_14.mat,file_brain_AXT1POST_208_2080664,AXT1POST,14,TRAIN,Success
file_brain_AXT1POST_208_2080664/processed/slice_15.mat,file_brain_AXT1POST_208_2080664,AXT1POST,15,TRAIN,Success
file_brain_AXT1POST_208_2080664/processed/slice_16.mat,file_brain_AXT1POST_208_2080664,AXT1POST,16,TRAIN,Success
file_brain_AXT1POST_208_2080704/processed/slice_1.mat,file_brain_AXT1POST_208_2080704,AXT1POST,1,VAL,Success
file_brain_AXT1POST_208_2080704/processed/slice_2.mat,file_brain_AXT1POST_208_2080704,AXT1POST,2,VAL,Success
file_brain_AXT1POST_208_2080704/processed/slice_3.mat,file_brain_AXT1POST_208_2080704,AXT1POST,3,VAL,Success
file_brain_AXT1POST_208_2080704/processed/slice_4.mat,file_brain_AXT1POST_208_2080704,AXT1POST,4,VAL,Success
file_brain_AXT1POST_208_2080704/processed/slice_5.mat,file_brain_AXT1POST_208_2080704,AXT1POST,5,VAL,Success
file_brain_AXT1POST_208_2080704/processed/slice_6.mat,file_brain_AXT1POST_208_2080704,AXT1POST,6,VAL,Success
file_brain_AXT1POST_208_2080704/processed/slice_7.mat,file_brain_AXT1POST_208_2080704,AXT1POST,7,VAL,Success
file_brain_AXT1POST_208_2080704/processed/slice_8.mat,file_brain_AXT1POST_208_2080704,AXT1POST,8,VAL,Success
file_brain_AXT1POST_208_2080704/processed/slice_9.mat,file_brain_AXT1POST_208_2080704,AXT1POST,9,VAL,Success
file_brain_AXT1POST_208_2080704/processed/slice_10.mat,file_brain_AXT1POST_208_2080704,AXT1POST,10,VAL,Success
file_brain_AXT1POST_208_2080704/processed/slice_11.mat,file_brain_AXT1POST_208_2080704,AXT1POST,11,VAL,Success
file_brain_AXT1POST_208_2080704/processed/slice_12.mat,file_brain_AXT1POST_208_2080704,AXT1POST,12,VAL,Success
file_brain_AXT1POST_208_2080704/processed/slice_13.mat,file_brain_AXT1POST_208_2080704,AXT1POST,13,VAL,Success
file_brain_AXT1POST_208_2080704/processed/slice_14.mat,file_brain_AXT1POST_208_2080704,AXT1POST,14,VAL,Success
file_brain_AXT1POST_208_2080704/processed/slice_15.mat,file_brain_AXT1POST_208_2080704,AXT1POST,15,VAL,Success
file_brain_AXT1POST_208_2080704/processed/slice_16.mat,file_brain_AXT1POST_208_2080704,AXT1POST,16,VAL,Success
file_brain_AXT1POST_209_6001199/processed/slice_1.mat,file_brain_AXT1POST_209_6001199,AXT1POST,1,VAL,Success
file_brain_AXT1POST_209_6001199/processed/slice_2.mat,file_brain_AXT1POST_209_6001199,AXT1POST,2,VAL,Success
file_brain_AXT1POST_209_6001199/processed/slice_3.mat,file_brain_AXT1POST_209_6001199,AXT1POST,3,VAL,Success
file_brain_AXT1POST_209_6001199/processed/slice_4.mat,file_brain_AXT1POST_209_6001199,AXT1POST,4,VAL,Success
file_brain_AXT1POST_209_6001199/processed/slice_5.mat,file_brain_AXT1POST_209_6001199,AXT1POST,5,VAL,Success
file_brain_AXT1POST_209_6001199/processed/slice_6.mat,file_brain_AXT1POST_209_6001199,AXT1POST,6,VAL,Success
file_brain_AXT1POST_209_6001199/processed/slice_7.mat,file_brain_AXT1POST_209_6001199,AXT1POST,7,VAL,Success
file_brain_AXT1POST_209_6001199/processed/slice_8.mat,file_brain_AXT1POST_209_6001199,AXT1POST,8,VAL,Success
file_brain_AXT1POST_209_6001199/processed/slice_9.mat,file_brain_AXT1POST_209_6001199,AXT1POST,9,VAL,Success
file_brain_AXT1POST_209_6001199/processed/slice_10.mat,file_brain_AXT1POST_209_6001199,AXT1POST,10,VAL,Success
file_brain_AXT1POST_209_6001199/processed/slice_11.mat,file_brain_AXT1POST_209_6001199,AXT1POST,11,VAL,Success
file_brain_AXT1POST_209_6001199/processed/slice_12.mat,file_brain_AXT1POST_209_6001199,AXT1POST,12,VAL,Success
file_brain_AXT1POST_209_6001199/processed/slice_13.mat,file_brain_AXT1POST_209_6001199,AXT1POST,13,VAL,Success
file_brain_AXT1POST_209_6001199/processed/slice_14.mat,file_brain_AXT1POST_209_6001199,AXT1POST,14,VAL,Success
file_brain_AXT1POST_209_6001199/processed/slice_15.mat,file_brain_AXT1POST_209_6001199,AXT1POST,15,VAL,Success
file_brain_AXT1POST_209_6001199/processed/slice_16.mat,file_brain_AXT1POST_209_6001199,AXT1POST,16,VAL,Success
file_brain_AXT1POST_209_6001236/processed/slice_1.mat,file_brain_AXT1POST_209_6001236,AXT1POST,1,TRAIN,Success
file_brain_AXT1POST_209_6001236/processed/slice_2.mat,file_brain_AXT1POST_209_6001236,AXT1POST,2,TRAIN,Success
file_brain_AXT1POST_209_6001236/processed/slice_3.mat,file_brain_AXT1POST_209_6001236,AXT1POST,3,TRAIN,Success
file_brain_AXT1POST_209_6001236/processed/slice_4.mat,file_brain_AXT1POST_209_6001236,AXT1POST,4,TRAIN,Success
file_brain_AXT1POST_209_6001236/processed/slice_5.mat,file_brain_AXT1POST_209_6001236,AXT1POST,5,TRAIN,Success
file_brain_AXT1POST_209_6001236/processed/slice_6.mat,file_brain_AXT1POST_209_6001236,AXT1POST,6,TRAIN,Success
file_brain_AXT1POST_209_6001236/processed/slice_7.mat,file_brain_AXT1POST_209_6001236,AXT1POST,7,TRAIN,Success
file_brain_AXT1POST_209_6001236/processed/slice_8.mat,file_brain_AXT1POST_209_6001236,AXT1POST,8,TRAIN,Success
file_brain_AXT1POST_209_6001236/processed/slice_9.mat,file_brain_AXT1POST_209_6001236,AXT1POST,9,TRAIN,Success
file_brain_AXT1POST_209_6001236/processed/slice_10.mat,file_brain_AXT1POST_209_6001236,AXT1POST,10,TRAIN,Success
file_brain_AXT1POST_209_6001236/processed/slice_11.mat,file_brain_AXT1POST_209_6001236,AXT1POST,11,TRAIN,Success
file_brain_AXT1POST_209_6001236/processed/slice_12.mat,file_brain_AXT1POST_209_6001236,AXT1POST,12,TRAIN,Success
file_brain_AXT1POST_209_6001236/processed/slice_13.mat,file_brain_AXT1POST_209_6001236,AXT1POST,13,TRAIN,Success
file_brain_AXT1POST_209_6001236/processed/slice_14.mat,file_brain_AXT1POST_209_6001236,AXT1POST,14,TRAIN,Success
file_brain_AXT1POST_209_6001236/processed/slice_15.mat,file_brain_AXT1POST_209_6001236,AXT1POST,15,TRAIN,Success
file_brain_AXT1POST_209_6001236/processed/slice_16.mat,file_brain_AXT1POST_209_6001236,AXT1POST,16,TRAIN,Success
file_brain_AXT1POST_209_6001250/processed/slice_1.mat,file_brain_AXT1POST_209_6001250,AXT1POST,1,VAL,Success
file_brain_AXT1POST_209_6001250/processed/slice_2.mat,file_brain_AXT1POST_209_6001250,AXT1POST,2,VAL,Success
file_brain_AXT1POST_209_6001250/processed/slice_3.mat,file_brain_AXT1POST_209_6001250,AXT1POST,3,VAL,Success
file_brain_AXT1POST_209_6001250/processed/slice_4.mat,file_brain_AXT1POST_209_6001250,AXT1POST,4,VAL,Success
file_brain_AXT1POST_209_6001250/processed/slice_5.mat,file_brain_AXT1POST_209_6001250,AXT1POST,5,VAL,Success
file_brain_AXT1POST_209_6001250/processed/slice_6.mat,file_brain_AXT1POST_209_6001250,AXT1POST,6,VAL,Success
file_brain_AXT1POST_209_6001250/processed/slice_7.mat,file_brain_AXT1POST_209_6001250,AXT1POST,7,VAL,Success
file_brain_AXT1POST_209_6001250/processed/slice_8.mat,file_brain_AXT1POST_209_6001250,AXT1POST,8,VAL,Success
file_brain_AXT1POST_209_6001250/processed/slice_9.mat,file_brain_AXT1POST_209_6001250,AXT1POST,9,VAL,Success
file_brain_AXT1POST_209_6001250/processed/slice_10.mat,file_brain_AXT1POST_209_6001250,AXT1POST,10,VAL,Success
file_brain_AXT1POST_209_6001250/processed/slice_11.mat,file_brain_AXT1POST_209_6001250,AXT1POST,11,VAL,Success
file_brain_AXT1POST_209_6001250/processed/slice_12.mat,file_brain_AXT1POST_209_6001250,AXT1POST,12,VAL,Success
file_brain_AXT1POST_209_6001250/processed/slice_13.mat,file_brain_AXT1POST_209_6001250,AXT1POST,13,VAL,Success
file_brain_AXT1POST_209_6001250/processed/slice_14.mat,file_brain_AXT1POST_209_6001250,AXT1POST,14,VAL,Success
file_brain_AXT1POST_209_6001250/processed/slice_15.mat,file_brain_AXT1POST_209_6001250,AXT1POST,15,VAL,Success
file_brain_AXT1POST_209_6001250/processed/slice_16.mat,file_brain_AXT1POST_209_6001250,AXT1POST,16,VAL,Success
file_brain_AXT1POST_209_6001354/processed/slice_1.mat,file_brain_AXT1POST_209_6001354,AXT1POST,1,TRAIN,Success
file_brain_AXT1POST_209_6001354/processed/slice_2.mat,file_brain_AXT1POST_209_6001354,AXT1POST,2,TRAIN,Success
file_brain_AXT1POST_209_6001354/processed/slice_3.mat,file_brain_AXT1POST_209_6001354,AXT1POST,3,TRAIN,Success
file_brain_AXT1POST_209_6001354/processed/slice_4.mat,file_brain_AXT1POST_209_6001354,AXT1POST,4,TRAIN,Success
file_brain_AXT1POST_209_6001354/processed/slice_5.mat,file_brain_AXT1POST_209_6001354,AXT1POST,5,TRAIN,Success
file_brain_AXT1POST_209_6001354/processed/slice_6.mat,file_brain_AXT1POST_209_6001354,AXT1POST,6,TRAIN,Success
file_brain_AXT1POST_209_6001354/processed/slice_7.mat,file_brain_AXT1POST_209_6001354,AXT1POST,7,TRAIN,Success
file_brain_AXT1POST_209_6001354/processed/slice_8.mat,file_brain_AXT1POST_209_6001354,AXT1POST,8,TRAIN,Success
file_brain_AXT1POST_209_6001354/processed/slice_9.mat,file_brain_AXT1POST_209_6001354,AXT1POST,9,TRAIN,Success
file_brain_AXT1POST_209_6001354/processed/slice_10.mat,file_brain_AXT1POST_209_6001354,AXT1POST,10,TRAIN,Success
file_brain_AXT1POST_209_6001354/processed/slice_11.mat,file_brain_AXT1POST_209_6001354,AXT1POST,11,TRAIN,Success
file_brain_AXT1POST_209_6001354/processed/slice_12.mat,file_brain_AXT1POST_209_6001354,AXT1POST,12,TRAIN,Success
file_brain_AXT1POST_209_6001354/processed/slice_13.mat,file_brain_AXT1POST_209_6001354,AXT1POST,13,TRAIN,Success
file_brain_AXT1POST_209_6001354/processed/slice_14.mat,file_brain_AXT1POST_209_6001354,AXT1POST,14,TRAIN,Success
file_brain_AXT1POST_209_6001434/processed/slice_1.mat,file_brain_AXT1POST_209_6001434,AXT1POST,1,VAL,Success
file_brain_AXT1POST_209_6001434/processed/slice_2.mat,file_brain_AXT1POST_209_6001434,AXT1POST,2,VAL,Success
file_brain_AXT1POST_209_6001434/processed/slice_3.mat,file_brain_AXT1POST_209_6001434,AXT1POST,3,VAL,Success
file_brain_AXT1POST_209_6001434/processed/slice_4.mat,file_brain_AXT1POST_209_6001434,AXT1POST,4,VAL,Success
file_brain_AXT1POST_209_6001434/processed/slice_5.mat,file_brain_AXT1POST_209_6001434,AXT1POST,5,VAL,Success
file_brain_AXT1POST_209_6001434/processed/slice_6.mat,file_brain_AXT1POST_209_6001434,AXT1POST,6,VAL,Success
file_brain_AXT1POST_209_6001434/processed/slice_7.mat,file_brain_AXT1POST_209_6001434,AXT1POST,7,VAL,Success
file_brain_AXT1POST_209_6001434/processed/slice_8.mat,file_brain_AXT1POST_209_6001434,AXT1POST,8,VAL,Success
file_brain_AXT1POST_209_6001434/processed/slice_9.mat,file_brain_AXT1POST_209_6001434,AXT1POST,9,VAL,Success
file_brain_AXT1POST_209_6001434/processed/slice_10.mat,file_brain_AXT1POST_209_6001434,AXT1POST,10,VAL,Success
file_brain_AXT1POST_209_6001434/processed/slice_11.mat,file_brain_AXT1POST_209_6001434,AXT1POST,11,VAL,Success
file_brain_AXT1POST_209_6001434/processed/slice_12.mat,file_brain_AXT1POST_209_6001434,AXT1POST,12,VAL,Success
file_brain_AXT1POST_209_6001434/processed/slice_13.mat,file_brain_AXT1POST_209_6001434,AXT1POST,13,VAL,Success
file_brain_AXT1POST_209_6001434/processed/slice_14.mat,file_brain_AXT1POST_209_6001434,AXT1POST,14,VAL,Success
file_brain_AXT1POST_209_6001434/processed/slice_15.mat,file_brain_AXT1POST_209_6001434,AXT1POST,15,VAL,Success
file_brain_AXT1POST_209_6001434/processed/slice_16.mat,file_brain_AXT1POST_209_6001434,AXT1POST,16,VAL,Success
file_brain_AXT1POST_210_6001672/processed/slice_1.mat,file_brain_AXT1POST_210_6001672,AXT1POST,1,VAL,Success
file_brain_AXT1POST_210_6001672/processed/slice_2.mat,file_brain_AXT1POST_210_6001672,AXT1POST,2,VAL,Success
file_brain_AXT1POST_210_6001672/processed/slice_3.mat,file_brain_AXT1POST_210_6001672,AXT1POST,3,VAL,Success
file_brain_AXT1POST_210_6001672/processed/slice_4.mat,file_brain_AXT1POST_210_6001672,AXT1POST,4,VAL,Success
file_brain_AXT1POST_210_6001672/processed/slice_5.mat,file_brain_AXT1POST_210_6001672,AXT1POST,5,VAL,Success
file_brain_AXT1POST_210_6001672/processed/slice_6.mat,file_brain_AXT1POST_210_6001672,AXT1POST,6,VAL,Success
file_brain_AXT1POST_210_6001672/processed/slice_7.mat,file_brain_AXT1POST_210_6001672,AXT1POST,7,VAL,Success
file_brain_AXT1POST_210_6001672/processed/slice_8.mat,file_brain_AXT1POST_210_6001672,AXT1POST,8,VAL,Success
file_brain_AXT1POST_210_6001672/processed/slice_9.mat,file_brain_AXT1POST_210_6001672,AXT1POST,9,VAL,Success
file_brain_AXT1POST_210_6001672/processed/slice_10.mat,file_brain_AXT1POST_210_6001672,AXT1POST,10,VAL,Success
file_brain_AXT1POST_210_6001672/processed/slice_11.mat,file_brain_AXT1POST_210_6001672,AXT1POST,11,VAL,Success
file_brain_AXT1POST_210_6001672/processed/slice_12.mat,file_brain_AXT1POST_210_6001672,AXT1POST,12,VAL,Success
file_brain_AXT1POST_210_6001672/processed/slice_13.mat,file_brain_AXT1POST_210_6001672,AXT1POST,13,VAL,Success
file_brain_AXT1POST_210_6001672/processed/slice_14.mat,file_brain_AXT1POST_210_6001672,AXT1POST,14,VAL,Success
file_brain_AXT1POST_210_6001672/processed/slice_15.mat,file_brain_AXT1POST_210_6001672,AXT1POST,15,VAL,Success
file_brain_AXT1POST_210_6001672/processed/slice_16.mat,file_brain_AXT1POST_210_6001672,AXT1POST,16,VAL,Success
file_brain_AXT1POST_210_6001790/processed/slice_1.mat,file_brain_AXT1POST_210_6001790,AXT1POST,1,TRAIN,Success
file_brain_AXT1POST_210_6001790/processed/slice_2.mat,file_brain_AXT1POST_210_6001790,AXT1POST,2,TRAIN,Success
file_brain_AXT1POST_210_6001790/processed/slice_3.mat,file_brain_AXT1POST_210_6001790,AXT1POST,3,TRAIN,Success
file_brain_AXT1POST_210_6001790/processed/slice_4.mat,file_brain_AXT1POST_210_6001790,AXT1POST,4,TRAIN,Success
file_brain_AXT1POST_210_6001790/processed/slice_5.mat,file_brain_AXT1POST_210_6001790,AXT1POST,5,TRAIN,Success
file_brain_AXT1POST_210_6001790/processed/slice_6.mat,file_brain_AXT1POST_210_6001790,AXT1POST,6,TRAIN,Success
file_brain_AXT1POST_210_6001790/processed/slice_7.mat,file_brain_AXT1POST_210_6001790,AXT1POST,7,TRAIN,Success
file_brain_AXT1POST_210_6001790/processed/slice_8.mat,file_brain_AXT1POST_210_6001790,AXT1POST,8,TRAIN,Success
file_brain_AXT1POST_210_6001790/processed/slice_9.mat,file_brain_AXT1POST_210_6001790,AXT1POST,9,TRAIN,Success
file_brain_AXT1POST_210_6001790/processed/slice_10.mat,file_brain_AXT1POST_210_6001790,AXT1POST,10,TRAIN,Success
file_brain_AXT1POST_210_6001790/processed/slice_11.mat,file_brain_AXT1POST_210_6001790,AXT1POST,11,TRAIN,Success
file_brain_AXT1POST_210_6001790/processed/slice_12.mat,file_brain_AXT1POST_210_6001790,AXT1POST,12,TRAIN,Success
file_brain_AXT1POST_210_6001790/processed/slice_13.mat,file_brain_AXT1POST_210_6001790,AXT1POST,13,TRAIN,Success
file_brain_AXT1POST_210_6001790/processed/slice_14.mat,file_brain_AXT1POST_210_6001790,AXT1POST,14,TRAIN,Success
file_brain_AXT1POST_210_6001850/processed/slice_1.mat,file_brain_AXT1POST_210_6001850,AXT1POST,1,TRAIN,Success
file_brain_AXT1POST_210_6001850/processed/slice_2.mat,file_brain_AXT1POST_210_6001850,AXT1POST,2,TRAIN,Success
file_brain_AXT1POST_210_6001850/processed/slice_3.mat,file_brain_AXT1POST_210_6001850,AXT1POST,3,TRAIN,Success
file_brain_AXT1POST_210_6001850/processed/slice_4.mat,file_brain_AXT1POST_210_6001850,AXT1POST,4,TRAIN,Success
file_brain_AXT1POST_210_6001850/processed/slice_5.mat,file_brain_AXT1POST_210_6001850,AXT1POST,5,TRAIN,Success
file_brain_AXT1POST_210_6001850/processed/slice_6.mat,file_brain_AXT1POST_210_6001850,AXT1POST,6,TRAIN,Success
file_brain_AXT1POST_210_6001850/processed/slice_7.mat,file_brain_AXT1POST_210_6001850,AXT1POST,7,TRAIN,Success
file_brain_AXT1POST_210_6001850/processed/slice_8.mat,file_brain_AXT1POST_210_6001850,AXT1POST,8,TRAIN,Success
file_brain_AXT1POST_210_6001850/processed/slice_9.mat,file_brain_AXT1POST_210_6001850,AXT1POST,9,TRAIN,Success
file_brain_AXT1POST_210_6001850/processed/slice_10.mat,file_brain_AXT1POST_210_6001850,AXT1POST,10,TRAIN,Success
file_brain_AXT1POST_210_6001850/processed/slice_11.mat,file_brain_AXT1POST_210_6001850,AXT1POST,11,TRAIN,Success
file_brain_AXT1POST_210_6001850/processed/slice_12.mat,file_brain_AXT1POST_210_6001850,AXT1POST,12,TRAIN,Success
file_brain_AXT1POST_210_6001850/processed/slice_13.mat,file_brain_AXT1POST_210_6001850,AXT1POST,13,TRAIN,Success
file_brain_AXT1POST_210_6001850/processed/slice_14.mat,file_brain_AXT1POST_210_6001850,AXT1POST,14,TRAIN,Success
file_brain_AXT1POST_210_6001850/processed/slice_15.mat,file_brain_AXT1POST_210_6001850,AXT1POST,15,TRAIN,Success
file_brain_AXT1POST_210_6001850/processed/slice_16.mat,file_brain_AXT1POST_210_6001850,AXT1POST,16,TRAIN,Success
file_brain_AXT1PRE_200_6002047/processed/slice_1.mat,file_brain_AXT1PRE_200_6002047,AXT1PRE,1,TRAIN,Success
file_brain_AXT1PRE_200_6002047/processed/slice_2.mat,file_brain_AXT1PRE_200_6002047,AXT1PRE,2,TRAIN,Success
file_brain_AXT1PRE_200_6002047/processed/slice_3.mat,file_brain_AXT1PRE_200_6002047,AXT1PRE,3,TRAIN,Success
file_brain_AXT1PRE_200_6002047/processed/slice_4.mat,file_brain_AXT1PRE_200_6002047,AXT1PRE,4,TRAIN,Success
file_brain_AXT1PRE_200_6002047/processed/slice_5.mat,file_brain_AXT1PRE_200_6002047,AXT1PRE,5,TRAIN,Success
file_brain_AXT1PRE_200_6002047/processed/slice_6.mat,file_brain_AXT1PRE_200_6002047,AXT1PRE,6,TRAIN,Success
file_brain_AXT1PRE_200_6002047/processed/slice_7.mat,file_brain_AXT1PRE_200_6002047,AXT1PRE,7,TRAIN,Success
file_brain_AXT1PRE_200_6002047/processed/slice_8.mat,file_brain_AXT1PRE_200_6002047,AXT1PRE,8,TRAIN,Success
file_brain_AXT1PRE_200_6002047/processed/slice_9.mat,file_brain_AXT1PRE_200_6002047,AXT1PRE,9,TRAIN,Success
file_brain_AXT1PRE_200_6002047/processed/slice_10.mat,file_brain_AXT1PRE_200_6002047,AXT1PRE,10,TRAIN,Success
file_brain_AXT1PRE_200_6002047/processed/slice_11.mat,file_brain_AXT1PRE_200_6002047,AXT1PRE,11,TRAIN,Success
file_brain_AXT1PRE_200_6002047/processed/slice_12.mat,file_brain_AXT1PRE_200_6002047,AXT1PRE,12,TRAIN,Success
file_brain_AXT1PRE_200_6002047/processed/slice_13.mat,file_brain_AXT1PRE_200_6002047,AXT1PRE,13,TRAIN,Success
file_brain_AXT1PRE_200_6002047/processed/slice_14.mat,file_brain_AXT1PRE_200_6002047,AXT1PRE,14,TRAIN,Success
file_brain_AXT1PRE_200_6002047/processed/slice_15.mat,file_brain_AXT1PRE_200_6002047,AXT1PRE,15,TRAIN,Success
file_brain_AXT1PRE_200_6002047/processed/slice_16.mat,file_brain_AXT1PRE_200_6002047,AXT1PRE,16,TRAIN,Success
file_brain_AXT1PRE_200_6002128/processed/slice_1.mat,file_brain_AXT1PRE_200_6002128,AXT1PRE,1,TRAIN,Success
file_brain_AXT1PRE_200_6002128/processed/slice_2.mat,file_brain_AXT1PRE_200_6002128,AXT1PRE,2,TRAIN,Success
file_brain_AXT1PRE_200_6002128/processed/slice_3.mat,file_brain_AXT1PRE_200_6002128,AXT1PRE,3,TRAIN,Success
file_brain_AXT1PRE_200_6002128/processed/slice_4.mat,file_brain_AXT1PRE_200_6002128,AXT1PRE,4,TRAIN,Success
file_brain_AXT1PRE_200_6002128/processed/slice_5.mat,file_brain_AXT1PRE_200_6002128,AXT1PRE,5,TRAIN,Success
file_brain_AXT1PRE_200_6002128/processed/slice_6.mat,file_brain_AXT1PRE_200_6002128,AXT1PRE,6,TRAIN,Success
file_brain_AXT1PRE_200_6002128/processed/slice_7.mat,file_brain_AXT1PRE_200_6002128,AXT1PRE,7,TRAIN,Success
file_brain_AXT1PRE_200_6002128/processed/slice_8.mat,file_brain_AXT1PRE_200_6002128,AXT1PRE,8,TRAIN,Success
file_brain_AXT1PRE_200_6002128/processed/slice_9.mat,file_brain_AXT1PRE_200_6002128,AXT1PRE,9,TRAIN,Success
file_brain_AXT1PRE_200_6002128/processed/slice_10.mat,file_brain_AXT1PRE_200_6002128,AXT1PRE,10,TRAIN,Success
file_brain_AXT1PRE_200_6002128/processed/slice_11.mat,file_brain_AXT1PRE_200_6002128,AXT1PRE,11,TRAIN,Success
file_brain_AXT1PRE_200_6002128/processed/slice_12.mat,file_brain_AXT1PRE_200_6002128,AXT1PRE,12,TRAIN,Success
file_brain_AXT1PRE_200_6002128/processed/slice_13.mat,file_brain_AXT1PRE_200_6002128,AXT1PRE,13,TRAIN,Success
file_brain_AXT1PRE_200_6002128/processed/slice_14.mat,file_brain_AXT1PRE_200_6002128,AXT1PRE,14,TRAIN,Success
file_brain_AXT1PRE_200_6002128/processed/slice_15.mat,file_brain_AXT1PRE_200_6002128,AXT1PRE,15,TRAIN,Success
file_brain_AXT1PRE_200_6002128/processed/slice_16.mat,file_brain_AXT1PRE_200_6002128,AXT1PRE,16,TRAIN,Success
file_brain_AXT1PRE_200_6002247/processed/slice_1.mat,file_brain_AXT1PRE_200_6002247,AXT1PRE,1,VAL,Success
file_brain_AXT1PRE_200_6002247/processed/slice_2.mat,file_brain_AXT1PRE_200_6002247,AXT1PRE,2,VAL,Success
file_brain_AXT1PRE_200_6002247/processed/slice_3.mat,file_brain_AXT1PRE_200_6002247,AXT1PRE,3,VAL,Success
file_brain_AXT1PRE_200_6002247/processed/slice_4.mat,file_brain_AXT1PRE_200_6002247,AXT1PRE,4,VAL,Success
file_brain_AXT1PRE_200_6002247/processed/slice_5.mat,file_brain_AXT1PRE_200_6002247,AXT1PRE,5,VAL,Success
file_brain_AXT1PRE_200_6002247/processed/slice_6.mat,file_brain_AXT1PRE_200_6002247,AXT1PRE,6,VAL,Success
file_brain_AXT1PRE_200_6002247/processed/slice_7.mat,file_brain_AXT1PRE_200_6002247,AXT1PRE,7,VAL,Success
file_brain_AXT1PRE_200_6002247/processed/slice_8.mat,file_brain_AXT1PRE_200_6002247,AXT1PRE,8,VAL,Success
file_brain_AXT1PRE_200_6002247/processed/slice_9.mat,file_brain_AXT1PRE_200_6002247,AXT1PRE,9,VAL,Success
file_brain_AXT1PRE_200_6002247/processed/slice_10.mat,file_brain_AXT1PRE_200_6002247,AXT1PRE,10,VAL,Success
file_brain_AXT1PRE_200_6002247/processed/slice_11.mat,file_brain_AXT1PRE_200_6002247,AXT1PRE,11,VAL,Success
file_brain_AXT1PRE_200_6002247/processed/slice_12.mat,file_brain_AXT1PRE_200_6002247,AXT1PRE,12,VAL,Success
file_brain_AXT1PRE_200_6002247/processed/slice_13.mat,file_brain_AXT1PRE_200_6002247,AXT1PRE,13,VAL,Success
file_brain_AXT1PRE_200_6002247/processed/slice_14.mat,file_brain_AXT1PRE_200_6002247,AXT1PRE,14,VAL,Success
file_brain_AXT1PRE_200_6002247/processed/slice_15.mat,file_brain_AXT1PRE_200_6002247,AXT1PRE,15,VAL,Success
file_brain_AXT1PRE_200_6002247/processed/slice_16.mat,file_brain_AXT1PRE_200_6002247,AXT1PRE,16,VAL,Success
file_brain_AXT1PRE_200_6002304/processed/slice_1.mat,file_brain_AXT1PRE_200_6002304,AXT1PRE,1,VAL,Success
file_brain_AXT1PRE_200_6002304/processed/slice_2.mat,file_brain_AXT1PRE_200_6002304,AXT1PRE,2,VAL,Success
file_brain_AXT1PRE_200_6002304/processed/slice_3.mat,file_brain_AXT1PRE_200_6002304,AXT1PRE,3,VAL,Success
file_brain_AXT1PRE_200_6002304/processed/slice_4.mat,file_brain_AXT1PRE_200_6002304,AXT1PRE,4,VAL,Success
file_brain_AXT1PRE_200_6002304/processed/slice_5.mat,file_brain_AXT1PRE_200_6002304,AXT1PRE,5,VAL,Success
file_brain_AXT1PRE_200_6002304/processed/slice_6.mat,file_brain_AXT1PRE_200_6002304,AXT1PRE,6,VAL,Success
file_brain_AXT1PRE_200_6002304/processed/slice_7.mat,file_brain_AXT1PRE_200_6002304,AXT1PRE,7,VAL,Success
file_brain_AXT1PRE_200_6002304/processed/slice_8.mat,file_brain_AXT1PRE_200_6002304,AXT1PRE,8,VAL,Success
file_brain_AXT1PRE_200_6002304/processed/slice_9.mat,file_brain_AXT1PRE_200_6002304,AXT1PRE,9,VAL,Success
file_brain_AXT1PRE_200_6002304/processed/slice_10.mat,file_brain_AXT1PRE_200_6002304,AXT1PRE,10,VAL,Success
file_brain_AXT1PRE_200_6002304/processed/slice_11.mat,file_brain_AXT1PRE_200_6002304,AXT1PRE,11,VAL,Success
file_brain_AXT1PRE_200_6002304/processed/slice_12.mat,file_brain_AXT1PRE_200_6002304,AXT1PRE,12,VAL,Success
file_brain_AXT1PRE_200_6002304/processed/slice_13.mat,file_brain_AXT1PRE_200_6002304,AXT1PRE,13,VAL,Success
file_brain_AXT1PRE_200_6002304/processed/slice_14.mat,file_brain_AXT1PRE_200_6002304,AXT1PRE,14,VAL,Success
file_brain_AXT1PRE_200_6002304/processed/slice_15.mat,file_brain_AXT1PRE_200_6002304,AXT1PRE,15,VAL,Success
file_brain_AXT1PRE_200_6002304/processed/slice_16.mat,file_brain_AXT1PRE_200_6002304,AXT1PRE,16,VAL,Success
file_brain_AXT1PRE_200_6002309/processed/slice_1.mat,file_brain_AXT1PRE_200_6002309,AXT1PRE,1,TRAIN,Success
file_brain_AXT1PRE_200_6002309/processed/slice_2.mat,file_brain_AXT1PRE_200_6002309,AXT1PRE,2,TRAIN,Success
file_brain_AXT1PRE_200_6002309/processed/slice_3.mat,file_brain_AXT1PRE_200_6002309,AXT1PRE,3,TRAIN,Success
file_brain_AXT1PRE_200_6002309/processed/slice_4.mat,file_brain_AXT1PRE_200_6002309,AXT1PRE,4,TRAIN,Success
file_brain_AXT1PRE_200_6002309/processed/slice_5.mat,file_brain_AXT1PRE_200_6002309,AXT1PRE,5,TRAIN,Success
file_brain_AXT1PRE_200_6002309/processed/slice_6.mat,file_brain_AXT1PRE_200_6002309,AXT1PRE,6,TRAIN,Success
file_brain_AXT1PRE_200_6002309/processed/slice_7.mat,file_brain_AXT1PRE_200_6002309,AXT1PRE,7,TRAIN,Success
file_brain_AXT1PRE_200_6002309/processed/slice_8.mat,file_brain_AXT1PRE_200_6002309,AXT1PRE,8,TRAIN,Success
file_brain_AXT1PRE_200_6002309/processed/slice_9.mat,file_brain_AXT1PRE_200_6002309,AXT1PRE,9,TRAIN,Success
file_brain_AXT1PRE_200_6002309/processed/slice_10.mat,file_brain_AXT1PRE_200_6002309,AXT1PRE,10,TRAIN,Success
file_brain_AXT1PRE_200_6002309/processed/slice_11.mat,file_brain_AXT1PRE_200_6002309,AXT1PRE,11,TRAIN,Success
file_brain_AXT1PRE_200_6002309/processed/slice_12.mat,file_brain_AXT1PRE_200_6002309,AXT1PRE,12,TRAIN,Success
file_brain_AXT1PRE_200_6002309/processed/slice_13.mat,file_brain_AXT1PRE_200_6002309,AXT1PRE,13,TRAIN,Success
file_brain_AXT1PRE_200_6002309/processed/slice_14.mat,file_brain_AXT1PRE_200_6002309,AXT1PRE,14,TRAIN,Success
file_brain_AXT1PRE_200_6002309/processed/slice_15.mat,file_brain_AXT1PRE_200_6002309,AXT1PRE,15,TRAIN,Success
file_brain_AXT1PRE_200_6002309/processed/slice_16.mat,file_brain_AXT1PRE_200_6002309,AXT1PRE,16,TRAIN,Success
file_brain_AXT1PRE_200_6002408/processed/slice_1.mat,file_brain_AXT1PRE_200_6002408,AXT1PRE,1,TRAIN,Success
file_brain_AXT1PRE_200_6002408/processed/slice_2.mat,file_brain_AXT1PRE_200_6002408,AXT1PRE,2,TRAIN,Success
file_brain_AXT1PRE_200_6002408/processed/slice_3.mat,file_brain_AXT1PRE_200_6002408,AXT1PRE,3,TRAIN,Success
file_brain_AXT1PRE_200_6002408/processed/slice_4.mat,file_brain_AXT1PRE_200_6002408,AXT1PRE,4,TRAIN,Success
file_brain_AXT1PRE_200_6002408/processed/slice_5.mat,file_brain_AXT1PRE_200_6002408,AXT1PRE,5,TRAIN,Success
file_brain_AXT1PRE_200_6002408/processed/slice_6.mat,file_brain_AXT1PRE_200_6002408,AXT1PRE,6,TRAIN,Success
file_brain_AXT1PRE_200_6002408/processed/slice_7.mat,file_brain_AXT1PRE_200_6002408,AXT1PRE,7,TRAIN,Success
file_brain_AXT1PRE_200_6002408/processed/slice_8.mat,file_brain_AXT1PRE_200_6002408,AXT1PRE,8,TRAIN,Success
file_brain_AXT1PRE_200_6002408/processed/slice_9.mat,file_brain_AXT1PRE_200_6002408,AXT1PRE,9,TRAIN,Success
file_brain_AXT1PRE_200_6002408/processed/slice_10.mat,file_brain_AXT1PRE_200_6002408,AXT1PRE,10,TRAIN,Success
file_brain_AXT1PRE_200_6002408/processed/slice_11.mat,file_brain_AXT1PRE_200_6002408,AXT1PRE,11,TRAIN,Success
file_brain_AXT1PRE_200_6002408/processed/slice_12.mat,file_brain_AXT1PRE_200_6002408,AXT1PRE,12,TRAIN,Success
file_brain_AXT1PRE_200_6002408/processed/slice_13.mat,file_brain_AXT1PRE_200_6002408,AXT1PRE,13,TRAIN,Success
file_brain_AXT1PRE_200_6002408/processed/slice_14.mat,file_brain_AXT1PRE_200_6002408,AXT1PRE,14,TRAIN,Success
file_brain_AXT1PRE_200_6002408/processed/slice_15.mat,file_brain_AXT1PRE_200_6002408,AXT1PRE,15,TRAIN,Success
file_brain_AXT1PRE_200_6002408/processed/slice_16.mat,file_brain_AXT1PRE_200_6002408,AXT1PRE,16,TRAIN,Success
file_brain_AXT1PRE_201_6002849/processed/slice_1.mat,file_brain_AXT1PRE_201_6002849,AXT1PRE,1,TRAIN,Success
file_brain_AXT1PRE_201_6002849/processed/slice_2.mat,file_brain_AXT1PRE_201_6002849,AXT1PRE,2,TRAIN,Success
file_brain_AXT1PRE_201_6002849/processed/slice_3.mat,file_brain_AXT1PRE_201_6002849,AXT1PRE,3,TRAIN,Success
file_brain_AXT1PRE_201_6002849/processed/slice_4.mat,file_brain_AXT1PRE_201_6002849,AXT1PRE,4,TRAIN,Success
file_brain_AXT1PRE_201_6002849/processed/slice_5.mat,file_brain_AXT1PRE_201_6002849,AXT1PRE,5,TRAIN,Success
file_brain_AXT1PRE_201_6002849/processed/slice_6.mat,file_brain_AXT1PRE_201_6002849,AXT1PRE,6,TRAIN,Success
file_brain_AXT1PRE_201_6002849/processed/slice_7.mat,file_brain_AXT1PRE_201_6002849,AXT1PRE,7,TRAIN,Success
file_brain_AXT1PRE_201_6002849/processed/slice_8.mat,file_brain_AXT1PRE_201_6002849,AXT1PRE,8,TRAIN,Success
file_brain_AXT1PRE_201_6002849/processed/slice_9.mat,file_brain_AXT1PRE_201_6002849,AXT1PRE,9,TRAIN,Success
file_brain_AXT1PRE_201_6002849/processed/slice_10.mat,file_brain_AXT1PRE_201_6002849,AXT1PRE,10,TRAIN,Success
file_brain_AXT1PRE_201_6002849/processed/slice_11.mat,file_brain_AXT1PRE_201_6002849,AXT1PRE,11,TRAIN,Success
file_brain_AXT1PRE_201_6002849/processed/slice_12.mat,file_brain_AXT1PRE_201_6002849,AXT1PRE,12,TRAIN,Success
file_brain_AXT1PRE_201_6002849/processed/slice_13.mat,file_brain_AXT1PRE_201_6002849,AXT1PRE,13,TRAIN,Success
file_brain_AXT1PRE_201_6002849/processed/slice_14.mat,file_brain_AXT1PRE_201_6002849,AXT1PRE,14,TRAIN,Success
file_brain_AXT1PRE_201_6002849/processed/slice_15.mat,file_brain_AXT1PRE_201_6002849,AXT1PRE,15,TRAIN,Success
file_brain_AXT1PRE_201_6002849/processed/slice_16.mat,file_brain_AXT1PRE_201_6002849,AXT1PRE,16,TRAIN,Success
file_brain_AXT1PRE_203_6000672/processed/slice_1.mat,file_brain_AXT1PRE_203_6000672,AXT1PRE,1,TRAIN,Success
file_brain_AXT1PRE_203_6000672/processed/slice_2.mat,file_brain_AXT1PRE_203_6000672,AXT1PRE,2,TRAIN,Success
file_brain_AXT1PRE_203_6000672/processed/slice_3.mat,file_brain_AXT1PRE_203_6000672,AXT1PRE,3,TRAIN,Success
file_brain_AXT1PRE_203_6000672/processed/slice_4.mat,file_brain_AXT1PRE_203_6000672,AXT1PRE,4,TRAIN,Success
file_brain_AXT1PRE_203_6000672/processed/slice_5.mat,file_brain_AXT1PRE_203_6000672,AXT1PRE,5,TRAIN,Success
file_brain_AXT1PRE_203_6000672/processed/slice_6.mat,file_brain_AXT1PRE_203_6000672,AXT1PRE,6,TRAIN,Success
file_brain_AXT1PRE_203_6000672/processed/slice_7.mat,file_brain_AXT1PRE_203_6000672,AXT1PRE,7,TRAIN,Success
file_brain_AXT1PRE_203_6000672/processed/slice_8.mat,file_brain_AXT1PRE_203_6000672,AXT1PRE,8,TRAIN,Success
file_brain_AXT1PRE_203_6000672/processed/slice_9.mat,file_brain_AXT1PRE_203_6000672,AXT1PRE,9,TRAIN,Success
file_brain_AXT1PRE_203_6000672/processed/slice_10.mat,file_brain_AXT1PRE_203_6000672,AXT1PRE,10,TRAIN,Success
file_brain_AXT1PRE_203_6000672/processed/slice_11.mat,file_brain_AXT1PRE_203_6000672,AXT1PRE,11,TRAIN,Success
file_brain_AXT1PRE_203_6000672/processed/slice_12.mat,file_brain_AXT1PRE_203_6000672,AXT1PRE,12,TRAIN,Success
file_brain_AXT1PRE_203_6000672/processed/slice_13.mat,file_brain_AXT1PRE_203_6000672,AXT1PRE,13,TRAIN,Success
file_brain_AXT1PRE_203_6000672/processed/slice_14.mat,file_brain_AXT1PRE_203_6000672,AXT1PRE,14,TRAIN,Success
file_brain_AXT1PRE_203_6000672/processed/slice_15.mat,file_brain_AXT1PRE_203_6000672,AXT1PRE,15,TRAIN,Success
file_brain_AXT1PRE_203_6000672/processed/slice_16.mat,file_brain_AXT1PRE_203_6000672,AXT1PRE,16,TRAIN,Success
file_brain_AXT1PRE_203_6000685/processed/slice_1.mat,file_brain_AXT1PRE_203_6000685,AXT1PRE,1,TRAIN,Success
file_brain_AXT1PRE_203_6000685/processed/slice_2.mat,file_brain_AXT1PRE_203_6000685,AXT1PRE,2,TRAIN,Success
file_brain_AXT1PRE_203_6000685/processed/slice_3.mat,file_brain_AXT1PRE_203_6000685,AXT1PRE,3,TRAIN,Success
file_brain_AXT1PRE_203_6000685/processed/slice_4.mat,file_brain_AXT1PRE_203_6000685,AXT1PRE,4,TRAIN,Success
file_brain_AXT1PRE_203_6000685/processed/slice_5.mat,file_brain_AXT1PRE_203_6000685,AXT1PRE,5,TRAIN,Success
file_brain_AXT1PRE_203_6000685/processed/slice_6.mat,file_brain_AXT1PRE_203_6000685,AXT1PRE,6,TRAIN,Success
file_brain_AXT1PRE_203_6000685/processed/slice_7.mat,file_brain_AXT1PRE_203_6000685,AXT1PRE,7,TRAIN,Success
file_brain_AXT1PRE_203_6000685/processed/slice_8.mat,file_brain_AXT1PRE_203_6000685,AXT1PRE,8,TRAIN,Success
file_brain_AXT1PRE_203_6000685/processed/slice_9.mat,file_brain_AXT1PRE_203_6000685,AXT1PRE,9,TRAIN,Success
file_brain_AXT1PRE_203_6000685/processed/slice_10.mat,file_brain_AXT1PRE_203_6000685,AXT1PRE,10,TRAIN,Success
file_brain_AXT1PRE_203_6000685/processed/slice_11.mat,file_brain_AXT1PRE_203_6000685,AXT1PRE,11,TRAIN,Success
file_brain_AXT1PRE_203_6000685/processed/slice_12.mat,file_brain_AXT1PRE_203_6000685,AXT1PRE,12,TRAIN,Success
file_brain_AXT1PRE_203_6000685/processed/slice_13.mat,file_brain_AXT1PRE_203_6000685,AXT1PRE,13,TRAIN,Success
file_brain_AXT1PRE_203_6000685/processed/slice_14.mat,file_brain_AXT1PRE_203_6000685,AXT1PRE,14,TRAIN,Success
file_brain_AXT1PRE_203_6000685/processed/slice_15.mat,file_brain_AXT1PRE_203_6000685,AXT1PRE,15,TRAIN,Success
file_brain_AXT1PRE_203_6000685/processed/slice_16.mat,file_brain_AXT1PRE_203_6000685,AXT1PRE,16,TRAIN,Success
file_brain_AXT1PRE_203_6000707/processed/slice_1.mat,file_brain_AXT1PRE_203_6000707,AXT1PRE,1,TRAIN,Success
file_brain_AXT1PRE_203_6000707/processed/slice_2.mat,file_brain_AXT1PRE_203_6000707,AXT1PRE,2,TRAIN,Success
file_brain_AXT1PRE_203_6000707/processed/slice_3.mat,file_brain_AXT1PRE_203_6000707,AXT1PRE,3,TRAIN,Success
file_brain_AXT1PRE_203_6000707/processed/slice_4.mat,file_brain_AXT1PRE_203_6000707,AXT1PRE,4,TRAIN,Success
file_brain_AXT1PRE_203_6000707/processed/slice_5.mat,file_brain_AXT1PRE_203_6000707,AXT1PRE,5,TRAIN,Success
file_brain_AXT1PRE_203_6000707/processed/slice_6.mat,file_brain_AXT1PRE_203_6000707,AXT1PRE,6,TRAIN,Success
file_brain_AXT1PRE_203_6000707/processed/slice_7.mat,file_brain_AXT1PRE_203_6000707,AXT1PRE,7,TRAIN,Success
file_brain_AXT1PRE_203_6000707/processed/slice_8.mat,file_brain_AXT1PRE_203_6000707,AXT1PRE,8,TRAIN,Success
file_brain_AXT1PRE_203_6000707/processed/slice_9.mat,file_brain_AXT1PRE_203_6000707,AXT1PRE,9,TRAIN,Success
file_brain_AXT1PRE_203_6000707/processed/slice_10.mat,file_brain_AXT1PRE_203_6000707,AXT1PRE,10,TRAIN,Success
file_brain_AXT1PRE_203_6000707/processed/slice_11.mat,file_brain_AXT1PRE_203_6000707,AXT1PRE,11,TRAIN,Success
file_brain_AXT1PRE_203_6000707/processed/slice_12.mat,file_brain_AXT1PRE_203_6000707,AXT1PRE,12,TRAIN,Success
file_brain_AXT1PRE_203_6000707/processed/slice_13.mat,file_brain_AXT1PRE_203_6000707,AXT1PRE,13,TRAIN,Success
file_brain_AXT1PRE_203_6000707/processed/slice_14.mat,file_brain_AXT1PRE_203_6000707,AXT1PRE,14,TRAIN,Success
file_brain_AXT1PRE_203_6000707/processed/slice_15.mat,file_brain_AXT1PRE_203_6000707,AXT1PRE,15,TRAIN,Success
file_brain_AXT1PRE_203_6000707/processed/slice_16.mat,file_brain_AXT1PRE_203_6000707,AXT1PRE,16,TRAIN,Success
file_brain_AXT1PRE_203_6000779/processed/slice_1.mat,file_brain_AXT1PRE_203_6000779,AXT1PRE,1,TEST,Success
file_brain_AXT1PRE_203_6000779/processed/slice_2.mat,file_brain_AXT1PRE_203_6000779,AXT1PRE,2,TEST,Success
file_brain_AXT1PRE_203_6000779/processed/slice_3.mat,file_brain_AXT1PRE_203_6000779,AXT1PRE,3,TEST,Success
file_brain_AXT1PRE_203_6000779/processed/slice_4.mat,file_brain_AXT1PRE_203_6000779,AXT1PRE,4,TEST,Success
file_brain_AXT1PRE_203_6000779/processed/slice_5.mat,file_brain_AXT1PRE_203_6000779,AXT1PRE,5,TEST,Success
file_brain_AXT1PRE_203_6000779/processed/slice_6.mat,file_brain_AXT1PRE_203_6000779,AXT1PRE,6,TEST,Success
file_brain_AXT1PRE_203_6000779/processed/slice_7.mat,file_brain_AXT1PRE_203_6000779,AXT1PRE,7,TEST,Success
file_brain_AXT1PRE_203_6000779/processed/slice_8.mat,file_brain_AXT1PRE_203_6000779,AXT1PRE,8,TEST,Success
file_brain_AXT1PRE_203_6000779/processed/slice_9.mat,file_brain_AXT1PRE_203_6000779,AXT1PRE,9,TEST,Success
file_brain_AXT1PRE_203_6000779/processed/slice_10.mat,file_brain_AXT1PRE_203_6000779,AXT1PRE,10,TEST,Success
file_brain_AXT1PRE_203_6000779/processed/slice_11.mat,file_brain_AXT1PRE_203_6000779,AXT1PRE,11,TEST,Success
file_brain_AXT1PRE_203_6000779/processed/slice_12.mat,file_brain_AXT1PRE_203_6000779,AXT1PRE,12,TEST,Success
file_brain_AXT1PRE_203_6000779/processed/slice_13.mat,file_brain_AXT1PRE_203_6000779,AXT1PRE,13,TEST,Success
file_brain_AXT1PRE_203_6000779/processed/slice_14.mat,file_brain_AXT1PRE_203_6000779,AXT1PRE,14,TEST,Success
file_brain_AXT1PRE_203_6000779/processed/slice_15.mat,file_brain_AXT1PRE_203_6000779,AXT1PRE,15,TEST,Success
file_brain_AXT1PRE_203_6000779/processed/slice_16.mat,file_brain_AXT1PRE_203_6000779,AXT1PRE,16,TEST,Success
file_brain_AXT1PRE_203_6000795/processed/slice_1.mat,file_brain_AXT1PRE_203_6000795,AXT1PRE,1,TRAIN,Success
file_brain_AXT1PRE_203_6000795/processed/slice_2.mat,file_brain_AXT1PRE_203_6000795,AXT1PRE,2,TRAIN,Success
file_brain_AXT1PRE_203_6000795/processed/slice_3.mat,file_brain_AXT1PRE_203_6000795,AXT1PRE,3,TRAIN,Success
file_brain_AXT1PRE_203_6000795/processed/slice_4.mat,file_brain_AXT1PRE_203_6000795,AXT1PRE,4,TRAIN,Success
file_brain_AXT1PRE_203_6000795/processed/slice_5.mat,file_brain_AXT1PRE_203_6000795,AXT1PRE,5,TRAIN,Success
file_brain_AXT1PRE_203_6000795/processed/slice_6.mat,file_brain_AXT1PRE_203_6000795,AXT1PRE,6,TRAIN,Success
file_brain_AXT1PRE_203_6000795/processed/slice_7.mat,file_brain_AXT1PRE_203_6000795,AXT1PRE,7,TRAIN,Success
file_brain_AXT1PRE_203_6000795/processed/slice_8.mat,file_brain_AXT1PRE_203_6000795,AXT1PRE,8,TRAIN,Success
file_brain_AXT1PRE_203_6000795/processed/slice_9.mat,file_brain_AXT1PRE_203_6000795,AXT1PRE,9,TRAIN,Success
file_brain_AXT1PRE_203_6000795/processed/slice_10.mat,file_brain_AXT1PRE_203_6000795,AXT1PRE,10,TRAIN,Success
file_brain_AXT1PRE_203_6000795/processed/slice_11.mat,file_brain_AXT1PRE_203_6000795,AXT1PRE,11,TRAIN,Success
file_brain_AXT1PRE_203_6000795/processed/slice_12.mat,file_brain_AXT1PRE_203_6000795,AXT1PRE,12,TRAIN,Success
file_brain_AXT1PRE_203_6000795/processed/slice_13.mat,file_brain_AXT1PRE_203_6000795,AXT1PRE,13,TRAIN,Success
file_brain_AXT1PRE_203_6000795/processed/slice_14.mat,file_brain_AXT1PRE_203_6000795,AXT1PRE,14,TRAIN,Success
file_brain_AXT1PRE_203_6000795/processed/slice_15.mat,file_brain_AXT1PRE_203_6000795,AXT1PRE,15,TRAIN,Success
file_brain_AXT1PRE_203_6000795/processed/slice_16.mat,file_brain_AXT1PRE_203_6000795,AXT1PRE,16,TRAIN,Success
file_brain_AXT1PRE_203_6000821/processed/slice_1.mat,file_brain_AXT1PRE_203_6000821,AXT1PRE,1,TRAIN,Success
file_brain_AXT1PRE_203_6000821/processed/slice_2.mat,file_brain_AXT1PRE_203_6000821,AXT1PRE,2,TRAIN,Success
file_brain_AXT1PRE_203_6000821/processed/slice_3.mat,file_brain_AXT1PRE_203_6000821,AXT1PRE,3,TRAIN,Success
file_brain_AXT1PRE_203_6000821/processed/slice_4.mat,file_brain_AXT1PRE_203_6000821,AXT1PRE,4,TRAIN,Success
file_brain_AXT1PRE_203_6000821/processed/slice_5.mat,file_brain_AXT1PRE_203_6000821,AXT1PRE,5,TRAIN,Success
file_brain_AXT1PRE_203_6000821/processed/slice_6.mat,file_brain_AXT1PRE_203_6000821,AXT1PRE,6,TRAIN,Success
file_brain_AXT1PRE_203_6000821/processed/slice_7.mat,file_brain_AXT1PRE_203_6000821,AXT1PRE,7,TRAIN,Success
file_brain_AXT1PRE_203_6000821/processed/slice_8.mat,file_brain_AXT1PRE_203_6000821,AXT1PRE,8,TRAIN,Success
file_brain_AXT1PRE_203_6000821/processed/slice_9.mat,file_brain_AXT1PRE_203_6000821,AXT1PRE,9,TRAIN,Success
file_brain_AXT1PRE_203_6000821/processed/slice_10.mat,file_brain_AXT1PRE_203_6000821,AXT1PRE,10,TRAIN,Success
file_brain_AXT1PRE_203_6000821/processed/slice_11.mat,file_brain_AXT1PRE_203_6000821,AXT1PRE,11,TRAIN,Success
file_brain_AXT1PRE_203_6000821/processed/slice_12.mat,file_brain_AXT1PRE_203_6000821,AXT1PRE,12,TRAIN,Success
file_brain_AXT1PRE_203_6000821/processed/slice_13.mat,file_brain_AXT1PRE_203_6000821,AXT1PRE,13,TRAIN,Success
file_brain_AXT1PRE_203_6000821/processed/slice_14.mat,file_brain_AXT1PRE_203_6000821,AXT1PRE,14,TRAIN,Success
file_brain_AXT1PRE_203_6000821/processed/slice_15.mat,file_brain_AXT1PRE_203_6000821,AXT1PRE,15,TRAIN,Success
file_brain_AXT1PRE_203_6000821/processed/slice_16.mat,file_brain_AXT1PRE_203_6000821,AXT1PRE,16,TRAIN,Success
file_brain_AXT1PRE_203_6000833/processed/slice_1.mat,file_brain_AXT1PRE_203_6000833,AXT1PRE,1,TRAIN,Success
file_brain_AXT1PRE_203_6000833/processed/slice_2.mat,file_brain_AXT1PRE_203_6000833,AXT1PRE,2,TRAIN,Success
file_brain_AXT1PRE_203_6000833/processed/slice_3.mat,file_brain_AXT1PRE_203_6000833,AXT1PRE,3,TRAIN,Success
file_brain_AXT1PRE_203_6000833/processed/slice_4.mat,file_brain_AXT1PRE_203_6000833,AXT1PRE,4,TRAIN,Success
file_brain_AXT1PRE_203_6000833/processed/slice_5.mat,file_brain_AXT1PRE_203_6000833,AXT1PRE,5,TRAIN,Success
file_brain_AXT1PRE_203_6000833/processed/slice_6.mat,file_brain_AXT1PRE_203_6000833,AXT1PRE,6,TRAIN,Success
file_brain_AXT1PRE_203_6000833/processed/slice_7.mat,file_brain_AXT1PRE_203_6000833,AXT1PRE,7,TRAIN,Success
file_brain_AXT1PRE_203_6000833/processed/slice_8.mat,file_brain_AXT1PRE_203_6000833,AXT1PRE,8,TRAIN,Success
file_brain_AXT1PRE_203_6000833/processed/slice_9.mat,file_brain_AXT1PRE_203_6000833,AXT1PRE,9,TRAIN,Success
file_brain_AXT1PRE_203_6000833/processed/slice_10.mat,file_brain_AXT1PRE_203_6000833,AXT1PRE,10,TRAIN,Success
file_brain_AXT1PRE_203_6000833/processed/slice_11.mat,file_brain_AXT1PRE_203_6000833,AXT1PRE,11,TRAIN,Success
file_brain_AXT1PRE_203_6000833/processed/slice_12.mat,file_brain_AXT1PRE_203_6000833,AXT1PRE,12,TRAIN,Success
file_brain_AXT1PRE_203_6000833/processed/slice_13.mat,file_brain_AXT1PRE_203_6000833,AXT1PRE,13,TRAIN,Success
file_brain_AXT1PRE_203_6000833/processed/slice_14.mat,file_brain_AXT1PRE_203_6000833,AXT1PRE,14,TRAIN,Success
file_brain_AXT1PRE_203_6000833/processed/slice_15.mat,file_brain_AXT1PRE_203_6000833,AXT1PRE,15,TRAIN,Success
file_brain_AXT1PRE_203_6000833/processed/slice_16.mat,file_brain_AXT1PRE_203_6000833,AXT1PRE,16,TRAIN,Success
file_brain_AXT1PRE_203_6000837/processed/slice_1.mat,file_brain_AXT1PRE_203_6000837,AXT1PRE,1,TRAIN,Success
file_brain_AXT1PRE_203_6000837/processed/slice_2.mat,file_brain_AXT1PRE_203_6000837,AXT1PRE,2,TRAIN,Success
file_brain_AXT1PRE_203_6000837/processed/slice_3.mat,file_brain_AXT1PRE_203_6000837,AXT1PRE,3,TRAIN,Success
file_brain_AXT1PRE_203_6000837/processed/slice_4.mat,file_brain_AXT1PRE_203_6000837,AXT1PRE,4,TRAIN,Success
file_brain_AXT1PRE_203_6000837/processed/slice_5.mat,file_brain_AXT1PRE_203_6000837,AXT1PRE,5,TRAIN,Success
file_brain_AXT1PRE_203_6000837/processed/slice_6.mat,file_brain_AXT1PRE_203_6000837,AXT1PRE,6,TRAIN,Success
file_brain_AXT1PRE_203_6000837/processed/slice_7.mat,file_brain_AXT1PRE_203_6000837,AXT1PRE,7,TRAIN,Success
file_brain_AXT1PRE_203_6000837/processed/slice_8.mat,file_brain_AXT1PRE_203_6000837,AXT1PRE,8,TRAIN,Success
file_brain_AXT1PRE_203_6000837/processed/slice_9.mat,file_brain_AXT1PRE_203_6000837,AXT1PRE,9,TRAIN,Success
file_brain_AXT1PRE_203_6000837/processed/slice_10.mat,file_brain_AXT1PRE_203_6000837,AXT1PRE,10,TRAIN,Success
file_brain_AXT1PRE_203_6000837/processed/slice_11.mat,file_brain_AXT1PRE_203_6000837,AXT1PRE,11,TRAIN,Success
file_brain_AXT1PRE_203_6000837/processed/slice_12.mat,file_brain_AXT1PRE_203_6000837,AXT1PRE,12,TRAIN,Success
file_brain_AXT1PRE_203_6000837/processed/slice_13.mat,file_brain_AXT1PRE_203_6000837,AXT1PRE,13,TRAIN,Success
file_brain_AXT1PRE_203_6000837/processed/slice_14.mat,file_brain_AXT1PRE_203_6000837,AXT1PRE,14,TRAIN,Success
file_brain_AXT1PRE_203_6000837/processed/slice_15.mat,file_brain_AXT1PRE_203_6000837,AXT1PRE,15,TRAIN,Success
file_brain_AXT1PRE_203_6000837/processed/slice_16.mat,file_brain_AXT1PRE_203_6000837,AXT1PRE,16,TRAIN,Success
file_brain_AXT1PRE_203_6000860/processed/slice_1.mat,file_brain_AXT1PRE_203_6000860,AXT1PRE,1,TEST,Success
file_brain_AXT1PRE_203_6000860/processed/slice_2.mat,file_brain_AXT1PRE_203_6000860,AXT1PRE,2,TEST,Success
file_brain_AXT1PRE_203_6000860/processed/slice_3.mat,file_brain_AXT1PRE_203_6000860,AXT1PRE,3,TEST,Success
file_brain_AXT1PRE_203_6000860/processed/slice_4.mat,file_brain_AXT1PRE_203_6000860,AXT1PRE,4,TEST,Success
file_brain_AXT1PRE_203_6000860/processed/slice_5.mat,file_brain_AXT1PRE_203_6000860,AXT1PRE,5,TEST,Success
file_brain_AXT1PRE_203_6000860/processed/slice_6.mat,file_brain_AXT1PRE_203_6000860,AXT1PRE,6,TEST,Success
file_brain_AXT1PRE_203_6000860/processed/slice_7.mat,file_brain_AXT1PRE_203_6000860,AXT1PRE,7,TEST,Success
file_brain_AXT1PRE_203_6000860/processed/slice_8.mat,file_brain_AXT1PRE_203_6000860,AXT1PRE,8,TEST,Success
file_brain_AXT1PRE_203_6000860/processed/slice_9.mat,file_brain_AXT1PRE_203_6000860,AXT1PRE,9,TEST,Success
file_brain_AXT1PRE_203_6000860/processed/slice_10.mat,file_brain_AXT1PRE_203_6000860,AXT1PRE,10,TEST,Success
file_brain_AXT1PRE_203_6000860/processed/slice_11.mat,file_brain_AXT1PRE_203_6000860,AXT1PRE,11,TEST,Success
file_brain_AXT1PRE_203_6000860/processed/slice_12.mat,file_brain_AXT1PRE_203_6000860,AXT1PRE,12,TEST,Success
file_brain_AXT1PRE_203_6000860/processed/slice_13.mat,file_brain_AXT1PRE_203_6000860,AXT1PRE,13,TEST,Success
file_brain_AXT1PRE_203_6000860/processed/slice_14.mat,file_brain_AXT1PRE_203_6000860,AXT1PRE,14,TEST,Success
file_brain_AXT1PRE_203_6000860/processed/slice_15.mat,file_brain_AXT1PRE_203_6000860,AXT1PRE,15,TEST,Success
file_brain_AXT1PRE_203_6000860/processed/slice_16.mat,file_brain_AXT1PRE_203_6000860,AXT1PRE,16,TEST,Success
file_brain_AXT1PRE_205_6000093/processed/slice_1.mat,file_brain_AXT1PRE_205_6000093,AXT1PRE,1,TEST,Success
file_brain_AXT1PRE_205_6000093/processed/slice_2.mat,file_brain_AXT1PRE_205_6000093,AXT1PRE,2,TEST,Success
file_brain_AXT1PRE_205_6000093/processed/slice_3.mat,file_brain_AXT1PRE_205_6000093,AXT1PRE,3,TEST,Success
file_brain_AXT1PRE_205_6000093/processed/slice_4.mat,file_brain_AXT1PRE_205_6000093,AXT1PRE,4,TEST,Success
file_brain_AXT1PRE_205_6000093/processed/slice_5.mat,file_brain_AXT1PRE_205_6000093,AXT1PRE,5,TEST,Success
file_brain_AXT1PRE_205_6000093/processed/slice_6.mat,file_brain_AXT1PRE_205_6000093,AXT1PRE,6,TEST,Success
file_brain_AXT1PRE_205_6000093/processed/slice_7.mat,file_brain_AXT1PRE_205_6000093,AXT1PRE,7,TEST,Success
file_brain_AXT1PRE_205_6000093/processed/slice_8.mat,file_brain_AXT1PRE_205_6000093,AXT1PRE,8,TEST,Success
file_brain_AXT1PRE_205_6000093/processed/slice_9.mat,file_brain_AXT1PRE_205_6000093,AXT1PRE,9,TEST,Success
file_brain_AXT1PRE_205_6000093/processed/slice_10.mat,file_brain_AXT1PRE_205_6000093,AXT1PRE,10,TEST,Success
file_brain_AXT1PRE_205_6000093/processed/slice_11.mat,file_brain_AXT1PRE_205_6000093,AXT1PRE,11,TEST,Success
file_brain_AXT1PRE_205_6000093/processed/slice_12.mat,file_brain_AXT1PRE_205_6000093,AXT1PRE,12,TEST,Success
file_brain_AXT1PRE_205_6000093/processed/slice_13.mat,file_brain_AXT1PRE_205_6000093,AXT1PRE,13,TEST,Success
file_brain_AXT1PRE_205_6000093/processed/slice_14.mat,file_brain_AXT1PRE_205_6000093,AXT1PRE,14,TEST,Success
file_brain_AXT1PRE_205_6000093/processed/slice_15.mat,file_brain_AXT1PRE_205_6000093,AXT1PRE,15,TEST,Success
file_brain_AXT1PRE_205_6000093/processed/slice_16.mat,file_brain_AXT1PRE_205_6000093,AXT1PRE,16,TEST,Success
file_brain_AXT1PRE_206_6000196/processed/slice_1.mat,file_brain_AXT1PRE_206_6000196,AXT1PRE,1,TRAIN,Success
file_brain_AXT1PRE_206_6000196/processed/slice_2.mat,file_brain_AXT1PRE_206_6000196,AXT1PRE,2,TRAIN,Success
file_brain_AXT1PRE_206_6000196/processed/slice_3.mat,file_brain_AXT1PRE_206_6000196,AXT1PRE,3,TRAIN,Success
file_brain_AXT1PRE_206_6000196/processed/slice_4.mat,file_brain_AXT1PRE_206_6000196,AXT1PRE,4,TRAIN,Success
file_brain_AXT1PRE_206_6000196/processed/slice_5.mat,file_brain_AXT1PRE_206_6000196,AXT1PRE,5,TRAIN,Success
file_brain_AXT1PRE_206_6000196/processed/slice_6.mat,file_brain_AXT1PRE_206_6000196,AXT1PRE,6,TRAIN,Success
file_brain_AXT1PRE_206_6000196/processed/slice_7.mat,file_brain_AXT1PRE_206_6000196,AXT1PRE,7,TRAIN,Success
file_brain_AXT1PRE_206_6000196/processed/slice_8.mat,file_brain_AXT1PRE_206_6000196,AXT1PRE,8,TRAIN,Success
file_brain_AXT1PRE_206_6000196/processed/slice_9.mat,file_brain_AXT1PRE_206_6000196,AXT1PRE,9,TRAIN,Success
file_brain_AXT1PRE_206_6000196/processed/slice_10.mat,file_brain_AXT1PRE_206_6000196,AXT1PRE,10,TRAIN,Success
file_brain_AXT1PRE_206_6000196/processed/slice_11.mat,file_brain_AXT1PRE_206_6000196,AXT1PRE,11,TRAIN,Success
file_brain_AXT1PRE_206_6000196/processed/slice_12.mat,file_brain_AXT1PRE_206_6000196,AXT1PRE,12,TRAIN,Success
file_brain_AXT1PRE_206_6000196/processed/slice_13.mat,file_brain_AXT1PRE_206_6000196,AXT1PRE,13,TRAIN,Success
file_brain_AXT1PRE_206_6000196/processed/slice_14.mat,file_brain_AXT1PRE_206_6000196,AXT1PRE,14,TRAIN,Success
file_brain_AXT1PRE_206_6000196/processed/slice_15.mat,file_brain_AXT1PRE_206_6000196,AXT1PRE,15,TRAIN,Success
file_brain_AXT1PRE_206_6000196/processed/slice_16.mat,file_brain_AXT1PRE_206_6000196,AXT1PRE,16,TRAIN,Success
file_brain_AXT1PRE_206_6000217/processed/slice_1.mat,file_brain_AXT1PRE_206_6000217,AXT1PRE,1,TRAIN,Success
file_brain_AXT1PRE_206_6000217/processed/slice_2.mat,file_brain_AXT1PRE_206_6000217,AXT1PRE,2,TRAIN,Success
file_brain_AXT1PRE_206_6000217/processed/slice_3.mat,file_brain_AXT1PRE_206_6000217,AXT1PRE,3,TRAIN,Success
file_brain_AXT1PRE_206_6000217/processed/slice_4.mat,file_brain_AXT1PRE_206_6000217,AXT1PRE,4,TRAIN,Success
file_brain_AXT1PRE_206_6000217/processed/slice_5.mat,file_brain_AXT1PRE_206_6000217,AXT1PRE,5,TRAIN,Success
file_brain_AXT1PRE_206_6000217/processed/slice_6.mat,file_brain_AXT1PRE_206_6000217,AXT1PRE,6,TRAIN,Success
file_brain_AXT1PRE_206_6000217/processed/slice_7.mat,file_brain_AXT1PRE_206_6000217,AXT1PRE,7,TRAIN,Success
file_brain_AXT1PRE_206_6000217/processed/slice_8.mat,file_brain_AXT1PRE_206_6000217,AXT1PRE,8,TRAIN,Success
file_brain_AXT1PRE_206_6000217/processed/slice_9.mat,file_brain_AXT1PRE_206_6000217,AXT1PRE,9,TRAIN,Success
file_brain_AXT1PRE_206_6000217/processed/slice_10.mat,file_brain_AXT1PRE_206_6000217,AXT1PRE,10,TRAIN,Success
file_brain_AXT1PRE_206_6000217/processed/slice_11.mat,file_brain_AXT1PRE_206_6000217,AXT1PRE,11,TRAIN,Success
file_brain_AXT1PRE_206_6000217/processed/slice_12.mat,file_brain_AXT1PRE_206_6000217,AXT1PRE,12,TRAIN,Success
file_brain_AXT1PRE_206_6000217/processed/slice_13.mat,file_brain_AXT1PRE_206_6000217,AXT1PRE,13,TRAIN,Success
file_brain_AXT1PRE_206_6000217/processed/slice_14.mat,file_brain_AXT1PRE_206_6000217,AXT1PRE,14,TRAIN,Success
file_brain_AXT1PRE_206_6000217/processed/slice_15.mat,file_brain_AXT1PRE_206_6000217,AXT1PRE,15,TRAIN,Success
file_brain_AXT1PRE_206_6000217/processed/slice_16.mat,file_brain_AXT1PRE_206_6000217,AXT1PRE,16,TRAIN,Success
file_brain_AXT1PRE_206_6000251/processed/slice_1.mat,file_brain_AXT1PRE_206_6000251,AXT1PRE,1,TRAIN,Success
file_brain_AXT1PRE_206_6000251/processed/slice_2.mat,file_brain_AXT1PRE_206_6000251,AXT1PRE,2,TRAIN,Success
file_brain_AXT1PRE_206_6000251/processed/slice_3.mat,file_brain_AXT1PRE_206_6000251,AXT1PRE,3,TRAIN,Success
file_brain_AXT1PRE_206_6000251/processed/slice_4.mat,file_brain_AXT1PRE_206_6000251,AXT1PRE,4,TRAIN,Success
file_brain_AXT1PRE_206_6000251/processed/slice_5.mat,file_brain_AXT1PRE_206_6000251,AXT1PRE,5,TRAIN,Success
file_brain_AXT1PRE_206_6000251/processed/slice_6.mat,file_brain_AXT1PRE_206_6000251,AXT1PRE,6,TRAIN,Success
file_brain_AXT1PRE_206_6000251/processed/slice_7.mat,file_brain_AXT1PRE_206_6000251,AXT1PRE,7,TRAIN,Success
file_brain_AXT1PRE_206_6000251/processed/slice_8.mat,file_brain_AXT1PRE_206_6000251,AXT1PRE,8,TRAIN,Success
file_brain_AXT1PRE_206_6000251/processed/slice_9.mat,file_brain_AXT1PRE_206_6000251,AXT1PRE,9,TRAIN,Success
file_brain_AXT1PRE_206_6000251/processed/slice_10.mat,file_brain_AXT1PRE_206_6000251,AXT1PRE,10,TRAIN,Success
file_brain_AXT1PRE_206_6000251/processed/slice_11.mat,file_brain_AXT1PRE_206_6000251,AXT1PRE,11,TRAIN,Success
file_brain_AXT1PRE_206_6000251/processed/slice_12.mat,file_brain_AXT1PRE_206_6000251,AXT1PRE,12,TRAIN,Success
file_brain_AXT1PRE_206_6000251/processed/slice_13.mat,file_brain_AXT1PRE_206_6000251,AXT1PRE,13,TRAIN,Success
file_brain_AXT1PRE_206_6000251/processed/slice_14.mat,file_brain_AXT1PRE_206_6000251,AXT1PRE,14,TRAIN,Success
file_brain_AXT1PRE_206_6000251/processed/slice_15.mat,file_brain_AXT1PRE_206_6000251,AXT1PRE,15,TRAIN,Success
file_brain_AXT1PRE_206_6000251/processed/slice_16.mat,file_brain_AXT1PRE_206_6000251,AXT1PRE,16,TRAIN,Success
file_brain_AXT1PRE_209_6001122/processed/slice_1.mat,file_brain_AXT1PRE_209_6001122,AXT1PRE,1,TRAIN,Success
file_brain_AXT1PRE_209_6001122/processed/slice_2.mat,file_brain_AXT1PRE_209_6001122,AXT1PRE,2,TRAIN,Success
file_brain_AXT1PRE_209_6001122/processed/slice_3.mat,file_brain_AXT1PRE_209_6001122,AXT1PRE,3,TRAIN,Success
file_brain_AXT1PRE_209_6001122/processed/slice_4.mat,file_brain_AXT1PRE_209_6001122,AXT1PRE,4,TRAIN,Success
file_brain_AXT1PRE_209_6001122/processed/slice_5.mat,file_brain_AXT1PRE_209_6001122,AXT1PRE,5,TRAIN,Success
file_brain_AXT1PRE_209_6001122/processed/slice_6.mat,file_brain_AXT1PRE_209_6001122,AXT1PRE,6,TRAIN,Success
file_brain_AXT1PRE_209_6001122/processed/slice_7.mat,file_brain_AXT1PRE_209_6001122,AXT1PRE,7,TRAIN,Success
file_brain_AXT1PRE_209_6001122/processed/slice_8.mat,file_brain_AXT1PRE_209_6001122,AXT1PRE,8,TRAIN,Success
file_brain_AXT1PRE_209_6001122/processed/slice_9.mat,file_brain_AXT1PRE_209_6001122,AXT1PRE,9,TRAIN,Success
file_brain_AXT1PRE_209_6001122/processed/slice_10.mat,file_brain_AXT1PRE_209_6001122,AXT1PRE,10,TRAIN,Success
file_brain_AXT1PRE_209_6001122/processed/slice_11.mat,file_brain_AXT1PRE_209_6001122,AXT1PRE,11,TRAIN,Success
file_brain_AXT1PRE_209_6001122/processed/slice_12.mat,file_brain_AXT1PRE_209_6001122,AXT1PRE,12,TRAIN,Success
file_brain_AXT1PRE_209_6001122/processed/slice_13.mat,file_brain_AXT1PRE_209_6001122,AXT1PRE,13,TRAIN,Success
file_brain_AXT1PRE_209_6001122/processed/slice_14.mat,file_brain_AXT1PRE_209_6001122,AXT1PRE,14,TRAIN,Success
file_brain_AXT1PRE_209_6001122/processed/slice_15.mat,file_brain_AXT1PRE_209_6001122,AXT1PRE,15,TRAIN,Success
file_brain_AXT1PRE_209_6001122/processed/slice_16.mat,file_brain_AXT1PRE_209_6001122,AXT1PRE,16,TRAIN,Success
file_brain_AXT1PRE_210_6001656/processed/slice_1.mat,file_brain_AXT1PRE_210_6001656,AXT1PRE,1,TRAIN,Success
file_brain_AXT1PRE_210_6001656/processed/slice_2.mat,file_brain_AXT1PRE_210_6001656,AXT1PRE,2,TRAIN,Success
file_brain_AXT1PRE_210_6001656/processed/slice_3.mat,file_brain_AXT1PRE_210_6001656,AXT1PRE,3,TRAIN,Success
file_brain_AXT1PRE_210_6001656/processed/slice_4.mat,file_brain_AXT1PRE_210_6001656,AXT1PRE,4,TRAIN,Success
file_brain_AXT1PRE_210_6001656/processed/slice_5.mat,file_brain_AXT1PRE_210_6001656,AXT1PRE,5,TRAIN,Success
file_brain_AXT1PRE_210_6001656/processed/slice_6.mat,file_brain_AXT1PRE_210_6001656,AXT1PRE,6,TRAIN,Success
file_brain_AXT1PRE_210_6001656/processed/slice_7.mat,file_brain_AXT1PRE_210_6001656,AXT1PRE,7,TRAIN,Success
file_brain_AXT1PRE_210_6001656/processed/slice_8.mat,file_brain_AXT1PRE_210_6001656,AXT1PRE,8,TRAIN,Success
file_brain_AXT1PRE_210_6001656/processed/slice_9.mat,file_brain_AXT1PRE_210_6001656,AXT1PRE,9,TRAIN,Success
file_brain_AXT1PRE_210_6001656/processed/slice_10.mat,file_brain_AXT1PRE_210_6001656,AXT1PRE,10,TRAIN,Success
file_brain_AXT1PRE_210_6001656/processed/slice_11.mat,file_brain_AXT1PRE_210_6001656,AXT1PRE,11,TRAIN,Success
file_brain_AXT1PRE_210_6001656/processed/slice_12.mat,file_brain_AXT1PRE_210_6001656,AXT1PRE,12,TRAIN,Success
file_brain_AXT1PRE_210_6001656/processed/slice_13.mat,file_brain_AXT1PRE_210_6001656,AXT1PRE,13,TRAIN,Success
file_brain_AXT1PRE_210_6001656/processed/slice_14.mat,file_brain_AXT1PRE_210_6001656,AXT1PRE,14,TRAIN,Success
file_brain_AXT1PRE_210_6001656/processed/slice_15.mat,file_brain_AXT1PRE_210_6001656,AXT1PRE,15,TRAIN,Success
file_brain_AXT1PRE_210_6001656/processed/slice_16.mat,file_brain_AXT1PRE_210_6001656,AXT1PRE,16,TRAIN,Success
file_brain_AXT1PRE_210_6001891/processed/slice_1.mat,file_brain_AXT1PRE_210_6001891,AXT1PRE,1,TRAIN,Success
file_brain_AXT1PRE_210_6001891/processed/slice_2.mat,file_brain_AXT1PRE_210_6001891,AXT1PRE,2,TRAIN,Success
file_brain_AXT1PRE_210_6001891/processed/slice_3.mat,file_brain_AXT1PRE_210_6001891,AXT1PRE,3,TRAIN,Success
file_brain_AXT1PRE_210_6001891/processed/slice_4.mat,file_brain_AXT1PRE_210_6001891,AXT1PRE,4,TRAIN,Success
file_brain_AXT1PRE_210_6001891/processed/slice_5.mat,file_brain_AXT1PRE_210_6001891,AXT1PRE,5,TRAIN,Success
file_brain_AXT1PRE_210_6001891/processed/slice_6.mat,file_brain_AXT1PRE_210_6001891,AXT1PRE,6,TRAIN,Success
file_brain_AXT1PRE_210_6001891/processed/slice_7.mat,file_brain_AXT1PRE_210_6001891,AXT1PRE,7,TRAIN,Success
file_brain_AXT1PRE_210_6001891/processed/slice_8.mat,file_brain_AXT1PRE_210_6001891,AXT1PRE,8,TRAIN,Success
file_brain_AXT1PRE_210_6001891/processed/slice_9.mat,file_brain_AXT1PRE_210_6001891,AXT1PRE,9,TRAIN,Success
file_brain_AXT1PRE_210_6001891/processed/slice_10.mat,file_brain_AXT1PRE_210_6001891,AXT1PRE,10,TRAIN,Success
file_brain_AXT1PRE_210_6001891/processed/slice_11.mat,file_brain_AXT1PRE_210_6001891,AXT1PRE,11,TRAIN,Success
file_brain_AXT1PRE_210_6001891/processed/slice_12.mat,file_brain_AXT1PRE_210_6001891,AXT1PRE,12,TRAIN,Success
file_brain_AXT1PRE_210_6001891/processed/slice_13.mat,file_brain_AXT1PRE_210_6001891,AXT1PRE,13,TRAIN,Success
file_brain_AXT1PRE_210_6001891/processed/slice_14.mat,file_brain_AXT1PRE_210_6001891,AXT1PRE,14,TRAIN,Success
file_brain_AXT1PRE_210_6001891/processed/slice_15.mat,file_brain_AXT1PRE_210_6001891,AXT1PRE,15,TRAIN,Success
file_brain_AXT1PRE_210_6001891/processed/slice_16.mat,file_brain_AXT1PRE_210_6001891,AXT1PRE,16,TRAIN,Success
file_brain_AXT1PRE_210_6001893/processed/slice_1.mat,file_brain_AXT1PRE_210_6001893,AXT1PRE,1,TRAIN,Success
file_brain_AXT1PRE_210_6001893/processed/slice_2.mat,file_brain_AXT1PRE_210_6001893,AXT1PRE,2,TRAIN,Success
file_brain_AXT1PRE_210_6001893/processed/slice_3.mat,file_brain_AXT1PRE_210_6001893,AXT1PRE,3,TRAIN,Success
file_brain_AXT1PRE_210_6001893/processed/slice_4.mat,file_brain_AXT1PRE_210_6001893,AXT1PRE,4,TRAIN,Success
file_brain_AXT1PRE_210_6001893/processed/slice_5.mat,file_brain_AXT1PRE_210_6001893,AXT1PRE,5,TRAIN,Success
file_brain_AXT1PRE_210_6001893/processed/slice_6.mat,file_brain_AXT1PRE_210_6001893,AXT1PRE,6,TRAIN,Success
file_brain_AXT1PRE_210_6001893/processed/slice_7.mat,file_brain_AXT1PRE_210_6001893,AXT1PRE,7,TRAIN,Success
file_brain_AXT1PRE_210_6001893/processed/slice_8.mat,file_brain_AXT1PRE_210_6001893,AXT1PRE,8,TRAIN,Success
file_brain_AXT1PRE_210_6001893/processed/slice_9.mat,file_brain_AXT1PRE_210_6001893,AXT1PRE,9,TRAIN,Success
file_brain_AXT1PRE_210_6001893/processed/slice_10.mat,file_brain_AXT1PRE_210_6001893,AXT1PRE,10,TRAIN,Success
file_brain_AXT1PRE_210_6001893/processed/slice_11.mat,file_brain_AXT1PRE_210_6001893,AXT1PRE,11,TRAIN,Success
file_brain_AXT1PRE_210_6001893/processed/slice_12.mat,file_brain_AXT1PRE_210_6001893,AXT1PRE,12,TRAIN,Success
file_brain_AXT1PRE_210_6001893/processed/slice_13.mat,file_brain_AXT1PRE_210_6001893,AXT1PRE,13,TRAIN,Success
file_brain_AXT1PRE_210_6001893/processed/slice_14.mat,file_brain_AXT1PRE_210_6001893,AXT1PRE,14,TRAIN,Success
file_brain_AXT1PRE_210_6001893/processed/slice_15.mat,file_brain_AXT1PRE_210_6001893,AXT1PRE,15,TRAIN,Success
file_brain_AXT1PRE_210_6001893/processed/slice_16.mat,file_brain_AXT1PRE_210_6001893,AXT1PRE,16,TRAIN,Success
file_brain_AXT1_201_6002717/processed/slice_1.mat,file_brain_AXT1_201_6002717,AXT1,1,TRAIN,Success
file_brain_AXT1_201_6002717/processed/slice_2.mat,file_brain_AXT1_201_6002717,AXT1,2,TRAIN,Success
file_brain_AXT1_201_6002717/processed/slice_3.mat,file_brain_AXT1_201_6002717,AXT1,3,TRAIN,Success
file_brain_AXT1_201_6002717/processed/slice_4.mat,file_brain_AXT1_201_6002717,AXT1,4,TRAIN,Success
file_brain_AXT1_201_6002717/processed/slice_5.mat,file_brain_AXT1_201_6002717,AXT1,5,TRAIN,Success
file_brain_AXT1_201_6002717/processed/slice_6.mat,file_brain_AXT1_201_6002717,AXT1,6,TRAIN,Success
file_brain_AXT1_201_6002717/processed/slice_7.mat,file_brain_AXT1_201_6002717,AXT1,7,TRAIN,Success
file_brain_AXT1_201_6002717/processed/slice_8.mat,file_brain_AXT1_201_6002717,AXT1,8,TRAIN,Success
file_brain_AXT1_201_6002717/processed/slice_9.mat,file_brain_AXT1_201_6002717,AXT1,9,TRAIN,Success
file_brain_AXT1_201_6002717/processed/slice_10.mat,file_brain_AXT1_201_6002717,AXT1,10,TRAIN,Success
file_brain_AXT1_201_6002717/processed/slice_11.mat,file_brain_AXT1_201_6002717,AXT1,11,TRAIN,Success
file_brain_AXT1_201_6002717/processed/slice_12.mat,file_brain_AXT1_201_6002717,AXT1,12,TRAIN,Success
file_brain_AXT1_201_6002717/processed/slice_13.mat,file_brain_AXT1_201_6002717,AXT1,13,TRAIN,Success
file_brain_AXT1_201_6002717/processed/slice_14.mat,file_brain_AXT1_201_6002717,AXT1,14,TRAIN,Success
file_brain_AXT1_201_6002717/processed/slice_15.mat,file_brain_AXT1_201_6002717,AXT1,15,TRAIN,Success
file_brain_AXT1_201_6002717/processed/slice_16.mat,file_brain_AXT1_201_6002717,AXT1,16,TRAIN,Success
file_brain_AXT1_201_6002779/processed/slice_1.mat,file_brain_AXT1_201_6002779,AXT1,1,TRAIN,Success
file_brain_AXT1_201_6002779/processed/slice_2.mat,file_brain_AXT1_201_6002779,AXT1,2,TRAIN,Success
file_brain_AXT1_201_6002779/processed/slice_3.mat,file_brain_AXT1_201_6002779,AXT1,3,TRAIN,Success
file_brain_AXT1_201_6002779/processed/slice_4.mat,file_brain_AXT1_201_6002779,AXT1,4,TRAIN,Success
file_brain_AXT1_201_6002779/processed/slice_5.mat,file_brain_AXT1_201_6002779,AXT1,5,TRAIN,Success
file_brain_AXT1_201_6002779/processed/slice_6.mat,file_brain_AXT1_201_6002779,AXT1,6,TRAIN,Success
file_brain_AXT1_201_6002779/processed/slice_7.mat,file_brain_AXT1_201_6002779,AXT1,7,TRAIN,Success
file_brain_AXT1_201_6002779/processed/slice_8.mat,file_brain_AXT1_201_6002779,AXT1,8,TRAIN,Success
file_brain_AXT1_201_6002779/processed/slice_9.mat,file_brain_AXT1_201_6002779,AXT1,9,TRAIN,Success
file_brain_AXT1_201_6002779/processed/slice_10.mat,file_brain_AXT1_201_6002779,AXT1,10,TRAIN,Success
file_brain_AXT1_201_6002779/processed/slice_11.mat,file_brain_AXT1_201_6002779,AXT1,11,TRAIN,Success
file_brain_AXT1_201_6002779/processed/slice_12.mat,file_brain_AXT1_201_6002779,AXT1,12,TRAIN,Success
file_brain_AXT1_201_6002779/processed/slice_13.mat,file_brain_AXT1_201_6002779,AXT1,13,TRAIN,Success
file_brain_AXT1_201_6002779/processed/slice_14.mat,file_brain_AXT1_201_6002779,AXT1,14,TRAIN,Success
file_brain_AXT1_201_6002779/processed/slice_15.mat,file_brain_AXT1_201_6002779,AXT1,15,TRAIN,Success
file_brain_AXT1_201_6002779/processed/slice_16.mat,file_brain_AXT1_201_6002779,AXT1,16,TRAIN,Success
file_brain_AXT1_201_6002836/processed/slice_1.mat,file_brain_AXT1_201_6002836,AXT1,1,TEST,Success
file_brain_AXT1_201_6002836/processed/slice_2.mat,file_brain_AXT1_201_6002836,AXT1,2,TEST,Success
file_brain_AXT1_201_6002836/processed/slice_3.mat,file_brain_AXT1_201_6002836,AXT1,3,TEST,Success
file_brain_AXT1_201_6002836/processed/slice_4.mat,file_brain_AXT1_201_6002836,AXT1,4,TEST,Success
file_brain_AXT1_201_6002836/processed/slice_5.mat,file_brain_AXT1_201_6002836,AXT1,5,TEST,Success
file_brain_AXT1_201_6002836/processed/slice_6.mat,file_brain_AXT1_201_6002836,AXT1,6,TEST,Success
file_brain_AXT1_201_6002836/processed/slice_7.mat,file_brain_AXT1_201_6002836,AXT1,7,TEST,Success
file_brain_AXT1_201_6002836/processed/slice_8.mat,file_brain_AXT1_201_6002836,AXT1,8,TEST,Success
file_brain_AXT1_201_6002836/processed/slice_9.mat,file_brain_AXT1_201_6002836,AXT1,9,TEST,Success
file_brain_AXT1_201_6002836/processed/slice_10.mat,file_brain_AXT1_201_6002836,AXT1,10,TEST,Success
file_brain_AXT1_201_6002836/processed/slice_11.mat,file_brain_AXT1_201_6002836,AXT1,11,TEST,Success
file_brain_AXT1_201_6002836/processed/slice_12.mat,file_brain_AXT1_201_6002836,AXT1,12,TEST,Success
file_brain_AXT1_201_6002836/processed/slice_13.mat,file_brain_AXT1_201_6002836,AXT1,13,TEST,Success
file_brain_AXT1_201_6002836/processed/slice_14.mat,file_brain_AXT1_201_6002836,AXT1,14,TEST,Success
file_brain_AXT1_201_6002836/processed/slice_15.mat,file_brain_AXT1_201_6002836,AXT1,15,TEST,Success
file_brain_AXT1_201_6002836/processed/slice_16.mat,file_brain_AXT1_201_6002836,AXT1,16,TEST,Success
file_brain_AXT1_202_2020098/processed/slice_1.mat,file_brain_AXT1_202_2020098,AXT1,1,TRAIN,Success
file_brain_AXT1_202_2020098/processed/slice_2.mat,file_brain_AXT1_202_2020098,AXT1,2,TRAIN,Success
file_brain_AXT1_202_2020098/processed/slice_3.mat,file_brain_AXT1_202_2020098,AXT1,3,TRAIN,Success
file_brain_AXT1_202_2020098/processed/slice_4.mat,file_brain_AXT1_202_2020098,AXT1,4,TRAIN,Success
file_brain_AXT1_202_2020098/processed/slice_5.mat,file_brain_AXT1_202_2020098,AXT1,5,TRAIN,Success
file_brain_AXT1_202_2020098/processed/slice_6.mat,file_brain_AXT1_202_2020098,AXT1,6,TRAIN,Success
file_brain_AXT1_202_2020098/processed/slice_7.mat,file_brain_AXT1_202_2020098,AXT1,7,TRAIN,Success
file_brain_AXT1_202_2020098/processed/slice_8.mat,file_brain_AXT1_202_2020098,AXT1,8,TRAIN,Success
file_brain_AXT1_202_2020098/processed/slice_9.mat,file_brain_AXT1_202_2020098,AXT1,9,TRAIN,Success
file_brain_AXT1_202_2020098/processed/slice_10.mat,file_brain_AXT1_202_2020098,AXT1,10,TRAIN,Success
file_brain_AXT1_202_2020098/processed/slice_11.mat,file_brain_AXT1_202_2020098,AXT1,11,TRAIN,Success
file_brain_AXT1_202_2020098/processed/slice_12.mat,file_brain_AXT1_202_2020098,AXT1,12,TRAIN,Success
file_brain_AXT1_202_2020109/processed/slice_1.mat,file_brain_AXT1_202_2020109,AXT1,1,TRAIN,Success
file_brain_AXT1_202_2020109/processed/slice_2.mat,file_brain_AXT1_202_2020109,AXT1,2,TRAIN,Success
file_brain_AXT1_202_2020109/processed/slice_3.mat,file_brain_AXT1_202_2020109,AXT1,3,TRAIN,Success
file_brain_AXT1_202_2020109/processed/slice_4.mat,file_brain_AXT1_202_2020109,AXT1,4,TRAIN,Success
file_brain_AXT1_202_2020109/processed/slice_5.mat,file_brain_AXT1_202_2020109,AXT1,5,TRAIN,Success
file_brain_AXT1_202_2020109/processed/slice_6.mat,file_brain_AXT1_202_2020109,AXT1,6,TRAIN,Success
file_brain_AXT1_202_2020109/processed/slice_7.mat,file_brain_AXT1_202_2020109,AXT1,7,TRAIN,Success
file_brain_AXT1_202_2020109/processed/slice_8.mat,file_brain_AXT1_202_2020109,AXT1,8,TRAIN,Success
file_brain_AXT1_202_2020109/processed/slice_9.mat,file_brain_AXT1_202_2020109,AXT1,9,TRAIN,Success
file_brain_AXT1_202_2020109/processed/slice_10.mat,file_brain_AXT1_202_2020109,AXT1,10,TRAIN,Success
file_brain_AXT1_202_2020109/processed/slice_11.mat,file_brain_AXT1_202_2020109,AXT1,11,TRAIN,Success
file_brain_AXT1_202_2020109/processed/slice_12.mat,file_brain_AXT1_202_2020109,AXT1,12,TRAIN,Success
file_brain_AXT1_202_2020109/processed/slice_13.mat,file_brain_AXT1_202_2020109,AXT1,13,TRAIN,Success
file_brain_AXT1_202_2020109/processed/slice_14.mat,file_brain_AXT1_202_2020109,AXT1,14,TRAIN,Success
file_brain_AXT1_202_2020109/processed/slice_15.mat,file_brain_AXT1_202_2020109,AXT1,15,TRAIN,Success
file_brain_AXT1_202_2020109/processed/slice_16.mat,file_brain_AXT1_202_2020109,AXT1,16,TRAIN,Success
file_brain_AXT1_202_2020131/processed/slice_1.mat,file_brain_AXT1_202_2020131,AXT1,1,TRAIN,Success
file_brain_AXT1_202_2020131/processed/slice_2.mat,file_brain_AXT1_202_2020131,AXT1,2,TRAIN,Success
file_brain_AXT1_202_2020131/processed/slice_3.mat,file_brain_AXT1_202_2020131,AXT1,3,TRAIN,Success
file_brain_AXT1_202_2020131/processed/slice_4.mat,file_brain_AXT1_202_2020131,AXT1,4,TRAIN,Success
file_brain_AXT1_202_2020131/processed/slice_5.mat,file_brain_AXT1_202_2020131,AXT1,5,TRAIN,Success
file_brain_AXT1_202_2020131/processed/slice_6.mat,file_brain_AXT1_202_2020131,AXT1,6,TRAIN,Success
file_brain_AXT1_202_2020131/processed/slice_7.mat,file_brain_AXT1_202_2020131,AXT1,7,TRAIN,Success
file_brain_AXT1_202_2020131/processed/slice_8.mat,file_brain_AXT1_202_2020131,AXT1,8,TRAIN,Success
file_brain_AXT1_202_2020131/processed/slice_9.mat,file_brain_AXT1_202_2020131,AXT1,9,TRAIN,Success
file_brain_AXT1_202_2020131/processed/slice_10.mat,file_brain_AXT1_202_2020131,AXT1,10,TRAIN,Success
file_brain_AXT1_202_2020131/processed/slice_11.mat,file_brain_AXT1_202_2020131,AXT1,11,TRAIN,Success
file_brain_AXT1_202_2020131/processed/slice_12.mat,file_brain_AXT1_202_2020131,AXT1,12,TRAIN,Success
file_brain_AXT1_202_2020131/processed/slice_13.mat,file_brain_AXT1_202_2020131,AXT1,13,TRAIN,Success
file_brain_AXT1_202_2020131/processed/slice_14.mat,file_brain_AXT1_202_2020131,AXT1,14,TRAIN,Success
file_brain_AXT1_202_2020131/processed/slice_15.mat,file_brain_AXT1_202_2020131,AXT1,15,TRAIN,Success
file_brain_AXT1_202_2020131/processed/slice_16.mat,file_brain_AXT1_202_2020131,AXT1,16,TRAIN,Success
file_brain_AXT1_202_2020146/processed/slice_1.mat,file_brain_AXT1_202_2020146,AXT1,1,TEST,Success
file_brain_AXT1_202_2020146/processed/slice_2.mat,file_brain_AXT1_202_2020146,AXT1,2,TEST,Success
file_brain_AXT1_202_2020146/processed/slice_3.mat,file_brain_AXT1_202_2020146,AXT1,3,TEST,Success
file_brain_AXT1_202_2020146/processed/slice_4.mat,file_brain_AXT1_202_2020146,AXT1,4,TEST,Success
file_brain_AXT1_202_2020146/processed/slice_5.mat,file_brain_AXT1_202_2020146,AXT1,5,TEST,Success
file_brain_AXT1_202_2020146/processed/slice_6.mat,file_brain_AXT1_202_2020146,AXT1,6,TEST,Success
file_brain_AXT1_202_2020146/processed/slice_7.mat,file_brain_AXT1_202_2020146,AXT1,7,TEST,Success
file_brain_AXT1_202_2020146/processed/slice_8.mat,file_brain_AXT1_202_2020146,AXT1,8,TEST,Success
file_brain_AXT1_202_2020146/processed/slice_9.mat,file_brain_AXT1_202_2020146,AXT1,9,TEST,Success
file_brain_AXT1_202_2020146/processed/slice_10.mat,file_brain_AXT1_202_2020146,AXT1,10,TEST,Success
file_brain_AXT1_202_2020146/processed/slice_11.mat,file_brain_AXT1_202_2020146,AXT1,11,TEST,Success
file_brain_AXT1_202_2020146/processed/slice_12.mat,file_brain_AXT1_202_2020146,AXT1,12,TEST,Success
file_brain_AXT1_202_2020146/processed/slice_13.mat,file_brain_AXT1_202_2020146,AXT1,13,TEST,Success
file_brain_AXT1_202_2020146/processed/slice_14.mat,file_brain_AXT1_202_2020146,AXT1,14,TEST,Success
file_brain_AXT1_202_2020146/processed/slice_15.mat,file_brain_AXT1_202_2020146,AXT1,15,TEST,Success
file_brain_AXT1_202_2020146/processed/slice_16.mat,file_brain_AXT1_202_2020146,AXT1,16,TEST,Success
file_brain_AXT1_202_2020186/processed/slice_1.mat,file_brain_AXT1_202_2020186,AXT1,1,TRAIN,Success
file_brain_AXT1_202_2020186/processed/slice_2.mat,file_brain_AXT1_202_2020186,AXT1,2,TRAIN,Success
file_brain_AXT1_202_2020186/processed/slice_3.mat,file_brain_AXT1_202_2020186,AXT1,3,TRAIN,Success
file_brain_AXT1_202_2020186/processed/slice_4.mat,file_brain_AXT1_202_2020186,AXT1,4,TRAIN,Success
file_brain_AXT1_202_2020186/processed/slice_5.mat,file_brain_AXT1_202_2020186,AXT1,5,TRAIN,Success
file_brain_AXT1_202_2020186/processed/slice_6.mat,file_brain_AXT1_202_2020186,AXT1,6,TRAIN,Success
file_brain_AXT1_202_2020186/processed/slice_7.mat,file_brain_AXT1_202_2020186,AXT1,7,TRAIN,Success
file_brain_AXT1_202_2020186/processed/slice_8.mat,file_brain_AXT1_202_2020186,AXT1,8,TRAIN,Success
file_brain_AXT1_202_2020186/processed/slice_9.mat,file_brain_AXT1_202_2020186,AXT1,9,TRAIN,Success
file_brain_AXT1_202_2020186/processed/slice_10.mat,file_brain_AXT1_202_2020186,AXT1,10,TRAIN,Success
file_brain_AXT1_202_2020186/processed/slice_11.mat,file_brain_AXT1_202_2020186,AXT1,11,TRAIN,Success
file_brain_AXT1_202_2020186/processed/slice_12.mat,file_brain_AXT1_202_2020186,AXT1,12,TRAIN,Success
file_brain_AXT1_202_2020186/processed/slice_13.mat,file_brain_AXT1_202_2020186,AXT1,13,TRAIN,Success
file_brain_AXT1_202_2020186/processed/slice_14.mat,file_brain_AXT1_202_2020186,AXT1,14,TRAIN,Success
file_brain_AXT1_202_2020186/processed/slice_15.mat,file_brain_AXT1_202_2020186,AXT1,15,TRAIN,Success
file_brain_AXT1_202_2020186/processed/slice_16.mat,file_brain_AXT1_202_2020186,AXT1,16,TRAIN,Success
file_brain_AXT1_202_2020209/processed/slice_1.mat,file_brain_AXT1_202_2020209,AXT1,1,TRAIN,Success
file_brain_AXT1_202_2020209/processed/slice_2.mat,file_brain_AXT1_202_2020209,AXT1,2,TRAIN,Success
file_brain_AXT1_202_2020209/processed/slice_3.mat,file_brain_AXT1_202_2020209,AXT1,3,TRAIN,Success
file_brain_AXT1_202_2020209/processed/slice_4.mat,file_brain_AXT1_202_2020209,AXT1,4,TRAIN,Success
file_brain_AXT1_202_2020209/processed/slice_5.mat,file_brain_AXT1_202_2020209,AXT1,5,TRAIN,Success
file_brain_AXT1_202_2020209/processed/slice_6.mat,file_brain_AXT1_202_2020209,AXT1,6,TRAIN,Success
file_brain_AXT1_202_2020209/processed/slice_7.mat,file_brain_AXT1_202_2020209,AXT1,7,TRAIN,Success
file_brain_AXT1_202_2020209/processed/slice_8.mat,file_brain_AXT1_202_2020209,AXT1,8,TRAIN,Success
file_brain_AXT1_202_2020209/processed/slice_9.mat,file_brain_AXT1_202_2020209,AXT1,9,TRAIN,Success
file_brain_AXT1_202_2020209/processed/slice_10.mat,file_brain_AXT1_202_2020209,AXT1,10,TRAIN,Success
file_brain_AXT1_202_2020209/processed/slice_11.mat,file_brain_AXT1_202_2020209,AXT1,11,TRAIN,Success
file_brain_AXT1_202_2020209/processed/slice_12.mat,file_brain_AXT1_202_2020209,AXT1,12,TRAIN,Success
file_brain_AXT1_202_2020209/processed/slice_13.mat,file_brain_AXT1_202_2020209,AXT1,13,TRAIN,Success
file_brain_AXT1_202_2020209/processed/slice_14.mat,file_brain_AXT1_202_2020209,AXT1,14,TRAIN,Success
file_brain_AXT1_202_2020209/processed/slice_15.mat,file_brain_AXT1_202_2020209,AXT1,15,TRAIN,Success
file_brain_AXT1_202_2020209/processed/slice_16.mat,file_brain_AXT1_202_2020209,AXT1,16,TRAIN,Success
file_brain_AXT1_202_2020233/processed/slice_1.mat,file_brain_AXT1_202_2020233,AXT1,1,VAL,Success
file_brain_AXT1_202_2020233/processed/slice_2.mat,file_brain_AXT1_202_2020233,AXT1,2,VAL,Success
file_brain_AXT1_202_2020233/processed/slice_3.mat,file_brain_AXT1_202_2020233,AXT1,3,VAL,Success
file_brain_AXT1_202_2020233/processed/slice_4.mat,file_brain_AXT1_202_2020233,AXT1,4,VAL,Success
file_brain_AXT1_202_2020233/processed/slice_5.mat,file_brain_AXT1_202_2020233,AXT1,5,VAL,Success
file_brain_AXT1_202_2020233/processed/slice_6.mat,file_brain_AXT1_202_2020233,AXT1,6,VAL,Success
file_brain_AXT1_202_2020233/processed/slice_7.mat,file_brain_AXT1_202_2020233,AXT1,7,VAL,Success
file_brain_AXT1_202_2020233/processed/slice_8.mat,file_brain_AXT1_202_2020233,AXT1,8,VAL,Success
file_brain_AXT1_202_2020233/processed/slice_9.mat,file_brain_AXT1_202_2020233,AXT1,9,VAL,Success
file_brain_AXT1_202_2020233/processed/slice_10.mat,file_brain_AXT1_202_2020233,AXT1,10,VAL,Success
file_brain_AXT1_202_2020233/processed/slice_11.mat,file_brain_AXT1_202_2020233,AXT1,11,VAL,Success
file_brain_AXT1_202_2020233/processed/slice_12.mat,file_brain_AXT1_202_2020233,AXT1,12,VAL,Success
file_brain_AXT1_202_2020233/processed/slice_13.mat,file_brain_AXT1_202_2020233,AXT1,13,VAL,Success
file_brain_AXT1_202_2020233/processed/slice_14.mat,file_brain_AXT1_202_2020233,AXT1,14,VAL,Success
file_brain_AXT1_202_2020233/processed/slice_15.mat,file_brain_AXT1_202_2020233,AXT1,15,VAL,Success
file_brain_AXT1_202_2020233/processed/slice_16.mat,file_brain_AXT1_202_2020233,AXT1,16,VAL,Success
file_brain_AXT1_202_2020334/processed/slice_1.mat,file_brain_AXT1_202_2020334,AXT1,1,TRAIN,Success
file_brain_AXT1_202_2020334/processed/slice_2.mat,file_brain_AXT1_202_2020334,AXT1,2,TRAIN,Success
file_brain_AXT1_202_2020334/processed/slice_3.mat,file_brain_AXT1_202_2020334,AXT1,3,TRAIN,Success
file_brain_AXT1_202_2020334/processed/slice_4.mat,file_brain_AXT1_202_2020334,AXT1,4,TRAIN,Success
file_brain_AXT1_202_2020334/processed/slice_5.mat,file_brain_AXT1_202_2020334,AXT1,5,TRAIN,Success
file_brain_AXT1_202_2020334/processed/slice_6.mat,file_brain_AXT1_202_2020334,AXT1,6,TRAIN,Success
file_brain_AXT1_202_2020334/processed/slice_7.mat,file_brain_AXT1_202_2020334,AXT1,7,TRAIN,Success
file_brain_AXT1_202_2020334/processed/slice_8.mat,file_brain_AXT1_202_2020334,AXT1,8,TRAIN,Success
file_brain_AXT1_202_2020334/processed/slice_9.mat,file_brain_AXT1_202_2020334,AXT1,9,TRAIN,Success
file_brain_AXT1_202_2020334/processed/slice_10.mat,file_brain_AXT1_202_2020334,AXT1,10,TRAIN,Success
file_brain_AXT1_202_2020334/processed/slice_11.mat,file_brain_AXT1_202_2020334,AXT1,11,TRAIN,Success
file_brain_AXT1_202_2020334/processed/slice_12.mat,file_brain_AXT1_202_2020334,AXT1,12,TRAIN,Success
file_brain_AXT1_202_2020334/processed/slice_13.mat,file_brain_AXT1_202_2020334,AXT1,13,TRAIN,Success
file_brain_AXT1_202_2020334/processed/slice_14.mat,file_brain_AXT1_202_2020334,AXT1,14,TRAIN,Success
file_brain_AXT1_202_2020334/processed/slice_15.mat,file_brain_AXT1_202_2020334,AXT1,15,TRAIN,Success
file_brain_AXT1_202_2020334/processed/slice_16.mat,file_brain_AXT1_202_2020334,AXT1,16,TRAIN,Success
file_brain_AXT1_202_2020377/processed/slice_1.mat,file_brain_AXT1_202_2020377,AXT1,1,VAL,Success
file_brain_AXT1_202_2020377/processed/slice_2.mat,file_brain_AXT1_202_2020377,AXT1,2,VAL,Success
file_brain_AXT1_202_2020377/processed/slice_3.mat,file_brain_AXT1_202_2020377,AXT1,3,VAL,Success
file_brain_AXT1_202_2020377/processed/slice_4.mat,file_brain_AXT1_202_2020377,AXT1,4,VAL,Success
file_brain_AXT1_202_2020377/processed/slice_5.mat,file_brain_AXT1_202_2020377,AXT1,5,VAL,Success
file_brain_AXT1_202_2020377/processed/slice_6.mat,file_brain_AXT1_202_2020377,AXT1,6,VAL,Success
file_brain_AXT1_202_2020377/processed/slice_7.mat,file_brain_AXT1_202_2020377,AXT1,7,VAL,Success
file_brain_AXT1_202_2020377/processed/slice_8.mat,file_brain_AXT1_202_2020377,AXT1,8,VAL,Success
file_brain_AXT1_202_2020377/processed/slice_9.mat,file_brain_AXT1_202_2020377,AXT1,9,VAL,Success
file_brain_AXT1_202_2020377/processed/slice_10.mat,file_brain_AXT1_202_2020377,AXT1,10,VAL,Success
file_brain_AXT1_202_2020377/processed/slice_11.mat,file_brain_AXT1_202_2020377,AXT1,11,VAL,Success
file_brain_AXT1_202_2020377/processed/slice_12.mat,file_brain_AXT1_202_2020377,AXT1,12,VAL,Success
file_brain_AXT1_202_2020377/processed/slice_13.mat,file_brain_AXT1_202_2020377,AXT1,13,VAL,Success
file_brain_AXT1_202_2020377/processed/slice_14.mat,file_brain_AXT1_202_2020377,AXT1,14,VAL,Success
file_brain_AXT1_202_2020377/processed/slice_15.mat,file_brain_AXT1_202_2020377,AXT1,15,VAL,Success
file_brain_AXT1_202_2020377/processed/slice_16.mat,file_brain_AXT1_202_2020377,AXT1,16,VAL,Success
file_brain_AXT1_202_2020384/processed/slice_1.mat,file_brain_AXT1_202_2020384,AXT1,1,TRAIN,Success
file_brain_AXT1_202_2020384/processed/slice_2.mat,file_brain_AXT1_202_2020384,AXT1,2,TRAIN,Success
file_brain_AXT1_202_2020384/processed/slice_3.mat,file_brain_AXT1_202_2020384,AXT1,3,TRAIN,Success
file_brain_AXT1_202_2020384/processed/slice_4.mat,file_brain_AXT1_202_2020384,AXT1,4,TRAIN,Success
file_brain_AXT1_202_2020384/processed/slice_5.mat,file_brain_AXT1_202_2020384,AXT1,5,TRAIN,Success
file_brain_AXT1_202_2020384/processed/slice_6.mat,file_brain_AXT1_202_2020384,AXT1,6,TRAIN,Success
file_brain_AXT1_202_2020384/processed/slice_7.mat,file_brain_AXT1_202_2020384,AXT1,7,TRAIN,Success
file_brain_AXT1_202_2020384/processed/slice_8.mat,file_brain_AXT1_202_2020384,AXT1,8,TRAIN,Success
file_brain_AXT1_202_2020384/processed/slice_9.mat,file_brain_AXT1_202_2020384,AXT1,9,TRAIN,Success
file_brain_AXT1_202_2020384/processed/slice_10.mat,file_brain_AXT1_202_2020384,AXT1,10,TRAIN,Success
file_brain_AXT1_202_2020384/processed/slice_11.mat,file_brain_AXT1_202_2020384,AXT1,11,TRAIN,Success
file_brain_AXT1_202_2020384/processed/slice_12.mat,file_brain_AXT1_202_2020384,AXT1,12,TRAIN,Success
file_brain_AXT1_202_2020384/processed/slice_13.mat,file_brain_AXT1_202_2020384,AXT1,13,TRAIN,Success
file_brain_AXT1_202_2020384/processed/slice_14.mat,file_brain_AXT1_202_2020384,AXT1,14,TRAIN,Success
file_brain_AXT1_202_2020384/processed/slice_15.mat,file_brain_AXT1_202_2020384,AXT1,15,TRAIN,Success
file_brain_AXT1_202_2020384/processed/slice_16.mat,file_brain_AXT1_202_2020384,AXT1,16,TRAIN,Success
file_brain_AXT1_202_2020389/processed/slice_1.mat,file_brain_AXT1_202_2020389,AXT1,1,TRAIN,Success
file_brain_AXT1_202_2020389/processed/slice_2.mat,file_brain_AXT1_202_2020389,AXT1,2,TRAIN,Success
file_brain_AXT1_202_2020389/processed/slice_3.mat,file_brain_AXT1_202_2020389,AXT1,3,TRAIN,Success
file_brain_AXT1_202_2020389/processed/slice_4.mat,file_brain_AXT1_202_2020389,AXT1,4,TRAIN,Success
file_brain_AXT1_202_2020389/processed/slice_5.mat,file_brain_AXT1_202_2020389,AXT1,5,TRAIN,Success
file_brain_AXT1_202_2020389/processed/slice_6.mat,file_brain_AXT1_202_2020389,AXT1,6,TRAIN,Success
file_brain_AXT1_202_2020389/processed/slice_7.mat,file_brain_AXT1_202_2020389,AXT1,7,TRAIN,Success
file_brain_AXT1_202_2020389/processed/slice_8.mat,file_brain_AXT1_202_2020389,AXT1,8,TRAIN,Success
file_brain_AXT1_202_2020389/processed/slice_9.mat,file_brain_AXT1_202_2020389,AXT1,9,TRAIN,Success
file_brain_AXT1_202_2020389/processed/slice_10.mat,file_brain_AXT1_202_2020389,AXT1,10,TRAIN,Success
file_brain_AXT1_202_2020389/processed/slice_11.mat,file_brain_AXT1_202_2020389,AXT1,11,TRAIN,Success
file_brain_AXT1_202_2020389/processed/slice_12.mat,file_brain_AXT1_202_2020389,AXT1,12,TRAIN,Success
file_brain_AXT1_202_2020389/processed/slice_13.mat,file_brain_AXT1_202_2020389,AXT1,13,TRAIN,Success
file_brain_AXT1_202_2020389/processed/slice_14.mat,file_brain_AXT1_202_2020389,AXT1,14,TRAIN,Success
file_brain_AXT1_202_2020389/processed/slice_15.mat,file_brain_AXT1_202_2020389,AXT1,15,TRAIN,Success
file_brain_AXT1_202_2020389/processed/slice_16.mat,file_brain_AXT1_202_2020389,AXT1,16,TRAIN,Success
file_brain_AXT1_202_2020478/processed/slice_1.mat,file_brain_AXT1_202_2020478,AXT1,1,TRAIN,Success
file_brain_AXT1_202_2020478/processed/slice_2.mat,file_brain_AXT1_202_2020478,AXT1,2,TRAIN,Success
file_brain_AXT1_202_2020478/processed/slice_3.mat,file_brain_AXT1_202_2020478,AXT1,3,TRAIN,Success
file_brain_AXT1_202_2020478/processed/slice_4.mat,file_brain_AXT1_202_2020478,AXT1,4,TRAIN,Success
file_brain_AXT1_202_2020478/processed/slice_5.mat,file_brain_AXT1_202_2020478,AXT1,5,TRAIN,Success
file_brain_AXT1_202_2020478/processed/slice_6.mat,file_brain_AXT1_202_2020478,AXT1,6,TRAIN,Success
file_brain_AXT1_202_2020478/processed/slice_7.mat,file_brain_AXT1_202_2020478,AXT1,7,TRAIN,Success
file_brain_AXT1_202_2020478/processed/slice_8.mat,file_brain_AXT1_202_2020478,AXT1,8,TRAIN,Success
file_brain_AXT1_202_2020478/processed/slice_9.mat,file_brain_AXT1_202_2020478,AXT1,9,TRAIN,Success
file_brain_AXT1_202_2020478/processed/slice_10.mat,file_brain_AXT1_202_2020478,AXT1,10,TRAIN,Success
file_brain_AXT1_202_2020478/processed/slice_11.mat,file_brain_AXT1_202_2020478,AXT1,11,TRAIN,Success
file_brain_AXT1_202_2020478/processed/slice_12.mat,file_brain_AXT1_202_2020478,AXT1,12,TRAIN,Success
file_brain_AXT1_202_2020478/processed/slice_13.mat,file_brain_AXT1_202_2020478,AXT1,13,TRAIN,Success
file_brain_AXT1_202_2020478/processed/slice_14.mat,file_brain_AXT1_202_2020478,AXT1,14,TRAIN,Success
file_brain_AXT1_202_2020478/processed/slice_15.mat,file_brain_AXT1_202_2020478,AXT1,15,TRAIN,Success
file_brain_AXT1_202_2020478/processed/slice_16.mat,file_brain_AXT1_202_2020478,AXT1,16,TRAIN,Success
file_brain_AXT1_202_2020486/processed/slice_1.mat,file_brain_AXT1_202_2020486,AXT1,1,TRAIN,Success
file_brain_AXT1_202_2020486/processed/slice_2.mat,file_brain_AXT1_202_2020486,AXT1,2,TRAIN,Success
file_brain_AXT1_202_2020486/processed/slice_3.mat,file_brain_AXT1_202_2020486,AXT1,3,TRAIN,Success
file_brain_AXT1_202_2020486/processed/slice_4.mat,file_brain_AXT1_202_2020486,AXT1,4,TRAIN,Success
file_brain_AXT1_202_2020486/processed/slice_5.mat,file_brain_AXT1_202_2020486,AXT1,5,TRAIN,Success
file_brain_AXT1_202_2020486/processed/slice_6.mat,file_brain_AXT1_202_2020486,AXT1,6,TRAIN,Success
file_brain_AXT1_202_2020486/processed/slice_7.mat,file_brain_AXT1_202_2020486,AXT1,7,TRAIN,Success
file_brain_AXT1_202_2020486/processed/slice_8.mat,file_brain_AXT1_202_2020486,AXT1,8,TRAIN,Success
file_brain_AXT1_202_2020486/processed/slice_9.mat,file_brain_AXT1_202_2020486,AXT1,9,TRAIN,Success
file_brain_AXT1_202_2020486/processed/slice_10.mat,file_brain_AXT1_202_2020486,AXT1,10,TRAIN,Success
file_brain_AXT1_202_2020486/processed/slice_11.mat,file_brain_AXT1_202_2020486,AXT1,11,TRAIN,Success
file_brain_AXT1_202_2020486/processed/slice_12.mat,file_brain_AXT1_202_2020486,AXT1,12,TRAIN,Success
file_brain_AXT1_202_2020486/processed/slice_13.mat,file_brain_AXT1_202_2020486,AXT1,13,TRAIN,Success
file_brain_AXT1_202_2020486/processed/slice_14.mat,file_brain_AXT1_202_2020486,AXT1,14,TRAIN,Success
file_brain_AXT1_202_2020496/processed/slice_1.mat,file_brain_AXT1_202_2020496,AXT1,1,TRAIN,Success
file_brain_AXT1_202_2020496/processed/slice_2.mat,file_brain_AXT1_202_2020496,AXT1,2,TRAIN,Success
file_brain_AXT1_202_2020496/processed/slice_3.mat,file_brain_AXT1_202_2020496,AXT1,3,TRAIN,Success
file_brain_AXT1_202_2020496/processed/slice_4.mat,file_brain_AXT1_202_2020496,AXT1,4,TRAIN,Success
file_brain_AXT1_202_2020496/processed/slice_5.mat,file_brain_AXT1_202_2020496,AXT1,5,TRAIN,Success
file_brain_AXT1_202_2020496/processed/slice_6.mat,file_brain_AXT1_202_2020496,AXT1,6,TRAIN,Success
file_brain_AXT1_202_2020496/processed/slice_7.mat,file_brain_AXT1_202_2020496,AXT1,7,TRAIN,Success
file_brain_AXT1_202_2020496/processed/slice_8.mat,file_brain_AXT1_202_2020496,AXT1,8,TRAIN,Success
file_brain_AXT1_202_2020496/processed/slice_9.mat,file_brain_AXT1_202_2020496,AXT1,9,TRAIN,Success
file_brain_AXT1_202_2020496/processed/slice_10.mat,file_brain_AXT1_202_2020496,AXT1,10,TRAIN,Success
file_brain_AXT1_202_2020496/processed/slice_11.mat,file_brain_AXT1_202_2020496,AXT1,11,TRAIN,Success
file_brain_AXT1_202_2020496/processed/slice_12.mat,file_brain_AXT1_202_2020496,AXT1,12,TRAIN,Success
file_brain_AXT1_202_2020496/processed/slice_13.mat,file_brain_AXT1_202_2020496,AXT1,13,TRAIN,Success
file_brain_AXT1_202_2020496/processed/slice_14.mat,file_brain_AXT1_202_2020496,AXT1,14,TRAIN,Success
file_brain_AXT1_202_2020496/processed/slice_15.mat,file_brain_AXT1_202_2020496,AXT1,15,TRAIN,Success
file_brain_AXT1_202_2020496/processed/slice_16.mat,file_brain_AXT1_202_2020496,AXT1,16,TRAIN,Success
file_brain_AXT1_202_2020509/processed/slice_1.mat,file_brain_AXT1_202_2020509,AXT1,1,VAL,Success
file_brain_AXT1_202_2020509/processed/slice_2.mat,file_brain_AXT1_202_2020509,AXT1,2,VAL,Success
file_brain_AXT1_202_2020509/processed/slice_3.mat,file_brain_AXT1_202_2020509,AXT1,3,VAL,Success
file_brain_AXT1_202_2020509/processed/slice_4.mat,file_brain_AXT1_202_2020509,AXT1,4,VAL,Success
file_brain_AXT1_202_2020509/processed/slice_5.mat,file_brain_AXT1_202_2020509,AXT1,5,VAL,Success
file_brain_AXT1_202_2020509/processed/slice_6.mat,file_brain_AXT1_202_2020509,AXT1,6,VAL,Success
file_brain_AXT1_202_2020509/processed/slice_7.mat,file_brain_AXT1_202_2020509,AXT1,7,VAL,Success
file_brain_AXT1_202_2020509/processed/slice_8.mat,file_brain_AXT1_202_2020509,AXT1,8,VAL,Success
file_brain_AXT1_202_2020509/processed/slice_9.mat,file_brain_AXT1_202_2020509,AXT1,9,VAL,Success
file_brain_AXT1_202_2020509/processed/slice_10.mat,file_brain_AXT1_202_2020509,AXT1,10,VAL,Success
file_brain_AXT1_202_2020509/processed/slice_11.mat,file_brain_AXT1_202_2020509,AXT1,11,VAL,Success
file_brain_AXT1_202_2020509/processed/slice_12.mat,file_brain_AXT1_202_2020509,AXT1,12,VAL,Success
file_brain_AXT1_202_2020509/processed/slice_13.mat,file_brain_AXT1_202_2020509,AXT1,13,VAL,Success
file_brain_AXT1_202_2020509/processed/slice_14.mat,file_brain_AXT1_202_2020509,AXT1,14,VAL,Success
file_brain_AXT1_202_2020509/processed/slice_15.mat,file_brain_AXT1_202_2020509,AXT1,15,VAL,Success
file_brain_AXT1_202_2020509/processed/slice_16.mat,file_brain_AXT1_202_2020509,AXT1,16,VAL,Success
file_brain_AXT1_202_2020570/processed/slice_1.mat,file_brain_AXT1_202_2020570,AXT1,1,TRAIN,Success
file_brain_AXT1_202_2020570/processed/slice_2.mat,file_brain_AXT1_202_2020570,AXT1,2,TRAIN,Success
file_brain_AXT1_202_2020570/processed/slice_3.mat,file_brain_AXT1_202_2020570,AXT1,3,TRAIN,Success
file_brain_AXT1_202_2020570/processed/slice_4.mat,file_brain_AXT1_202_2020570,AXT1,4,TRAIN,Success
file_brain_AXT1_202_2020570/processed/slice_5.mat,file_brain_AXT1_202_2020570,AXT1,5,TRAIN,Success
file_brain_AXT1_202_2020570/processed/slice_6.mat,file_brain_AXT1_202_2020570,AXT1,6,TRAIN,Success
file_brain_AXT1_202_2020570/processed/slice_7.mat,file_brain_AXT1_202_2020570,AXT1,7,TRAIN,Success
file_brain_AXT1_202_2020570/processed/slice_8.mat,file_brain_AXT1_202_2020570,AXT1,8,TRAIN,Success
file_brain_AXT1_202_2020570/processed/slice_9.mat,file_brain_AXT1_202_2020570,AXT1,9,TRAIN,Success
file_brain_AXT1_202_2020570/processed/slice_10.mat,file_brain_AXT1_202_2020570,AXT1,10,TRAIN,Success
file_brain_AXT1_202_2020570/processed/slice_11.mat,file_brain_AXT1_202_2020570,AXT1,11,TRAIN,Success
file_brain_AXT1_202_2020570/processed/slice_12.mat,file_brain_AXT1_202_2020570,AXT1,12,TRAIN,Success
file_brain_AXT1_202_6000305/processed/slice_1.mat,file_brain_AXT1_202_6000305,AXT1,1,TRAIN,Success
file_brain_AXT1_202_6000305/processed/slice_2.mat,file_brain_AXT1_202_6000305,AXT1,2,TRAIN,Success
file_brain_AXT1_202_6000305/processed/slice_3.mat,file_brain_AXT1_202_6000305,AXT1,3,TRAIN,Success
file_brain_AXT1_202_6000305/processed/slice_4.mat,file_brain_AXT1_202_6000305,AXT1,4,TRAIN,Success
file_brain_AXT1_202_6000305/processed/slice_5.mat,file_brain_AXT1_202_6000305,AXT1,5,TRAIN,Success
file_brain_AXT1_202_6000305/processed/slice_6.mat,file_brain_AXT1_202_6000305,AXT1,6,TRAIN,Success
file_brain_AXT1_202_6000305/processed/slice_7.mat,file_brain_AXT1_202_6000305,AXT1,7,TRAIN,Success
file_brain_AXT1_202_6000305/processed/slice_8.mat,file_brain_AXT1_202_6000305,AXT1,8,TRAIN,Success
file_brain_AXT1_202_6000305/processed/slice_9.mat,file_brain_AXT1_202_6000305,AXT1,9,TRAIN,Success
file_brain_AXT1_202_6000305/processed/slice_10.mat,file_brain_AXT1_202_6000305,AXT1,10,TRAIN,Success
file_brain_AXT1_202_6000305/processed/slice_11.mat,file_brain_AXT1_202_6000305,AXT1,11,TRAIN,Success
file_brain_AXT1_202_6000305/processed/slice_12.mat,file_brain_AXT1_202_6000305,AXT1,12,TRAIN,Success
file_brain_AXT1_202_6000305/processed/slice_13.mat,file_brain_AXT1_202_6000305,AXT1,13,TRAIN,Success
file_brain_AXT1_202_6000305/processed/slice_14.mat,file_brain_AXT1_202_6000305,AXT1,14,TRAIN,Success
file_brain_AXT1_202_6000305/processed/slice_15.mat,file_brain_AXT1_202_6000305,AXT1,15,TRAIN,Success
file_brain_AXT1_202_6000305/processed/slice_16.mat,file_brain_AXT1_202_6000305,AXT1,16,TRAIN,Success
file_brain_AXT1_202_6000312/processed/slice_1.mat,file_brain_AXT1_202_6000312,AXT1,1,TRAIN,Success
file_brain_AXT1_202_6000312/processed/slice_2.mat,file_brain_AXT1_202_6000312,AXT1,2,TRAIN,Success
file_brain_AXT1_202_6000312/processed/slice_3.mat,file_brain_AXT1_202_6000312,AXT1,3,TRAIN,Success
file_brain_AXT1_202_6000312/processed/slice_4.mat,file_brain_AXT1_202_6000312,AXT1,4,TRAIN,Success
file_brain_AXT1_202_6000312/processed/slice_5.mat,file_brain_AXT1_202_6000312,AXT1,5,TRAIN,Success
file_brain_AXT1_202_6000312/processed/slice_6.mat,file_brain_AXT1_202_6000312,AXT1,6,TRAIN,Success
file_brain_AXT1_202_6000312/processed/slice_7.mat,file_brain_AXT1_202_6000312,AXT1,7,TRAIN,Success
file_brain_AXT1_202_6000312/processed/slice_8.mat,file_brain_AXT1_202_6000312,AXT1,8,TRAIN,Success
file_brain_AXT1_202_6000312/processed/slice_9.mat,file_brain_AXT1_202_6000312,AXT1,9,TRAIN,Success
file_brain_AXT1_202_6000312/processed/slice_10.mat,file_brain_AXT1_202_6000312,AXT1,10,TRAIN,Success
file_brain_AXT1_202_6000312/processed/slice_11.mat,file_brain_AXT1_202_6000312,AXT1,11,TRAIN,Success
file_brain_AXT1_202_6000312/processed/slice_12.mat,file_brain_AXT1_202_6000312,AXT1,12,TRAIN,Success
file_brain_AXT1_202_6000312/processed/slice_13.mat,file_brain_AXT1_202_6000312,AXT1,13,TRAIN,Success
file_brain_AXT1_202_6000312/processed/slice_14.mat,file_brain_AXT1_202_6000312,AXT1,14,TRAIN,Success
file_brain_AXT1_202_6000312/processed/slice_15.mat,file_brain_AXT1_202_6000312,AXT1,15,TRAIN,Success
file_brain_AXT1_202_6000312/processed/slice_16.mat,file_brain_AXT1_202_6000312,AXT1,16,TRAIN,Success
file_brain_AXT1_202_6000339/processed/slice_1.mat,file_brain_AXT1_202_6000339,AXT1,1,TRAIN,Success
file_brain_AXT1_202_6000339/processed/slice_2.mat,file_brain_AXT1_202_6000339,AXT1,2,TRAIN,Success
file_brain_AXT1_202_6000339/processed/slice_3.mat,file_brain_AXT1_202_6000339,AXT1,3,TRAIN,Success
file_brain_AXT1_202_6000339/processed/slice_4.mat,file_brain_AXT1_202_6000339,AXT1,4,TRAIN,Success
file_brain_AXT1_202_6000339/processed/slice_5.mat,file_brain_AXT1_202_6000339,AXT1,5,TRAIN,Success
file_brain_AXT1_202_6000339/processed/slice_6.mat,file_brain_AXT1_202_6000339,AXT1,6,TRAIN,Success
file_brain_AXT1_202_6000339/processed/slice_7.mat,file_brain_AXT1_202_6000339,AXT1,7,TRAIN,Success
file_brain_AXT1_202_6000339/processed/slice_8.mat,file_brain_AXT1_202_6000339,AXT1,8,TRAIN,Success
file_brain_AXT1_202_6000339/processed/slice_9.mat,file_brain_AXT1_202_6000339,AXT1,9,TRAIN,Success
file_brain_AXT1_202_6000339/processed/slice_10.mat,file_brain_AXT1_202_6000339,AXT1,10,TRAIN,Success
file_brain_AXT1_202_6000339/processed/slice_11.mat,file_brain_AXT1_202_6000339,AXT1,11,TRAIN,Success
file_brain_AXT1_202_6000339/processed/slice_12.mat,file_brain_AXT1_202_6000339,AXT1,12,TRAIN,Success
file_brain_AXT1_202_6000339/processed/slice_13.mat,file_brain_AXT1_202_6000339,AXT1,13,TRAIN,Success
file_brain_AXT1_202_6000339/processed/slice_14.mat,file_brain_AXT1_202_6000339,AXT1,14,TRAIN,Success
file_brain_AXT1_202_6000339/processed/slice_15.mat,file_brain_AXT1_202_6000339,AXT1,15,TRAIN,Success
file_brain_AXT1_202_6000339/processed/slice_16.mat,file_brain_AXT1_202_6000339,AXT1,16,TRAIN,Success
file_brain_AXT1_202_6000347/processed/slice_1.mat,file_brain_AXT1_202_6000347,AXT1,1,TRAIN,Success
file_brain_AXT1_202_6000347/processed/slice_2.mat,file_brain_AXT1_202_6000347,AXT1,2,TRAIN,Success
file_brain_AXT1_202_6000347/processed/slice_3.mat,file_brain_AXT1_202_6000347,AXT1,3,TRAIN,Success
file_brain_AXT1_202_6000347/processed/slice_4.mat,file_brain_AXT1_202_6000347,AXT1,4,TRAIN,Success
file_brain_AXT1_202_6000347/processed/slice_5.mat,file_brain_AXT1_202_6000347,AXT1,5,TRAIN,Success
file_brain_AXT1_202_6000347/processed/slice_6.mat,file_brain_AXT1_202_6000347,AXT1,6,TRAIN,Success
file_brain_AXT1_202_6000347/processed/slice_7.mat,file_brain_AXT1_202_6000347,AXT1,7,TRAIN,Success
file_brain_AXT1_202_6000347/processed/slice_8.mat,file_brain_AXT1_202_6000347,AXT1,8,TRAIN,Success
file_brain_AXT1_202_6000347/processed/slice_9.mat,file_brain_AXT1_202_6000347,AXT1,9,TRAIN,Success
file_brain_AXT1_202_6000347/processed/slice_10.mat,file_brain_AXT1_202_6000347,AXT1,10,TRAIN,Success
file_brain_AXT1_202_6000347/processed/slice_11.mat,file_brain_AXT1_202_6000347,AXT1,11,TRAIN,Success
file_brain_AXT1_202_6000347/processed/slice_12.mat,file_brain_AXT1_202_6000347,AXT1,12,TRAIN,Success
file_brain_AXT1_202_6000347/processed/slice_13.mat,file_brain_AXT1_202_6000347,AXT1,13,TRAIN,Success
file_brain_AXT1_202_6000347/processed/slice_14.mat,file_brain_AXT1_202_6000347,AXT1,14,TRAIN,Success
file_brain_AXT1_202_6000382/processed/slice_1.mat,file_brain_AXT1_202_6000382,AXT1,1,TRAIN,Success
file_brain_AXT1_202_6000382/processed/slice_2.mat,file_brain_AXT1_202_6000382,AXT1,2,TRAIN,Success
file_brain_AXT1_202_6000382/processed/slice_3.mat,file_brain_AXT1_202_6000382,AXT1,3,TRAIN,Success
file_brain_AXT1_202_6000382/processed/slice_4.mat,file_brain_AXT1_202_6000382,AXT1,4,TRAIN,Success
file_brain_AXT1_202_6000382/processed/slice_5.mat,file_brain_AXT1_202_6000382,AXT1,5,TRAIN,Success
file_brain_AXT1_202_6000382/processed/slice_6.mat,file_brain_AXT1_202_6000382,AXT1,6,TRAIN,Success
file_brain_AXT1_202_6000382/processed/slice_7.mat,file_brain_AXT1_202_6000382,AXT1,7,TRAIN,Success
file_brain_AXT1_202_6000382/processed/slice_8.mat,file_brain_AXT1_202_6000382,AXT1,8,TRAIN,Success
file_brain_AXT1_202_6000382/processed/slice_9.mat,file_brain_AXT1_202_6000382,AXT1,9,TRAIN,Success
file_brain_AXT1_202_6000382/processed/slice_10.mat,file_brain_AXT1_202_6000382,AXT1,10,TRAIN,Success
file_brain_AXT1_202_6000382/processed/slice_11.mat,file_brain_AXT1_202_6000382,AXT1,11,TRAIN,Success
file_brain_AXT1_202_6000382/processed/slice_12.mat,file_brain_AXT1_202_6000382,AXT1,12,TRAIN,Success
file_brain_AXT1_202_6000382/processed/slice_13.mat,file_brain_AXT1_202_6000382,AXT1,13,TRAIN,Success
file_brain_AXT1_202_6000382/processed/slice_14.mat,file_brain_AXT1_202_6000382,AXT1,14,TRAIN,Success
file_brain_AXT1_202_6000382/processed/slice_15.mat,file_brain_AXT1_202_6000382,AXT1,15,TRAIN,Success
file_brain_AXT1_202_6000382/processed/slice_16.mat,file_brain_AXT1_202_6000382,AXT1,16,TRAIN,Success
file_brain_AXT1_202_6000534/processed/slice_1.mat,file_brain_AXT1_202_6000534,AXT1,1,TRAIN,Success
file_brain_AXT1_202_6000534/processed/slice_2.mat,file_brain_AXT1_202_6000534,AXT1,2,TRAIN,Success
file_brain_AXT1_202_6000534/processed/slice_3.mat,file_brain_AXT1_202_6000534,AXT1,3,TRAIN,Success
file_brain_AXT1_202_6000534/processed/slice_4.mat,file_brain_AXT1_202_6000534,AXT1,4,TRAIN,Success
file_brain_AXT1_202_6000534/processed/slice_5.mat,file_brain_AXT1_202_6000534,AXT1,5,TRAIN,Success
file_brain_AXT1_202_6000534/processed/slice_6.mat,file_brain_AXT1_202_6000534,AXT1,6,TRAIN,Success
file_brain_AXT1_202_6000534/processed/slice_7.mat,file_brain_AXT1_202_6000534,AXT1,7,TRAIN,Success
file_brain_AXT1_202_6000534/processed/slice_8.mat,file_brain_AXT1_202_6000534,AXT1,8,TRAIN,Success
file_brain_AXT1_202_6000534/processed/slice_9.mat,file_brain_AXT1_202_6000534,AXT1,9,TRAIN,Success
file_brain_AXT1_202_6000534/processed/slice_10.mat,file_brain_AXT1_202_6000534,AXT1,10,TRAIN,Success
file_brain_AXT1_202_6000534/processed/slice_11.mat,file_brain_AXT1_202_6000534,AXT1,11,TRAIN,Success
file_brain_AXT1_202_6000534/processed/slice_12.mat,file_brain_AXT1_202_6000534,AXT1,12,TRAIN,Success
file_brain_AXT1_202_6000534/processed/slice_13.mat,file_brain_AXT1_202_6000534,AXT1,13,TRAIN,Success
file_brain_AXT1_202_6000534/processed/slice_14.mat,file_brain_AXT1_202_6000534,AXT1,14,TRAIN,Success
file_brain_AXT1_202_6000534/processed/slice_15.mat,file_brain_AXT1_202_6000534,AXT1,15,TRAIN,Success
file_brain_AXT1_202_6000534/processed/slice_16.mat,file_brain_AXT1_202_6000534,AXT1,16,TRAIN,Success
file_brain_AXT1_206_6000204/processed/slice_1.mat,file_brain_AXT1_206_6000204,AXT1,1,TRAIN,Success
file_brain_AXT1_206_6000204/processed/slice_2.mat,file_brain_AXT1_206_6000204,AXT1,2,TRAIN,Success
file_brain_AXT1_206_6000204/processed/slice_3.mat,file_brain_AXT1_206_6000204,AXT1,3,TRAIN,Success
file_brain_AXT1_206_6000204/processed/slice_4.mat,file_brain_AXT1_206_6000204,AXT1,4,TRAIN,Success
file_brain_AXT1_206_6000204/processed/slice_5.mat,file_brain_AXT1_206_6000204,AXT1,5,TRAIN,Success
file_brain_AXT1_206_6000204/processed/slice_6.mat,file_brain_AXT1_206_6000204,AXT1,6,TRAIN,Success
file_brain_AXT1_206_6000204/processed/slice_7.mat,file_brain_AXT1_206_6000204,AXT1,7,TRAIN,Success
file_brain_AXT1_206_6000204/processed/slice_8.mat,file_brain_AXT1_206_6000204,AXT1,8,TRAIN,Success
file_brain_AXT1_206_6000204/processed/slice_9.mat,file_brain_AXT1_206_6000204,AXT1,9,TRAIN,Success
file_brain_AXT1_206_6000204/processed/slice_10.mat,file_brain_AXT1_206_6000204,AXT1,10,TRAIN,Success
file_brain_AXT1_206_6000204/processed/slice_11.mat,file_brain_AXT1_206_6000204,AXT1,11,TRAIN,Success
file_brain_AXT1_206_6000204/processed/slice_12.mat,file_brain_AXT1_206_6000204,AXT1,12,TRAIN,Success
file_brain_AXT1_206_6000204/processed/slice_13.mat,file_brain_AXT1_206_6000204,AXT1,13,TRAIN,Success
file_brain_AXT1_206_6000204/processed/slice_14.mat,file_brain_AXT1_206_6000204,AXT1,14,TRAIN,Success
file_brain_AXT1_206_6000204/processed/slice_15.mat,file_brain_AXT1_206_6000204,AXT1,15,TRAIN,Success
file_brain_AXT1_206_6000204/processed/slice_16.mat,file_brain_AXT1_206_6000204,AXT1,16,TRAIN,Success
file_brain_AXT2_200_2000020/processed/slice_1.mat,file_brain_AXT2_200_2000020,AXT2,1,TRAIN,Success
file_brain_AXT2_200_2000020/processed/slice_2.mat,file_brain_AXT2_200_2000020,AXT2,2,TRAIN,Success
file_brain_AXT2_200_2000020/processed/slice_3.mat,file_brain_AXT2_200_2000020,AXT2,3,TRAIN,Success
file_brain_AXT2_200_2000020/processed/slice_4.mat,file_brain_AXT2_200_2000020,AXT2,4,TRAIN,Success
file_brain_AXT2_200_2000020/processed/slice_5.mat,file_brain_AXT2_200_2000020,AXT2,5,TRAIN,Success
file_brain_AXT2_200_2000020/processed/slice_6.mat,file_brain_AXT2_200_2000020,AXT2,6,TRAIN,Success
file_brain_AXT2_200_2000020/processed/slice_7.mat,file_brain_AXT2_200_2000020,AXT2,7,TRAIN,Success
file_brain_AXT2_200_2000020/processed/slice_8.mat,file_brain_AXT2_200_2000020,AXT2,8,TRAIN,Success
file_brain_AXT2_200_2000020/processed/slice_9.mat,file_brain_AXT2_200_2000020,AXT2,9,TRAIN,Success
file_brain_AXT2_200_2000020/processed/slice_10.mat,file_brain_AXT2_200_2000020,AXT2,10,TRAIN,Success
file_brain_AXT2_200_2000020/processed/slice_11.mat,file_brain_AXT2_200_2000020,AXT2,11,TRAIN,Success
file_brain_AXT2_200_2000020/processed/slice_12.mat,file_brain_AXT2_200_2000020,AXT2,12,TRAIN,Success
file_brain_AXT2_200_2000020/processed/slice_13.mat,file_brain_AXT2_200_2000020,AXT2,13,TRAIN,Success
file_brain_AXT2_200_2000020/processed/slice_14.mat,file_brain_AXT2_200_2000020,AXT2,14,TRAIN,Success
file_brain_AXT2_200_2000020/processed/slice_15.mat,file_brain_AXT2_200_2000020,AXT2,15,TRAIN,Success
file_brain_AXT2_200_2000020/processed/slice_16.mat,file_brain_AXT2_200_2000020,AXT2,16,TRAIN,Success
file_brain_AXT2_200_2000057/processed/slice_1.mat,file_brain_AXT2_200_2000057,AXT2,1,TRAIN,Success
file_brain_AXT2_200_2000057/processed/slice_2.mat,file_brain_AXT2_200_2000057,AXT2,2,TRAIN,Success
file_brain_AXT2_200_2000057/processed/slice_3.mat,file_brain_AXT2_200_2000057,AXT2,3,TRAIN,Success
file_brain_AXT2_200_2000057/processed/slice_4.mat,file_brain_AXT2_200_2000057,AXT2,4,TRAIN,Success
file_brain_AXT2_200_2000057/processed/slice_5.mat,file_brain_AXT2_200_2000057,AXT2,5,TRAIN,Success
file_brain_AXT2_200_2000057/processed/slice_6.mat,file_brain_AXT2_200_2000057,AXT2,6,TRAIN,Success
file_brain_AXT2_200_2000057/processed/slice_7.mat,file_brain_AXT2_200_2000057,AXT2,7,TRAIN,Success
file_brain_AXT2_200_2000057/processed/slice_8.mat,file_brain_AXT2_200_2000057,AXT2,8,TRAIN,Success
file_brain_AXT2_200_2000057/processed/slice_9.mat,file_brain_AXT2_200_2000057,AXT2,9,TRAIN,Success
file_brain_AXT2_200_2000057/processed/slice_10.mat,file_brain_AXT2_200_2000057,AXT2,10,TRAIN,Success
file_brain_AXT2_200_2000057/processed/slice_11.mat,file_brain_AXT2_200_2000057,AXT2,11,TRAIN,Success
file_brain_AXT2_200_2000057/processed/slice_12.mat,file_brain_AXT2_200_2000057,AXT2,12,TRAIN,Success
file_brain_AXT2_200_2000057/processed/slice_13.mat,file_brain_AXT2_200_2000057,AXT2,13,TRAIN,Success
file_brain_AXT2_200_2000057/processed/slice_14.mat,file_brain_AXT2_200_2000057,AXT2,14,TRAIN,Success
file_brain_AXT2_200_2000057/processed/slice_15.mat,file_brain_AXT2_200_2000057,AXT2,15,TRAIN,Success
file_brain_AXT2_200_2000057/processed/slice_16.mat,file_brain_AXT2_200_2000057,AXT2,16,TRAIN,Success
file_brain_AXT2_200_2000080/processed/slice_1.mat,file_brain_AXT2_200_2000080,AXT2,1,TRAIN,Success
file_brain_AXT2_200_2000080/processed/slice_2.mat,file_brain_AXT2_200_2000080,AXT2,2,TRAIN,Success
file_brain_AXT2_200_2000080/processed/slice_3.mat,file_brain_AXT2_200_2000080,AXT2,3,TRAIN,Success
file_brain_AXT2_200_2000080/processed/slice_4.mat,file_brain_AXT2_200_2000080,AXT2,4,TRAIN,Success
file_brain_AXT2_200_2000080/processed/slice_5.mat,file_brain_AXT2_200_2000080,AXT2,5,TRAIN,Success
file_brain_AXT2_200_2000080/processed/slice_6.mat,file_brain_AXT2_200_2000080,AXT2,6,TRAIN,Success
file_brain_AXT2_200_2000080/processed/slice_7.mat,file_brain_AXT2_200_2000080,AXT2,7,TRAIN,Success
file_brain_AXT2_200_2000080/processed/slice_8.mat,file_brain_AXT2_200_2000080,AXT2,8,TRAIN,Success
file_brain_AXT2_200_2000080/processed/slice_9.mat,file_brain_AXT2_200_2000080,AXT2,9,TRAIN,Success
file_brain_AXT2_200_2000080/processed/slice_10.mat,file_brain_AXT2_200_2000080,AXT2,10,TRAIN,Success
file_brain_AXT2_200_2000080/processed/slice_11.mat,file_brain_AXT2_200_2000080,AXT2,11,TRAIN,Success
file_brain_AXT2_200_2000080/processed/slice_12.mat,file_brain_AXT2_200_2000080,AXT2,12,TRAIN,Success
file_brain_AXT2_200_2000080/processed/slice_13.mat,file_brain_AXT2_200_2000080,AXT2,13,TRAIN,Success
file_brain_AXT2_200_2000080/processed/slice_14.mat,file_brain_AXT2_200_2000080,AXT2,14,TRAIN,Success
file_brain_AXT2_200_2000080/processed/slice_15.mat,file_brain_AXT2_200_2000080,AXT2,15,TRAIN,Success
file_brain_AXT2_200_2000080/processed/slice_16.mat,file_brain_AXT2_200_2000080,AXT2,16,TRAIN,Success
file_brain_AXT2_200_2000092/processed/slice_1.mat,file_brain_AXT2_200_2000092,AXT2,1,TRAIN,Success
file_brain_AXT2_200_2000092/processed/slice_2.mat,file_brain_AXT2_200_2000092,AXT2,2,TRAIN,Success
file_brain_AXT2_200_2000092/processed/slice_3.mat,file_brain_AXT2_200_2000092,AXT2,3,TRAIN,Success
file_brain_AXT2_200_2000092/processed/slice_4.mat,file_brain_AXT2_200_2000092,AXT2,4,TRAIN,Success
file_brain_AXT2_200_2000092/processed/slice_5.mat,file_brain_AXT2_200_2000092,AXT2,5,TRAIN,Success
file_brain_AXT2_200_2000092/processed/slice_6.mat,file_brain_AXT2_200_2000092,AXT2,6,TRAIN,Success
file_brain_AXT2_200_2000092/processed/slice_7.mat,file_brain_AXT2_200_2000092,AXT2,7,TRAIN,Success
file_brain_AXT2_200_2000092/processed/slice_8.mat,file_brain_AXT2_200_2000092,AXT2,8,TRAIN,Success
file_brain_AXT2_200_2000092/processed/slice_9.mat,file_brain_AXT2_200_2000092,AXT2,9,TRAIN,Success
file_brain_AXT2_200_2000092/processed/slice_10.mat,file_brain_AXT2_200_2000092,AXT2,10,TRAIN,Success
file_brain_AXT2_200_2000092/processed/slice_11.mat,file_brain_AXT2_200_2000092,AXT2,11,TRAIN,Success
file_brain_AXT2_200_2000092/processed/slice_12.mat,file_brain_AXT2_200_2000092,AXT2,12,TRAIN,Success
file_brain_AXT2_200_2000092/processed/slice_13.mat,file_brain_AXT2_200_2000092,AXT2,13,TRAIN,Success
file_brain_AXT2_200_2000092/processed/slice_14.mat,file_brain_AXT2_200_2000092,AXT2,14,TRAIN,Success
file_brain_AXT2_200_2000092/processed/slice_15.mat,file_brain_AXT2_200_2000092,AXT2,15,TRAIN,Success
file_brain_AXT2_200_2000092/processed/slice_16.mat,file_brain_AXT2_200_2000092,AXT2,16,TRAIN,Success
file_brain_AXT2_200_2000175/processed/slice_1.mat,file_brain_AXT2_200_2000175,AXT2,1,TEST,Success
file_brain_AXT2_200_2000175/processed/slice_2.mat,file_brain_AXT2_200_2000175,AXT2,2,TEST,Success
file_brain_AXT2_200_2000175/processed/slice_3.mat,file_brain_AXT2_200_2000175,AXT2,3,TEST,Success
file_brain_AXT2_200_2000175/processed/slice_4.mat,file_brain_AXT2_200_2000175,AXT2,4,TEST,Success
file_brain_AXT2_200_2000175/processed/slice_5.mat,file_brain_AXT2_200_2000175,AXT2,5,TEST,Success
file_brain_AXT2_200_2000175/processed/slice_6.mat,file_brain_AXT2_200_2000175,AXT2,6,TEST,Success
file_brain_AXT2_200_2000175/processed/slice_7.mat,file_brain_AXT2_200_2000175,AXT2,7,TEST,Success
file_brain_AXT2_200_2000175/processed/slice_8.mat,file_brain_AXT2_200_2000175,AXT2,8,TEST,Success
file_brain_AXT2_200_2000175/processed/slice_9.mat,file_brain_AXT2_200_2000175,AXT2,9,TEST,Success
file_brain_AXT2_200_2000175/processed/slice_10.mat,file_brain_AXT2_200_2000175,AXT2,10,TEST,Success
file_brain_AXT2_200_2000175/processed/slice_11.mat,file_brain_AXT2_200_2000175,AXT2,11,TEST,Success
file_brain_AXT2_200_2000175/processed/slice_12.mat,file_brain_AXT2_200_2000175,AXT2,12,TEST,Success
file_brain_AXT2_200_2000175/processed/slice_13.mat,file_brain_AXT2_200_2000175,AXT2,13,TEST,Success
file_brain_AXT2_200_2000175/processed/slice_14.mat,file_brain_AXT2_200_2000175,AXT2,14,TEST,Success
file_brain_AXT2_200_2000175/processed/slice_15.mat,file_brain_AXT2_200_2000175,AXT2,15,TEST,Success
file_brain_AXT2_200_2000175/processed/slice_16.mat,file_brain_AXT2_200_2000175,AXT2,16,TEST,Success
file_brain_AXT2_200_2000290/processed/slice_1.mat,file_brain_AXT2_200_2000290,AXT2,1,TRAIN,Success
file_brain_AXT2_200_2000290/processed/slice_2.mat,file_brain_AXT2_200_2000290,AXT2,2,TRAIN,Success
file_brain_AXT2_200_2000290/processed/slice_3.mat,file_brain_AXT2_200_2000290,AXT2,3,TRAIN,Success
file_brain_AXT2_200_2000290/processed/slice_4.mat,file_brain_AXT2_200_2000290,AXT2,4,TRAIN,Success
file_brain_AXT2_200_2000290/processed/slice_5.mat,file_brain_AXT2_200_2000290,AXT2,5,TRAIN,Success
file_brain_AXT2_200_2000290/processed/slice_6.mat,file_brain_AXT2_200_2000290,AXT2,6,TRAIN,Success
file_brain_AXT2_200_2000290/processed/slice_7.mat,file_brain_AXT2_200_2000290,AXT2,7,TRAIN,Success
file_brain_AXT2_200_2000290/processed/slice_8.mat,file_brain_AXT2_200_2000290,AXT2,8,TRAIN,Success
file_brain_AXT2_200_2000290/processed/slice_9.mat,file_brain_AXT2_200_2000290,AXT2,9,TRAIN,Success
file_brain_AXT2_200_2000290/processed/slice_10.mat,file_brain_AXT2_200_2000290,AXT2,10,TRAIN,Success
file_brain_AXT2_200_2000290/processed/slice_11.mat,file_brain_AXT2_200_2000290,AXT2,11,TRAIN,Success
file_brain_AXT2_200_2000290/processed/slice_12.mat,file_brain_AXT2_200_2000290,AXT2,12,TRAIN,Success
file_brain_AXT2_200_2000290/processed/slice_13.mat,file_brain_AXT2_200_2000290,AXT2,13,TRAIN,Success
file_brain_AXT2_200_2000290/processed/slice_14.mat,file_brain_AXT2_200_2000290,AXT2,14,TRAIN,Success
file_brain_AXT2_200_2000290/processed/slice_15.mat,file_brain_AXT2_200_2000290,AXT2,15,TRAIN,Success
file_brain_AXT2_200_2000290/processed/slice_16.mat,file_brain_AXT2_200_2000290,AXT2,16,TRAIN,Success
file_brain_AXT2_200_2000332/processed/slice_1.mat,file_brain_AXT2_200_2000332,AXT2,1,TRAIN,Success
file_brain_AXT2_200_2000332/processed/slice_2.mat,file_brain_AXT2_200_2000332,AXT2,2,TRAIN,Success
file_brain_AXT2_200_2000332/processed/slice_3.mat,file_brain_AXT2_200_2000332,AXT2,3,TRAIN,Success
file_brain_AXT2_200_2000332/processed/slice_4.mat,file_brain_AXT2_200_2000332,AXT2,4,TRAIN,Success
file_brain_AXT2_200_2000332/processed/slice_5.mat,file_brain_AXT2_200_2000332,AXT2,5,TRAIN,Success
file_brain_AXT2_200_2000332/processed/slice_6.mat,file_brain_AXT2_200_2000332,AXT2,6,TRAIN,Success
file_brain_AXT2_200_2000332/processed/slice_7.mat,file_brain_AXT2_200_2000332,AXT2,7,TRAIN,Success
file_brain_AXT2_200_2000332/processed/slice_8.mat,file_brain_AXT2_200_2000332,AXT2,8,TRAIN,Success
file_brain_AXT2_200_2000332/processed/slice_9.mat,file_brain_AXT2_200_2000332,AXT2,9,TRAIN,Success
file_brain_AXT2_200_2000332/processed/slice_10.mat,file_brain_AXT2_200_2000332,AXT2,10,TRAIN,Success
file_brain_AXT2_200_2000332/processed/slice_11.mat,file_brain_AXT2_200_2000332,AXT2,11,TRAIN,Success
file_brain_AXT2_200_2000332/processed/slice_12.mat,file_brain_AXT2_200_2000332,AXT2,12,TRAIN,Success
file_brain_AXT2_200_2000332/processed/slice_13.mat,file_brain_AXT2_200_2000332,AXT2,13,TRAIN,Success
file_brain_AXT2_200_2000332/processed/slice_14.mat,file_brain_AXT2_200_2000332,AXT2,14,TRAIN,Success
file_brain_AXT2_200_2000332/processed/slice_15.mat,file_brain_AXT2_200_2000332,AXT2,15,TRAIN,Success
file_brain_AXT2_200_2000332/processed/slice_16.mat,file_brain_AXT2_200_2000332,AXT2,16,TRAIN,Success
file_brain_AXT2_200_2000357/processed/slice_1.mat,file_brain_AXT2_200_2000357,AXT2,1,TRAIN,Success
file_brain_AXT2_200_2000357/processed/slice_2.mat,file_brain_AXT2_200_2000357,AXT2,2,TRAIN,Success
file_brain_AXT2_200_2000357/processed/slice_3.mat,file_brain_AXT2_200_2000357,AXT2,3,TRAIN,Success
file_brain_AXT2_200_2000357/processed/slice_4.mat,file_brain_AXT2_200_2000357,AXT2,4,TRAIN,Success
file_brain_AXT2_200_2000357/processed/slice_5.mat,file_brain_AXT2_200_2000357,AXT2,5,TRAIN,Success
file_brain_AXT2_200_2000357/processed/slice_6.mat,file_brain_AXT2_200_2000357,AXT2,6,TRAIN,Success
file_brain_AXT2_200_2000357/processed/slice_7.mat,file_brain_AXT2_200_2000357,AXT2,7,TRAIN,Success
file_brain_AXT2_200_2000357/processed/slice_8.mat,file_brain_AXT2_200_2000357,AXT2,8,TRAIN,Success
file_brain_AXT2_200_2000357/processed/slice_9.mat,file_brain_AXT2_200_2000357,AXT2,9,TRAIN,Success
file_brain_AXT2_200_2000357/processed/slice_10.mat,file_brain_AXT2_200_2000357,AXT2,10,TRAIN,Success
file_brain_AXT2_200_2000357/processed/slice_11.mat,file_brain_AXT2_200_2000357,AXT2,11,TRAIN,Success
file_brain_AXT2_200_2000357/processed/slice_12.mat,file_brain_AXT2_200_2000357,AXT2,12,TRAIN,Success
file_brain_AXT2_200_2000357/processed/slice_13.mat,file_brain_AXT2_200_2000357,AXT2,13,TRAIN,Success
file_brain_AXT2_200_2000357/processed/slice_14.mat,file_brain_AXT2_200_2000357,AXT2,14,TRAIN,Success
file_brain_AXT2_200_2000357/processed/slice_15.mat,file_brain_AXT2_200_2000357,AXT2,15,TRAIN,Success
file_brain_AXT2_200_2000357/processed/slice_16.mat,file_brain_AXT2_200_2000357,AXT2,16,TRAIN,Success
file_brain_AXT2_200_2000360/processed/slice_1.mat,file_brain_AXT2_200_2000360,AXT2,1,TEST,Success
file_brain_AXT2_200_2000360/processed/slice_2.mat,file_brain_AXT2_200_2000360,AXT2,2,TEST,Success
file_brain_AXT2_200_2000360/processed/slice_3.mat,file_brain_AXT2_200_2000360,AXT2,3,TEST,Success
file_brain_AXT2_200_2000360/processed/slice_4.mat,file_brain_AXT2_200_2000360,AXT2,4,TEST,Success
file_brain_AXT2_200_2000360/processed/slice_5.mat,file_brain_AXT2_200_2000360,AXT2,5,TEST,Success
file_brain_AXT2_200_2000360/processed/slice_6.mat,file_brain_AXT2_200_2000360,AXT2,6,TEST,Success
file_brain_AXT2_200_2000360/processed/slice_7.mat,file_brain_AXT2_200_2000360,AXT2,7,TEST,Success
file_brain_AXT2_200_2000360/processed/slice_8.mat,file_brain_AXT2_200_2000360,AXT2,8,TEST,Success
file_brain_AXT2_200_2000360/processed/slice_9.mat,file_brain_AXT2_200_2000360,AXT2,9,TEST,Success
file_brain_AXT2_200_2000360/processed/slice_10.mat,file_brain_AXT2_200_2000360,AXT2,10,TEST,Success
file_brain_AXT2_200_2000360/processed/slice_11.mat,file_brain_AXT2_200_2000360,AXT2,11,TEST,Success
file_brain_AXT2_200_2000360/processed/slice_12.mat,file_brain_AXT2_200_2000360,AXT2,12,TEST,Success
file_brain_AXT2_200_2000360/processed/slice_13.mat,file_brain_AXT2_200_2000360,AXT2,13,TEST,Success
file_brain_AXT2_200_2000360/processed/slice_14.mat,file_brain_AXT2_200_2000360,AXT2,14,TEST,Success
file_brain_AXT2_200_2000360/processed/slice_15.mat,file_brain_AXT2_200_2000360,AXT2,15,TEST,Success
file_brain_AXT2_200_2000360/processed/slice_16.mat,file_brain_AXT2_200_2000360,AXT2,16,TEST,Success
file_brain_AXT2_200_2000362/processed/slice_1.mat,file_brain_AXT2_200_2000362,AXT2,1,VAL,Success
file_brain_AXT2_200_2000362/processed/slice_2.mat,file_brain_AXT2_200_2000362,AXT2,2,VAL,Success
file_brain_AXT2_200_2000362/processed/slice_3.mat,file_brain_AXT2_200_2000362,AXT2,3,VAL,Success
file_brain_AXT2_200_2000362/processed/slice_4.mat,file_brain_AXT2_200_2000362,AXT2,4,VAL,Success
file_brain_AXT2_200_2000362/processed/slice_5.mat,file_brain_AXT2_200_2000362,AXT2,5,VAL,Success
file_brain_AXT2_200_2000362/processed/slice_6.mat,file_brain_AXT2_200_2000362,AXT2,6,VAL,Success
file_brain_AXT2_200_2000362/processed/slice_7.mat,file_brain_AXT2_200_2000362,AXT2,7,VAL,Success
file_brain_AXT2_200_2000362/processed/slice_8.mat,file_brain_AXT2_200_2000362,AXT2,8,VAL,Success
file_brain_AXT2_200_2000362/processed/slice_9.mat,file_brain_AXT2_200_2000362,AXT2,9,VAL,Success
file_brain_AXT2_200_2000362/processed/slice_10.mat,file_brain_AXT2_200_2000362,AXT2,10,VAL,Success
file_brain_AXT2_200_2000362/processed/slice_11.mat,file_brain_AXT2_200_2000362,AXT2,11,VAL,Success
file_brain_AXT2_200_2000362/processed/slice_12.mat,file_brain_AXT2_200_2000362,AXT2,12,VAL,Success
file_brain_AXT2_200_2000362/processed/slice_13.mat,file_brain_AXT2_200_2000362,AXT2,13,VAL,Success
file_brain_AXT2_200_2000362/processed/slice_14.mat,file_brain_AXT2_200_2000362,AXT2,14,VAL,Success
file_brain_AXT2_200_2000362/processed/slice_15.mat,file_brain_AXT2_200_2000362,AXT2,15,VAL,Success
file_brain_AXT2_200_2000362/processed/slice_16.mat,file_brain_AXT2_200_2000362,AXT2,16,VAL,Success
file_brain_AXT2_200_2000407/processed/slice_1.mat,file_brain_AXT2_200_2000407,AXT2,1,TRAIN,Success
file_brain_AXT2_200_2000407/processed/slice_2.mat,file_brain_AXT2_200_2000407,AXT2,2,TRAIN,Success
file_brain_AXT2_200_2000407/processed/slice_3.mat,file_brain_AXT2_200_2000407,AXT2,3,TRAIN,Success
file_brain_AXT2_200_2000407/processed/slice_4.mat,file_brain_AXT2_200_2000407,AXT2,4,TRAIN,Success
file_brain_AXT2_200_2000407/processed/slice_5.mat,file_brain_AXT2_200_2000407,AXT2,5,TRAIN,Success
file_brain_AXT2_200_2000407/processed/slice_6.mat,file_brain_AXT2_200_2000407,AXT2,6,TRAIN,Success
file_brain_AXT2_200_2000407/processed/slice_7.mat,file_brain_AXT2_200_2000407,AXT2,7,TRAIN,Success
file_brain_AXT2_200_2000407/processed/slice_8.mat,file_brain_AXT2_200_2000407,AXT2,8,TRAIN,Success
file_brain_AXT2_200_2000407/processed/slice_9.mat,file_brain_AXT2_200_2000407,AXT2,9,TRAIN,Success
file_brain_AXT2_200_2000407/processed/slice_10.mat,file_brain_AXT2_200_2000407,AXT2,10,TRAIN,Success
file_brain_AXT2_200_2000407/processed/slice_11.mat,file_brain_AXT2_200_2000407,AXT2,11,TRAIN,Success
file_brain_AXT2_200_2000407/processed/slice_12.mat,file_brain_AXT2_200_2000407,AXT2,12,TRAIN,Success
file_brain_AXT2_200_2000407/processed/slice_13.mat,file_brain_AXT2_200_2000407,AXT2,13,TRAIN,Success
file_brain_AXT2_200_2000407/processed/slice_14.mat,file_brain_AXT2_200_2000407,AXT2,14,TRAIN,Success
file_brain_AXT2_200_2000417/processed/slice_1.mat,file_brain_AXT2_200_2000417,AXT2,1,TRAIN,Success
file_brain_AXT2_200_2000417/processed/slice_2.mat,file_brain_AXT2_200_2000417,AXT2,2,TRAIN,Success
file_brain_AXT2_200_2000417/processed/slice_3.mat,file_brain_AXT2_200_2000417,AXT2,3,TRAIN,Success
file_brain_AXT2_200_2000417/processed/slice_4.mat,file_brain_AXT2_200_2000417,AXT2,4,TRAIN,Success
file_brain_AXT2_200_2000417/processed/slice_5.mat,file_brain_AXT2_200_2000417,AXT2,5,TRAIN,Success
file_brain_AXT2_200_2000417/processed/slice_6.mat,file_brain_AXT2_200_2000417,AXT2,6,TRAIN,Success
file_brain_AXT2_200_2000417/processed/slice_7.mat,file_brain_AXT2_200_2000417,AXT2,7,TRAIN,Success
file_brain_AXT2_200_2000417/processed/slice_8.mat,file_brain_AXT2_200_2000417,AXT2,8,TRAIN,Success
file_brain_AXT2_200_2000417/processed/slice_9.mat,file_brain_AXT2_200_2000417,AXT2,9,TRAIN,Success
file_brain_AXT2_200_2000417/processed/slice_10.mat,file_brain_AXT2_200_2000417,AXT2,10,TRAIN,Success
file_brain_AXT2_200_2000417/processed/slice_11.mat,file_brain_AXT2_200_2000417,AXT2,11,TRAIN,Success
file_brain_AXT2_200_2000417/processed/slice_12.mat,file_brain_AXT2_200_2000417,AXT2,12,TRAIN,Success
file_brain_AXT2_200_2000417/processed/slice_13.mat,file_brain_AXT2_200_2000417,AXT2,13,TRAIN,Success
file_brain_AXT2_200_2000417/processed/slice_14.mat,file_brain_AXT2_200_2000417,AXT2,14,TRAIN,Success
file_brain_AXT2_200_2000417/processed/slice_15.mat,file_brain_AXT2_200_2000417,AXT2,15,TRAIN,Success
file_brain_AXT2_200_2000417/processed/slice_16.mat,file_brain_AXT2_200_2000417,AXT2,16,TRAIN,Success
file_brain_AXT2_200_2000485/processed/slice_1.mat,file_brain_AXT2_200_2000485,AXT2,1,VAL,Success
file_brain_AXT2_200_2000485/processed/slice_2.mat,file_brain_AXT2_200_2000485,AXT2,2,VAL,Success
file_brain_AXT2_200_2000485/processed/slice_3.mat,file_brain_AXT2_200_2000485,AXT2,3,VAL,Success
file_brain_AXT2_200_2000485/processed/slice_4.mat,file_brain_AXT2_200_2000485,AXT2,4,VAL,Success
file_brain_AXT2_200_2000485/processed/slice_5.mat,file_brain_AXT2_200_2000485,AXT2,5,VAL,Success
file_brain_AXT2_200_2000485/processed/slice_6.mat,file_brain_AXT2_200_2000485,AXT2,6,VAL,Success
file_brain_AXT2_200_2000485/processed/slice_7.mat,file_brain_AXT2_200_2000485,AXT2,7,VAL,Success
file_brain_AXT2_200_2000485/processed/slice_8.mat,file_brain_AXT2_200_2000485,AXT2,8,VAL,Success
file_brain_AXT2_200_2000485/processed/slice_9.mat,file_brain_AXT2_200_2000485,AXT2,9,VAL,Success
file_brain_AXT2_200_2000485/processed/slice_10.mat,file_brain_AXT2_200_2000485,AXT2,10,VAL,Success
file_brain_AXT2_200_2000485/processed/slice_11.mat,file_brain_AXT2_200_2000485,AXT2,11,VAL,Success
file_brain_AXT2_200_2000485/processed/slice_12.mat,file_brain_AXT2_200_2000485,AXT2,12,VAL,Success
file_brain_AXT2_200_2000485/processed/slice_13.mat,file_brain_AXT2_200_2000485,AXT2,13,VAL,Success
file_brain_AXT2_200_2000485/processed/slice_14.mat,file_brain_AXT2_200_2000485,AXT2,14,VAL,Success
file_brain_AXT2_200_2000485/processed/slice_15.mat,file_brain_AXT2_200_2000485,AXT2,15,VAL,Success
file_brain_AXT2_200_2000485/processed/slice_16.mat,file_brain_AXT2_200_2000485,AXT2,16,VAL,Success
file_brain_AXT2_200_2000486/processed/slice_1.mat,file_brain_AXT2_200_2000486,AXT2,1,TRAIN,Success
file_brain_AXT2_200_2000486/processed/slice_2.mat,file_brain_AXT2_200_2000486,AXT2,2,TRAIN,Success
file_brain_AXT2_200_2000486/processed/slice_3.mat,file_brain_AXT2_200_2000486,AXT2,3,TRAIN,Success
file_brain_AXT2_200_2000486/processed/slice_4.mat,file_brain_AXT2_200_2000486,AXT2,4,TRAIN,Success
file_brain_AXT2_200_2000486/processed/slice_5.mat,file_brain_AXT2_200_2000486,AXT2,5,TRAIN,Success
file_brain_AXT2_200_2000486/processed/slice_6.mat,file_brain_AXT2_200_2000486,AXT2,6,TRAIN,Success
file_brain_AXT2_200_2000486/processed/slice_7.mat,file_brain_AXT2_200_2000486,AXT2,7,TRAIN,Success
file_brain_AXT2_200_2000486/processed/slice_8.mat,file_brain_AXT2_200_2000486,AXT2,8,TRAIN,Success
file_brain_AXT2_200_2000486/processed/slice_9.mat,file_brain_AXT2_200_2000486,AXT2,9,TRAIN,Success
file_brain_AXT2_200_2000486/processed/slice_10.mat,file_brain_AXT2_200_2000486,AXT2,10,TRAIN,Success
file_brain_AXT2_200_2000486/processed/slice_11.mat,file_brain_AXT2_200_2000486,AXT2,11,TRAIN,Success
file_brain_AXT2_200_2000486/processed/slice_12.mat,file_brain_AXT2_200_2000486,AXT2,12,TRAIN,Success
file_brain_AXT2_200_2000486/processed/slice_13.mat,file_brain_AXT2_200_2000486,AXT2,13,TRAIN,Success
file_brain_AXT2_200_2000486/processed/slice_14.mat,file_brain_AXT2_200_2000486,AXT2,14,TRAIN,Success
file_brain_AXT2_200_2000486/processed/slice_15.mat,file_brain_AXT2_200_2000486,AXT2,15,TRAIN,Success
file_brain_AXT2_200_2000486/processed/slice_16.mat,file_brain_AXT2_200_2000486,AXT2,16,TRAIN,Success
file_brain_AXT2_200_2000488/processed/slice_1.mat,file_brain_AXT2_200_2000488,AXT2,1,TRAIN,Success
file_brain_AXT2_200_2000488/processed/slice_2.mat,file_brain_AXT2_200_2000488,AXT2,2,TRAIN,Success
file_brain_AXT2_200_2000488/processed/slice_3.mat,file_brain_AXT2_200_2000488,AXT2,3,TRAIN,Success
file_brain_AXT2_200_2000488/processed/slice_4.mat,file_brain_AXT2_200_2000488,AXT2,4,TRAIN,Success
file_brain_AXT2_200_2000488/processed/slice_5.mat,file_brain_AXT2_200_2000488,AXT2,5,TRAIN,Success
file_brain_AXT2_200_2000488/processed/slice_6.mat,file_brain_AXT2_200_2000488,AXT2,6,TRAIN,Success
file_brain_AXT2_200_2000488/processed/slice_7.mat,file_brain_AXT2_200_2000488,AXT2,7,TRAIN,Success
file_brain_AXT2_200_2000488/processed/slice_8.mat,file_brain_AXT2_200_2000488,AXT2,8,TRAIN,Success
file_brain_AXT2_200_2000488/processed/slice_9.mat,file_brain_AXT2_200_2000488,AXT2,9,TRAIN,Success
file_brain_AXT2_200_2000488/processed/slice_10.mat,file_brain_AXT2_200_2000488,AXT2,10,TRAIN,Success
file_brain_AXT2_200_2000488/processed/slice_11.mat,file_brain_AXT2_200_2000488,AXT2,11,TRAIN,Success
file_brain_AXT2_200_2000488/processed/slice_12.mat,file_brain_AXT2_200_2000488,AXT2,12,TRAIN,Success
file_brain_AXT2_200_2000488/processed/slice_13.mat,file_brain_AXT2_200_2000488,AXT2,13,TRAIN,Success
file_brain_AXT2_200_2000488/processed/slice_14.mat,file_brain_AXT2_200_2000488,AXT2,14,TRAIN,Success
file_brain_AXT2_200_2000488/processed/slice_15.mat,file_brain_AXT2_200_2000488,AXT2,15,TRAIN,Success
file_brain_AXT2_200_2000488/processed/slice_16.mat,file_brain_AXT2_200_2000488,AXT2,16,TRAIN,Success
file_brain_AXT2_200_2000566/processed/slice_1.mat,file_brain_AXT2_200_2000566,AXT2,1,TRAIN,Success
file_brain_AXT2_200_2000566/processed/slice_2.mat,file_brain_AXT2_200_2000566,AXT2,2,TRAIN,Success
file_brain_AXT2_200_2000566/processed/slice_3.mat,file_brain_AXT2_200_2000566,AXT2,3,TRAIN,Success
file_brain_AXT2_200_2000566/processed/slice_4.mat,file_brain_AXT2_200_2000566,AXT2,4,TRAIN,Success
file_brain_AXT2_200_2000566/processed/slice_5.mat,file_brain_AXT2_200_2000566,AXT2,5,TRAIN,Success
file_brain_AXT2_200_2000566/processed/slice_6.mat,file_brain_AXT2_200_2000566,AXT2,6,TRAIN,Success
file_brain_AXT2_200_2000566/processed/slice_7.mat,file_brain_AXT2_200_2000566,AXT2,7,TRAIN,Success
file_brain_AXT2_200_2000566/processed/slice_8.mat,file_brain_AXT2_200_2000566,AXT2,8,TRAIN,Success
file_brain_AXT2_200_2000566/processed/slice_9.mat,file_brain_AXT2_200_2000566,AXT2,9,TRAIN,Success
file_brain_AXT2_200_2000566/processed/slice_10.mat,file_brain_AXT2_200_2000566,AXT2,10,TRAIN,Success
file_brain_AXT2_200_2000566/processed/slice_11.mat,file_brain_AXT2_200_2000566,AXT2,11,TRAIN,Success
file_brain_AXT2_200_2000566/processed/slice_12.mat,file_brain_AXT2_200_2000566,AXT2,12,TRAIN,Success
file_brain_AXT2_200_2000566/processed/slice_13.mat,file_brain_AXT2_200_2000566,AXT2,13,TRAIN,Success
file_brain_AXT2_200_2000566/processed/slice_14.mat,file_brain_AXT2_200_2000566,AXT2,14,TRAIN,Success
file_brain_AXT2_200_2000566/processed/slice_15.mat,file_brain_AXT2_200_2000566,AXT2,15,TRAIN,Success
file_brain_AXT2_200_2000566/processed/slice_16.mat,file_brain_AXT2_200_2000566,AXT2,16,TRAIN,Success
file_brain_AXT2_200_2000592/processed/slice_1.mat,file_brain_AXT2_200_2000592,AXT2,1,TRAIN,Success
file_brain_AXT2_200_2000592/processed/slice_2.mat,file_brain_AXT2_200_2000592,AXT2,2,TRAIN,Success
file_brain_AXT2_200_2000592/processed/slice_3.mat,file_brain_AXT2_200_2000592,AXT2,3,TRAIN,Success
file_brain_AXT2_200_2000592/processed/slice_4.mat,file_brain_AXT2_200_2000592,AXT2,4,TRAIN,Success
file_brain_AXT2_200_2000592/processed/slice_5.mat,file_brain_AXT2_200_2000592,AXT2,5,TRAIN,Success
file_brain_AXT2_200_2000592/processed/slice_6.mat,file_brain_AXT2_200_2000592,AXT2,6,TRAIN,Success
file_brain_AXT2_200_2000592/processed/slice_7.mat,file_brain_AXT2_200_2000592,AXT2,7,TRAIN,Success
file_brain_AXT2_200_2000592/processed/slice_8.mat,file_brain_AXT2_200_2000592,AXT2,8,TRAIN,Success
file_brain_AXT2_200_2000592/processed/slice_9.mat,file_brain_AXT2_200_2000592,AXT2,9,TRAIN,Success
file_brain_AXT2_200_2000592/processed/slice_10.mat,file_brain_AXT2_200_2000592,AXT2,10,TRAIN,Success
file_brain_AXT2_200_2000592/processed/slice_11.mat,file_brain_AXT2_200_2000592,AXT2,11,TRAIN,Success
file_brain_AXT2_200_2000592/processed/slice_12.mat,file_brain_AXT2_200_2000592,AXT2,12,TRAIN,Success
file_brain_AXT2_200_2000592/processed/slice_13.mat,file_brain_AXT2_200_2000592,AXT2,13,TRAIN,Success
file_brain_AXT2_200_2000592/processed/slice_14.mat,file_brain_AXT2_200_2000592,AXT2,14,TRAIN,Success
file_brain_AXT2_200_2000592/processed/slice_15.mat,file_brain_AXT2_200_2000592,AXT2,15,TRAIN,Success
file_brain_AXT2_200_2000592/processed/slice_16.mat,file_brain_AXT2_200_2000592,AXT2,16,TRAIN,Success
file_brain_AXT2_200_2000600/processed/slice_1.mat,file_brain_AXT2_200_2000600,AXT2,1,VAL,Success
file_brain_AXT2_200_2000600/processed/slice_2.mat,file_brain_AXT2_200_2000600,AXT2,2,VAL,Success
file_brain_AXT2_200_2000600/processed/slice_3.mat,file_brain_AXT2_200_2000600,AXT2,3,VAL,Success
file_brain_AXT2_200_2000600/processed/slice_4.mat,file_brain_AXT2_200_2000600,AXT2,4,VAL,Success
file_brain_AXT2_200_2000600/processed/slice_5.mat,file_brain_AXT2_200_2000600,AXT2,5,VAL,Success
file_brain_AXT2_200_2000600/processed/slice_6.mat,file_brain_AXT2_200_2000600,AXT2,6,VAL,Success
file_brain_AXT2_200_2000600/processed/slice_7.mat,file_brain_AXT2_200_2000600,AXT2,7,VAL,Success
file_brain_AXT2_200_2000600/processed/slice_8.mat,file_brain_AXT2_200_2000600,AXT2,8,VAL,Success
file_brain_AXT2_200_2000600/processed/slice_9.mat,file_brain_AXT2_200_2000600,AXT2,9,VAL,Success
file_brain_AXT2_200_2000600/processed/slice_10.mat,file_brain_AXT2_200_2000600,AXT2,10,VAL,Success
file_brain_AXT2_200_2000600/processed/slice_11.mat,file_brain_AXT2_200_2000600,AXT2,11,VAL,Success
file_brain_AXT2_200_2000600/processed/slice_12.mat,file_brain_AXT2_200_2000600,AXT2,12,VAL,Success
file_brain_AXT2_200_2000600/processed/slice_13.mat,file_brain_AXT2_200_2000600,AXT2,13,VAL,Success
file_brain_AXT2_200_2000600/processed/slice_14.mat,file_brain_AXT2_200_2000600,AXT2,14,VAL,Success
file_brain_AXT2_200_2000600/processed/slice_15.mat,file_brain_AXT2_200_2000600,AXT2,15,VAL,Success
file_brain_AXT2_200_2000600/processed/slice_16.mat,file_brain_AXT2_200_2000600,AXT2,16,VAL,Success
file_brain_AXT2_200_2000621/processed/slice_1.mat,file_brain_AXT2_200_2000621,AXT2,1,VAL,Success
file_brain_AXT2_200_2000621/processed/slice_2.mat,file_brain_AXT2_200_2000621,AXT2,2,VAL,Success
file_brain_AXT2_200_2000621/processed/slice_3.mat,file_brain_AXT2_200_2000621,AXT2,3,VAL,Success
file_brain_AXT2_200_2000621/processed/slice_4.mat,file_brain_AXT2_200_2000621,AXT2,4,VAL,Success
file_brain_AXT2_200_2000621/processed/slice_5.mat,file_brain_AXT2_200_2000621,AXT2,5,VAL,Success
file_brain_AXT2_200_2000621/processed/slice_6.mat,file_brain_AXT2_200_2000621,AXT2,6,VAL,Success
file_brain_AXT2_200_2000621/processed/slice_7.mat,file_brain_AXT2_200_2000621,AXT2,7,VAL,Success
file_brain_AXT2_200_2000621/processed/slice_8.mat,file_brain_AXT2_200_2000621,AXT2,8,VAL,Success
file_brain_AXT2_200_2000621/processed/slice_9.mat,file_brain_AXT2_200_2000621,AXT2,9,VAL,Success
file_brain_AXT2_200_2000621/processed/slice_10.mat,file_brain_AXT2_200_2000621,AXT2,10,VAL,Success
file_brain_AXT2_200_2000621/processed/slice_11.mat,file_brain_AXT2_200_2000621,AXT2,11,VAL,Success
file_brain_AXT2_200_2000621/processed/slice_12.mat,file_brain_AXT2_200_2000621,AXT2,12,VAL,Success
file_brain_AXT2_200_2000621/processed/slice_13.mat,file_brain_AXT2_200_2000621,AXT2,13,VAL,Success
file_brain_AXT2_200_2000621/processed/slice_14.mat,file_brain_AXT2_200_2000621,AXT2,14,VAL,Success
file_brain_AXT2_200_2000621/processed/slice_15.mat,file_brain_AXT2_200_2000621,AXT2,15,VAL,Success
file_brain_AXT2_200_2000621/processed/slice_16.mat,file_brain_AXT2_200_2000621,AXT2,16,VAL,Success
file_brain_AXT2_200_6001972/processed/slice_1.mat,file_brain_AXT2_200_6001972,AXT2,1,TRAIN,Success
file_brain_AXT2_200_6001972/processed/slice_2.mat,file_brain_AXT2_200_6001972,AXT2,2,TRAIN,Success
file_brain_AXT2_200_6001972/processed/slice_3.mat,file_brain_AXT2_200_6001972,AXT2,3,TRAIN,Success
file_brain_AXT2_200_6001972/processed/slice_4.mat,file_brain_AXT2_200_6001972,AXT2,4,TRAIN,Success
file_brain_AXT2_200_6001972/processed/slice_5.mat,file_brain_AXT2_200_6001972,AXT2,5,TRAIN,Success
file_brain_AXT2_200_6001972/processed/slice_6.mat,file_brain_AXT2_200_6001972,AXT2,6,TRAIN,Success
file_brain_AXT2_200_6001972/processed/slice_7.mat,file_brain_AXT2_200_6001972,AXT2,7,TRAIN,Success
file_brain_AXT2_200_6001972/processed/slice_8.mat,file_brain_AXT2_200_6001972,AXT2,8,TRAIN,Success
file_brain_AXT2_200_6001972/processed/slice_9.mat,file_brain_AXT2_200_6001972,AXT2,9,TRAIN,Success
file_brain_AXT2_200_6001972/processed/slice_10.mat,file_brain_AXT2_200_6001972,AXT2,10,TRAIN,Success
file_brain_AXT2_200_6001972/processed/slice_11.mat,file_brain_AXT2_200_6001972,AXT2,11,TRAIN,Success
file_brain_AXT2_200_6001972/processed/slice_12.mat,file_brain_AXT2_200_6001972,AXT2,12,TRAIN,Success
file_brain_AXT2_200_6001972/processed/slice_13.mat,file_brain_AXT2_200_6001972,AXT2,13,TRAIN,Success
file_brain_AXT2_200_6001972/processed/slice_14.mat,file_brain_AXT2_200_6001972,AXT2,14,TRAIN,Success
file_brain_AXT2_200_6001972/processed/slice_15.mat,file_brain_AXT2_200_6001972,AXT2,15,TRAIN,Success
file_brain_AXT2_200_6001972/processed/slice_16.mat,file_brain_AXT2_200_6001972,AXT2,16,TRAIN,Success
file_brain_AXT2_200_6001980/processed/slice_1.mat,file_brain_AXT2_200_6001980,AXT2,1,TRAIN,Success
file_brain_AXT2_200_6001980/processed/slice_2.mat,file_brain_AXT2_200_6001980,AXT2,2,TRAIN,Success
file_brain_AXT2_200_6001980/processed/slice_3.mat,file_brain_AXT2_200_6001980,AXT2,3,TRAIN,Success
file_brain_AXT2_200_6001980/processed/slice_4.mat,file_brain_AXT2_200_6001980,AXT2,4,TRAIN,Success
file_brain_AXT2_200_6001980/processed/slice_5.mat,file_brain_AXT2_200_6001980,AXT2,5,TRAIN,Success
file_brain_AXT2_200_6001980/processed/slice_6.mat,file_brain_AXT2_200_6001980,AXT2,6,TRAIN,Success
file_brain_AXT2_200_6001980/processed/slice_7.mat,file_brain_AXT2_200_6001980,AXT2,7,TRAIN,Success
file_brain_AXT2_200_6001980/processed/slice_8.mat,file_brain_AXT2_200_6001980,AXT2,8,TRAIN,Success
file_brain_AXT2_200_6001980/processed/slice_9.mat,file_brain_AXT2_200_6001980,AXT2,9,TRAIN,Success
file_brain_AXT2_200_6001980/processed/slice_10.mat,file_brain_AXT2_200_6001980,AXT2,10,TRAIN,Success
file_brain_AXT2_200_6001980/processed/slice_11.mat,file_brain_AXT2_200_6001980,AXT2,11,TRAIN,Success
file_brain_AXT2_200_6001980/processed/slice_12.mat,file_brain_AXT2_200_6001980,AXT2,12,TRAIN,Success
file_brain_AXT2_200_6001980/processed/slice_13.mat,file_brain_AXT2_200_6001980,AXT2,13,TRAIN,Success
file_brain_AXT2_200_6001980/processed/slice_14.mat,file_brain_AXT2_200_6001980,AXT2,14,TRAIN,Success
file_brain_AXT2_200_6001980/processed/slice_15.mat,file_brain_AXT2_200_6001980,AXT2,15,TRAIN,Success
file_brain_AXT2_200_6001980/processed/slice_16.mat,file_brain_AXT2_200_6001980,AXT2,16,TRAIN,Success
file_brain_AXT2_200_6002012/processed/slice_1.mat,file_brain_AXT2_200_6002012,AXT2,1,TRAIN,Success
file_brain_AXT2_200_6002012/processed/slice_2.mat,file_brain_AXT2_200_6002012,AXT2,2,TRAIN,Success
file_brain_AXT2_200_6002012/processed/slice_3.mat,file_brain_AXT2_200_6002012,AXT2,3,TRAIN,Success
file_brain_AXT2_200_6002012/processed/slice_4.mat,file_brain_AXT2_200_6002012,AXT2,4,TRAIN,Success
file_brain_AXT2_200_6002012/processed/slice_5.mat,file_brain_AXT2_200_6002012,AXT2,5,TRAIN,Success
file_brain_AXT2_200_6002012/processed/slice_6.mat,file_brain_AXT2_200_6002012,AXT2,6,TRAIN,Success
file_brain_AXT2_200_6002012/processed/slice_7.mat,file_brain_AXT2_200_6002012,AXT2,7,TRAIN,Success
file_brain_AXT2_200_6002012/processed/slice_8.mat,file_brain_AXT2_200_6002012,AXT2,8,TRAIN,Success
file_brain_AXT2_200_6002012/processed/slice_9.mat,file_brain_AXT2_200_6002012,AXT2,9,TRAIN,Success
file_brain_AXT2_200_6002012/processed/slice_10.mat,file_brain_AXT2_200_6002012,AXT2,10,TRAIN,Success
file_brain_AXT2_200_6002012/processed/slice_11.mat,file_brain_AXT2_200_6002012,AXT2,11,TRAIN,Success
file_brain_AXT2_200_6002012/processed/slice_12.mat,file_brain_AXT2_200_6002012,AXT2,12,TRAIN,Success
file_brain_AXT2_200_6002012/processed/slice_13.mat,file_brain_AXT2_200_6002012,AXT2,13,TRAIN,Success
file_brain_AXT2_200_6002012/processed/slice_14.mat,file_brain_AXT2_200_6002012,AXT2,14,TRAIN,Success
file_brain_AXT2_200_6002012/processed/slice_15.mat,file_brain_AXT2_200_6002012,AXT2,15,TRAIN,Success
file_brain_AXT2_200_6002012/processed/slice_16.mat,file_brain_AXT2_200_6002012,AXT2,16,TRAIN,Success
file_brain_AXT2_200_6002037/processed/slice_1.mat,file_brain_AXT2_200_6002037,AXT2,1,VAL,Success
file_brain_AXT2_200_6002037/processed/slice_2.mat,file_brain_AXT2_200_6002037,AXT2,2,VAL,Success
file_brain_AXT2_200_6002037/processed/slice_3.mat,file_brain_AXT2_200_6002037,AXT2,3,VAL,Success
file_brain_AXT2_200_6002037/processed/slice_4.mat,file_brain_AXT2_200_6002037,AXT2,4,VAL,Success
file_brain_AXT2_200_6002037/processed/slice_5.mat,file_brain_AXT2_200_6002037,AXT2,5,VAL,Success
file_brain_AXT2_200_6002037/processed/slice_6.mat,file_brain_AXT2_200_6002037,AXT2,6,VAL,Success
file_brain_AXT2_200_6002037/processed/slice_7.mat,file_brain_AXT2_200_6002037,AXT2,7,VAL,Success
file_brain_AXT2_200_6002037/processed/slice_8.mat,file_brain_AXT2_200_6002037,AXT2,8,VAL,Success
file_brain_AXT2_200_6002037/processed/slice_9.mat,file_brain_AXT2_200_6002037,AXT2,9,VAL,Success
file_brain_AXT2_200_6002037/processed/slice_10.mat,file_brain_AXT2_200_6002037,AXT2,10,VAL,Success
file_brain_AXT2_200_6002037/processed/slice_11.mat,file_brain_AXT2_200_6002037,AXT2,11,VAL,Success
file_brain_AXT2_200_6002037/processed/slice_12.mat,file_brain_AXT2_200_6002037,AXT2,12,VAL,Success
file_brain_AXT2_200_6002037/processed/slice_13.mat,file_brain_AXT2_200_6002037,AXT2,13,VAL,Success
file_brain_AXT2_200_6002037/processed/slice_14.mat,file_brain_AXT2_200_6002037,AXT2,14,VAL,Success
file_brain_AXT2_200_6002037/processed/slice_15.mat,file_brain_AXT2_200_6002037,AXT2,15,VAL,Success
file_brain_AXT2_200_6002037/processed/slice_16.mat,file_brain_AXT2_200_6002037,AXT2,16,VAL,Success
file_brain_AXT2_200_6002100/processed/slice_1.mat,file_brain_AXT2_200_6002100,AXT2,1,VAL,Success
file_brain_AXT2_200_6002100/processed/slice_2.mat,file_brain_AXT2_200_6002100,AXT2,2,VAL,Success
file_brain_AXT2_200_6002100/processed/slice_3.mat,file_brain_AXT2_200_6002100,AXT2,3,VAL,Success
file_brain_AXT2_200_6002100/processed/slice_4.mat,file_brain_AXT2_200_6002100,AXT2,4,VAL,Success
file_brain_AXT2_200_6002100/processed/slice_5.mat,file_brain_AXT2_200_6002100,AXT2,5,VAL,Success
file_brain_AXT2_200_6002100/processed/slice_6.mat,file_brain_AXT2_200_6002100,AXT2,6,VAL,Success
file_brain_AXT2_200_6002100/processed/slice_7.mat,file_brain_AXT2_200_6002100,AXT2,7,VAL,Success
file_brain_AXT2_200_6002100/processed/slice_8.mat,file_brain_AXT2_200_6002100,AXT2,8,VAL,Success
file_brain_AXT2_200_6002100/processed/slice_9.mat,file_brain_AXT2_200_6002100,AXT2,9,VAL,Success
file_brain_AXT2_200_6002100/processed/slice_10.mat,file_brain_AXT2_200_6002100,AXT2,10,VAL,Success
file_brain_AXT2_200_6002100/processed/slice_11.mat,file_brain_AXT2_200_6002100,AXT2,11,VAL,Success
file_brain_AXT2_200_6002100/processed/slice_12.mat,file_brain_AXT2_200_6002100,AXT2,12,VAL,Success
file_brain_AXT2_200_6002100/processed/slice_13.mat,file_brain_AXT2_200_6002100,AXT2,13,VAL,Success
file_brain_AXT2_200_6002100/processed/slice_14.mat,file_brain_AXT2_200_6002100,AXT2,14,VAL,Success
file_brain_AXT2_200_6002100/processed/slice_15.mat,file_brain_AXT2_200_6002100,AXT2,15,VAL,Success
file_brain_AXT2_200_6002100/processed/slice_16.mat,file_brain_AXT2_200_6002100,AXT2,16,VAL,Success
file_brain_AXT2_200_6002111/processed/slice_1.mat,file_brain_AXT2_200_6002111,AXT2,1,VAL,Success
file_brain_AXT2_200_6002111/processed/slice_2.mat,file_brain_AXT2_200_6002111,AXT2,2,VAL,Success
file_brain_AXT2_200_6002111/processed/slice_3.mat,file_brain_AXT2_200_6002111,AXT2,3,VAL,Success
file_brain_AXT2_200_6002111/processed/slice_4.mat,file_brain_AXT2_200_6002111,AXT2,4,VAL,Success
file_brain_AXT2_200_6002111/processed/slice_5.mat,file_brain_AXT2_200_6002111,AXT2,5,VAL,Success
file_brain_AXT2_200_6002111/processed/slice_6.mat,file_brain_AXT2_200_6002111,AXT2,6,VAL,Success
file_brain_AXT2_200_6002111/processed/slice_7.mat,file_brain_AXT2_200_6002111,AXT2,7,VAL,Success
file_brain_AXT2_200_6002111/processed/slice_8.mat,file_brain_AXT2_200_6002111,AXT2,8,VAL,Success
file_brain_AXT2_200_6002111/processed/slice_9.mat,file_brain_AXT2_200_6002111,AXT2,9,VAL,Success
file_brain_AXT2_200_6002111/processed/slice_10.mat,file_brain_AXT2_200_6002111,AXT2,10,VAL,Success
file_brain_AXT2_200_6002111/processed/slice_11.mat,file_brain_AXT2_200_6002111,AXT2,11,VAL,Success
file_brain_AXT2_200_6002111/processed/slice_12.mat,file_brain_AXT2_200_6002111,AXT2,12,VAL,Success
file_brain_AXT2_200_6002111/processed/slice_13.mat,file_brain_AXT2_200_6002111,AXT2,13,VAL,Success
file_brain_AXT2_200_6002111/processed/slice_14.mat,file_brain_AXT2_200_6002111,AXT2,14,VAL,Success
file_brain_AXT2_200_6002111/processed/slice_15.mat,file_brain_AXT2_200_6002111,AXT2,15,VAL,Success
file_brain_AXT2_200_6002111/processed/slice_16.mat,file_brain_AXT2_200_6002111,AXT2,16,VAL,Success
file_brain_AXT2_200_6002116/processed/slice_1.mat,file_brain_AXT2_200_6002116,AXT2,1,VAL,Success
file_brain_AXT2_200_6002116/processed/slice_2.mat,file_brain_AXT2_200_6002116,AXT2,2,VAL,Success
file_brain_AXT2_200_6002116/processed/slice_3.mat,file_brain_AXT2_200_6002116,AXT2,3,VAL,Success
file_brain_AXT2_200_6002116/processed/slice_4.mat,file_brain_AXT2_200_6002116,AXT2,4,VAL,Success
file_brain_AXT2_200_6002116/processed/slice_5.mat,file_brain_AXT2_200_6002116,AXT2,5,VAL,Success
file_brain_AXT2_200_6002116/processed/slice_6.mat,file_brain_AXT2_200_6002116,AXT2,6,VAL,Success
file_brain_AXT2_200_6002116/processed/slice_7.mat,file_brain_AXT2_200_6002116,AXT2,7,VAL,Success
file_brain_AXT2_200_6002116/processed/slice_8.mat,file_brain_AXT2_200_6002116,AXT2,8,VAL,Success
file_brain_AXT2_200_6002116/processed/slice_9.mat,file_brain_AXT2_200_6002116,AXT2,9,VAL,Success
file_brain_AXT2_200_6002116/processed/slice_10.mat,file_brain_AXT2_200_6002116,AXT2,10,VAL,Success
file_brain_AXT2_200_6002116/processed/slice_11.mat,file_brain_AXT2_200_6002116,AXT2,11,VAL,Success
file_brain_AXT2_200_6002116/processed/slice_12.mat,file_brain_AXT2_200_6002116,AXT2,12,VAL,Success
file_brain_AXT2_200_6002116/processed/slice_13.mat,file_brain_AXT2_200_6002116,AXT2,13,VAL,Success
file_brain_AXT2_200_6002116/processed/slice_14.mat,file_brain_AXT2_200_6002116,AXT2,14,VAL,Success
file_brain_AXT2_200_6002116/processed/slice_15.mat,file_brain_AXT2_200_6002116,AXT2,15,VAL,Success
file_brain_AXT2_200_6002116/processed/slice_16.mat,file_brain_AXT2_200_6002116,AXT2,16,VAL,Success
file_brain_AXT2_200_6002151/processed/slice_1.mat,file_brain_AXT2_200_6002151,AXT2,1,TRAIN,Success
file_brain_AXT2_200_6002151/processed/slice_2.mat,file_brain_AXT2_200_6002151,AXT2,2,TRAIN,Success
file_brain_AXT2_200_6002151/processed/slice_3.mat,file_brain_AXT2_200_6002151,AXT2,3,TRAIN,Success
file_brain_AXT2_200_6002151/processed/slice_4.mat,file_brain_AXT2_200_6002151,AXT2,4,TRAIN,Success
file_brain_AXT2_200_6002151/processed/slice_5.mat,file_brain_AXT2_200_6002151,AXT2,5,TRAIN,Success
file_brain_AXT2_200_6002151/processed/slice_6.mat,file_brain_AXT2_200_6002151,AXT2,6,TRAIN,Success
file_brain_AXT2_200_6002151/processed/slice_7.mat,file_brain_AXT2_200_6002151,AXT2,7,TRAIN,Success
file_brain_AXT2_200_6002151/processed/slice_8.mat,file_brain_AXT2_200_6002151,AXT2,8,TRAIN,Success
file_brain_AXT2_200_6002151/processed/slice_9.mat,file_brain_AXT2_200_6002151,AXT2,9,TRAIN,Success
file_brain_AXT2_200_6002151/processed/slice_10.mat,file_brain_AXT2_200_6002151,AXT2,10,TRAIN,Success
file_brain_AXT2_200_6002151/processed/slice_11.mat,file_brain_AXT2_200_6002151,AXT2,11,TRAIN,Success
file_brain_AXT2_200_6002151/processed/slice_12.mat,file_brain_AXT2_200_6002151,AXT2,12,TRAIN,Success
file_brain_AXT2_200_6002151/processed/slice_13.mat,file_brain_AXT2_200_6002151,AXT2,13,TRAIN,Success
file_brain_AXT2_200_6002151/processed/slice_14.mat,file_brain_AXT2_200_6002151,AXT2,14,TRAIN,Success
file_brain_AXT2_200_6002158/processed/slice_1.mat,file_brain_AXT2_200_6002158,AXT2,1,TRAIN,Success
file_brain_AXT2_200_6002158/processed/slice_2.mat,file_brain_AXT2_200_6002158,AXT2,2,TRAIN,Success
file_brain_AXT2_200_6002158/processed/slice_3.mat,file_brain_AXT2_200_6002158,AXT2,3,TRAIN,Success
file_brain_AXT2_200_6002158/processed/slice_4.mat,file_brain_AXT2_200_6002158,AXT2,4,TRAIN,Success
file_brain_AXT2_200_6002158/processed/slice_5.mat,file_brain_AXT2_200_6002158,AXT2,5,TRAIN,Success
file_brain_AXT2_200_6002158/processed/slice_6.mat,file_brain_AXT2_200_6002158,AXT2,6,TRAIN,Success
file_brain_AXT2_200_6002158/processed/slice_7.mat,file_brain_AXT2_200_6002158,AXT2,7,TRAIN,Success
file_brain_AXT2_200_6002158/processed/slice_8.mat,file_brain_AXT2_200_6002158,AXT2,8,TRAIN,Success
file_brain_AXT2_200_6002158/processed/slice_9.mat,file_brain_AXT2_200_6002158,AXT2,9,TRAIN,Success
file_brain_AXT2_200_6002158/processed/slice_10.mat,file_brain_AXT2_200_6002158,AXT2,10,TRAIN,Success
file_brain_AXT2_200_6002158/processed/slice_11.mat,file_brain_AXT2_200_6002158,AXT2,11,TRAIN,Success
file_brain_AXT2_200_6002158/processed/slice_12.mat,file_brain_AXT2_200_6002158,AXT2,12,TRAIN,Success
file_brain_AXT2_200_6002158/processed/slice_13.mat,file_brain_AXT2_200_6002158,AXT2,13,TRAIN,Success
file_brain_AXT2_200_6002158/processed/slice_14.mat,file_brain_AXT2_200_6002158,AXT2,14,TRAIN,Success
file_brain_AXT2_200_6002158/processed/slice_15.mat,file_brain_AXT2_200_6002158,AXT2,15,TRAIN,Success
file_brain_AXT2_200_6002158/processed/slice_16.mat,file_brain_AXT2_200_6002158,AXT2,16,TRAIN,Success
file_brain_AXT2_200_6002197/processed/slice_1.mat,file_brain_AXT2_200_6002197,AXT2,1,TRAIN,Success
file_brain_AXT2_200_6002197/processed/slice_2.mat,file_brain_AXT2_200_6002197,AXT2,2,TRAIN,Success
file_brain_AXT2_200_6002197/processed/slice_3.mat,file_brain_AXT2_200_6002197,AXT2,3,TRAIN,Success
file_brain_AXT2_200_6002197/processed/slice_4.mat,file_brain_AXT2_200_6002197,AXT2,4,TRAIN,Success
file_brain_AXT2_200_6002197/processed/slice_5.mat,file_brain_AXT2_200_6002197,AXT2,5,TRAIN,Success
file_brain_AXT2_200_6002197/processed/slice_6.mat,file_brain_AXT2_200_6002197,AXT2,6,TRAIN,Success
file_brain_AXT2_200_6002197/processed/slice_7.mat,file_brain_AXT2_200_6002197,AXT2,7,TRAIN,Success
file_brain_AXT2_200_6002197/processed/slice_8.mat,file_brain_AXT2_200_6002197,AXT2,8,TRAIN,Success
file_brain_AXT2_200_6002197/processed/slice_9.mat,file_brain_AXT2_200_6002197,AXT2,9,TRAIN,Success
file_brain_AXT2_200_6002197/processed/slice_10.mat,file_brain_AXT2_200_6002197,AXT2,10,TRAIN,Success
file_brain_AXT2_200_6002197/processed/slice_11.mat,file_brain_AXT2_200_6002197,AXT2,11,TRAIN,Success
file_brain_AXT2_200_6002197/processed/slice_12.mat,file_brain_AXT2_200_6002197,AXT2,12,TRAIN,Success
file_brain_AXT2_200_6002197/processed/slice_13.mat,file_brain_AXT2_200_6002197,AXT2,13,TRAIN,Success
file_brain_AXT2_200_6002197/processed/slice_14.mat,file_brain_AXT2_200_6002197,AXT2,14,TRAIN,Success
file_brain_AXT2_200_6002197/processed/slice_15.mat,file_brain_AXT2_200_6002197,AXT2,15,TRAIN,Success
file_brain_AXT2_200_6002197/processed/slice_16.mat,file_brain_AXT2_200_6002197,AXT2,16,TRAIN,Success
file_brain_AXT2_200_6002228/processed/slice_1.mat,file_brain_AXT2_200_6002228,AXT2,1,VAL,Success
file_brain_AXT2_200_6002228/processed/slice_2.mat,file_brain_AXT2_200_6002228,AXT2,2,VAL,Success
file_brain_AXT2_200_6002228/processed/slice_3.mat,file_brain_AXT2_200_6002228,AXT2,3,VAL,Success
file_brain_AXT2_200_6002228/processed/slice_4.mat,file_brain_AXT2_200_6002228,AXT2,4,VAL,Success
file_brain_AXT2_200_6002228/processed/slice_5.mat,file_brain_AXT2_200_6002228,AXT2,5,VAL,Success
file_brain_AXT2_200_6002228/processed/slice_6.mat,file_brain_AXT2_200_6002228,AXT2,6,VAL,Success
file_brain_AXT2_200_6002228/processed/slice_7.mat,file_brain_AXT2_200_6002228,AXT2,7,VAL,Success
file_brain_AXT2_200_6002228/processed/slice_8.mat,file_brain_AXT2_200_6002228,AXT2,8,VAL,Success
file_brain_AXT2_200_6002228/processed/slice_9.mat,file_brain_AXT2_200_6002228,AXT2,9,VAL,Success
file_brain_AXT2_200_6002228/processed/slice_10.mat,file_brain_AXT2_200_6002228,AXT2,10,VAL,Success
file_brain_AXT2_200_6002228/processed/slice_11.mat,file_brain_AXT2_200_6002228,AXT2,11,VAL,Success
file_brain_AXT2_200_6002228/processed/slice_12.mat,file_brain_AXT2_200_6002228,AXT2,12,VAL,Success
file_brain_AXT2_200_6002228/processed/slice_13.mat,file_brain_AXT2_200_6002228,AXT2,13,VAL,Success
file_brain_AXT2_200_6002228/processed/slice_14.mat,file_brain_AXT2_200_6002228,AXT2,14,VAL,Success
file_brain_AXT2_200_6002228/processed/slice_15.mat,file_brain_AXT2_200_6002228,AXT2,15,VAL,Success
file_brain_AXT2_200_6002228/processed/slice_16.mat,file_brain_AXT2_200_6002228,AXT2,16,VAL,Success
file_brain_AXT2_200_6002242/processed/slice_1.mat,file_brain_AXT2_200_6002242,AXT2,1,TRAIN,Success
file_brain_AXT2_200_6002242/processed/slice_2.mat,file_brain_AXT2_200_6002242,AXT2,2,TRAIN,Success
file_brain_AXT2_200_6002242/processed/slice_3.mat,file_brain_AXT2_200_6002242,AXT2,3,TRAIN,Success
file_brain_AXT2_200_6002242/processed/slice_4.mat,file_brain_AXT2_200_6002242,AXT2,4,TRAIN,Success
file_brain_AXT2_200_6002242/processed/slice_5.mat,file_brain_AXT2_200_6002242,AXT2,5,TRAIN,Success
file_brain_AXT2_200_6002242/processed/slice_6.mat,file_brain_AXT2_200_6002242,AXT2,6,TRAIN,Success
file_brain_AXT2_200_6002242/processed/slice_7.mat,file_brain_AXT2_200_6002242,AXT2,7,TRAIN,Success
file_brain_AXT2_200_6002242/processed/slice_8.mat,file_brain_AXT2_200_6002242,AXT2,8,TRAIN,Success
file_brain_AXT2_200_6002242/processed/slice_9.mat,file_brain_AXT2_200_6002242,AXT2,9,TRAIN,Success
file_brain_AXT2_200_6002242/processed/slice_10.mat,file_brain_AXT2_200_6002242,AXT2,10,TRAIN,Success
file_brain_AXT2_200_6002242/processed/slice_11.mat,file_brain_AXT2_200_6002242,AXT2,11,TRAIN,Success
file_brain_AXT2_200_6002242/processed/slice_12.mat,file_brain_AXT2_200_6002242,AXT2,12,TRAIN,Success
file_brain_AXT2_200_6002242/processed/slice_13.mat,file_brain_AXT2_200_6002242,AXT2,13,TRAIN,Success
file_brain_AXT2_200_6002242/processed/slice_14.mat,file_brain_AXT2_200_6002242,AXT2,14,TRAIN,Success
file_brain_AXT2_200_6002242/processed/slice_15.mat,file_brain_AXT2_200_6002242,AXT2,15,TRAIN,Success
file_brain_AXT2_200_6002242/processed/slice_16.mat,file_brain_AXT2_200_6002242,AXT2,16,TRAIN,Success
file_brain_AXT2_200_6002257/processed/slice_1.mat,file_brain_AXT2_200_6002257,AXT2,1,TRAIN,Success
file_brain_AXT2_200_6002257/processed/slice_2.mat,file_brain_AXT2_200_6002257,AXT2,2,TRAIN,Success
file_brain_AXT2_200_6002257/processed/slice_3.mat,file_brain_AXT2_200_6002257,AXT2,3,TRAIN,Success
file_brain_AXT2_200_6002257/processed/slice_4.mat,file_brain_AXT2_200_6002257,AXT2,4,TRAIN,Success
file_brain_AXT2_200_6002257/processed/slice_5.mat,file_brain_AXT2_200_6002257,AXT2,5,TRAIN,Success
file_brain_AXT2_200_6002257/processed/slice_6.mat,file_brain_AXT2_200_6002257,AXT2,6,TRAIN,Success
file_brain_AXT2_200_6002257/processed/slice_7.mat,file_brain_AXT2_200_6002257,AXT2,7,TRAIN,Success
file_brain_AXT2_200_6002257/processed/slice_8.mat,file_brain_AXT2_200_6002257,AXT2,8,TRAIN,Success
file_brain_AXT2_200_6002257/processed/slice_9.mat,file_brain_AXT2_200_6002257,AXT2,9,TRAIN,Success
file_brain_AXT2_200_6002257/processed/slice_10.mat,file_brain_AXT2_200_6002257,AXT2,10,TRAIN,Success
file_brain_AXT2_200_6002257/processed/slice_11.mat,file_brain_AXT2_200_6002257,AXT2,11,TRAIN,Success
file_brain_AXT2_200_6002257/processed/slice_12.mat,file_brain_AXT2_200_6002257,AXT2,12,TRAIN,Success
file_brain_AXT2_200_6002257/processed/slice_13.mat,file_brain_AXT2_200_6002257,AXT2,13,TRAIN,Success
file_brain_AXT2_200_6002257/processed/slice_14.mat,file_brain_AXT2_200_6002257,AXT2,14,TRAIN,Success
file_brain_AXT2_200_6002257/processed/slice_15.mat,file_brain_AXT2_200_6002257,AXT2,15,TRAIN,Success
file_brain_AXT2_200_6002257/processed/slice_16.mat,file_brain_AXT2_200_6002257,AXT2,16,TRAIN,Success
file_brain_AXT2_200_6002261/processed/slice_1.mat,file_brain_AXT2_200_6002261,AXT2,1,TRAIN,Success
file_brain_AXT2_200_6002261/processed/slice_2.mat,file_brain_AXT2_200_6002261,AXT2,2,TRAIN,Success
file_brain_AXT2_200_6002261/processed/slice_3.mat,file_brain_AXT2_200_6002261,AXT2,3,TRAIN,Success
file_brain_AXT2_200_6002261/processed/slice_4.mat,file_brain_AXT2_200_6002261,AXT2,4,TRAIN,Success
file_brain_AXT2_200_6002261/processed/slice_5.mat,file_brain_AXT2_200_6002261,AXT2,5,TRAIN,Success
file_brain_AXT2_200_6002261/processed/slice_6.mat,file_brain_AXT2_200_6002261,AXT2,6,TRAIN,Success
file_brain_AXT2_200_6002261/processed/slice_7.mat,file_brain_AXT2_200_6002261,AXT2,7,TRAIN,Success
file_brain_AXT2_200_6002261/processed/slice_8.mat,file_brain_AXT2_200_6002261,AXT2,8,TRAIN,Success
file_brain_AXT2_200_6002261/processed/slice_9.mat,file_brain_AXT2_200_6002261,AXT2,9,TRAIN,Success
file_brain_AXT2_200_6002261/processed/slice_10.mat,file_brain_AXT2_200_6002261,AXT2,10,TRAIN,Success
file_brain_AXT2_200_6002261/processed/slice_11.mat,file_brain_AXT2_200_6002261,AXT2,11,TRAIN,Success
file_brain_AXT2_200_6002261/processed/slice_12.mat,file_brain_AXT2_200_6002261,AXT2,12,TRAIN,Success
file_brain_AXT2_200_6002261/processed/slice_13.mat,file_brain_AXT2_200_6002261,AXT2,13,TRAIN,Success
file_brain_AXT2_200_6002261/processed/slice_14.mat,file_brain_AXT2_200_6002261,AXT2,14,TRAIN,Success
file_brain_AXT2_200_6002261/processed/slice_15.mat,file_brain_AXT2_200_6002261,AXT2,15,TRAIN,Success
file_brain_AXT2_200_6002261/processed/slice_16.mat,file_brain_AXT2_200_6002261,AXT2,16,TRAIN,Success
file_brain_AXT2_200_6002262/processed/slice_1.mat,file_brain_AXT2_200_6002262,AXT2,1,TRAIN,Success
file_brain_AXT2_200_6002262/processed/slice_2.mat,file_brain_AXT2_200_6002262,AXT2,2,TRAIN,Success
file_brain_AXT2_200_6002262/processed/slice_3.mat,file_brain_AXT2_200_6002262,AXT2,3,TRAIN,Success
file_brain_AXT2_200_6002262/processed/slice_4.mat,file_brain_AXT2_200_6002262,AXT2,4,TRAIN,Success
file_brain_AXT2_200_6002262/processed/slice_5.mat,file_brain_AXT2_200_6002262,AXT2,5,TRAIN,Success
file_brain_AXT2_200_6002262/processed/slice_6.mat,file_brain_AXT2_200_6002262,AXT2,6,TRAIN,Success
file_brain_AXT2_200_6002262/processed/slice_7.mat,file_brain_AXT2_200_6002262,AXT2,7,TRAIN,Success
file_brain_AXT2_200_6002262/processed/slice_8.mat,file_brain_AXT2_200_6002262,AXT2,8,TRAIN,Success
file_brain_AXT2_200_6002262/processed/slice_9.mat,file_brain_AXT2_200_6002262,AXT2,9,TRAIN,Success
file_brain_AXT2_200_6002262/processed/slice_10.mat,file_brain_AXT2_200_6002262,AXT2,10,TRAIN,Success
file_brain_AXT2_200_6002262/processed/slice_11.mat,file_brain_AXT2_200_6002262,AXT2,11,TRAIN,Success
file_brain_AXT2_200_6002262/processed/slice_12.mat,file_brain_AXT2_200_6002262,AXT2,12,TRAIN,Success
file_brain_AXT2_200_6002262/processed/slice_13.mat,file_brain_AXT2_200_6002262,AXT2,13,TRAIN,Success
file_brain_AXT2_200_6002262/processed/slice_14.mat,file_brain_AXT2_200_6002262,AXT2,14,TRAIN,Success
file_brain_AXT2_200_6002262/processed/slice_15.mat,file_brain_AXT2_200_6002262,AXT2,15,TRAIN,Success
file_brain_AXT2_200_6002262/processed/slice_16.mat,file_brain_AXT2_200_6002262,AXT2,16,TRAIN,Success
file_brain_AXT2_200_6002302/processed/slice_1.mat,file_brain_AXT2_200_6002302,AXT2,1,TRAIN,Success
file_brain_AXT2_200_6002302/processed/slice_2.mat,file_brain_AXT2_200_6002302,AXT2,2,TRAIN,Success
file_brain_AXT2_200_6002302/processed/slice_3.mat,file_brain_AXT2_200_6002302,AXT2,3,TRAIN,Success
file_brain_AXT2_200_6002302/processed/slice_4.mat,file_brain_AXT2_200_6002302,AXT2,4,TRAIN,Success
file_brain_AXT2_200_6002302/processed/slice_5.mat,file_brain_AXT2_200_6002302,AXT2,5,TRAIN,Success
file_brain_AXT2_200_6002302/processed/slice_6.mat,file_brain_AXT2_200_6002302,AXT2,6,TRAIN,Success
file_brain_AXT2_200_6002302/processed/slice_7.mat,file_brain_AXT2_200_6002302,AXT2,7,TRAIN,Success
file_brain_AXT2_200_6002302/processed/slice_8.mat,file_brain_AXT2_200_6002302,AXT2,8,TRAIN,Success
file_brain_AXT2_200_6002302/processed/slice_9.mat,file_brain_AXT2_200_6002302,AXT2,9,TRAIN,Success
file_brain_AXT2_200_6002302/processed/slice_10.mat,file_brain_AXT2_200_6002302,AXT2,10,TRAIN,Success
file_brain_AXT2_200_6002302/processed/slice_11.mat,file_brain_AXT2_200_6002302,AXT2,11,TRAIN,Success
file_brain_AXT2_200_6002302/processed/slice_12.mat,file_brain_AXT2_200_6002302,AXT2,12,TRAIN,Success
file_brain_AXT2_200_6002302/processed/slice_13.mat,file_brain_AXT2_200_6002302,AXT2,13,TRAIN,Success
file_brain_AXT2_200_6002302/processed/slice_14.mat,file_brain_AXT2_200_6002302,AXT2,14,TRAIN,Success
file_brain_AXT2_200_6002302/processed/slice_15.mat,file_brain_AXT2_200_6002302,AXT2,15,TRAIN,Success
file_brain_AXT2_200_6002302/processed/slice_16.mat,file_brain_AXT2_200_6002302,AXT2,16,TRAIN,Success
file_brain_AXT2_200_6002308/processed/slice_1.mat,file_brain_AXT2_200_6002308,AXT2,1,TRAIN,Success
file_brain_AXT2_200_6002308/processed/slice_2.mat,file_brain_AXT2_200_6002308,AXT2,2,TRAIN,Success
file_brain_AXT2_200_6002308/processed/slice_3.mat,file_brain_AXT2_200_6002308,AXT2,3,TRAIN,Success
file_brain_AXT2_200_6002308/processed/slice_4.mat,file_brain_AXT2_200_6002308,AXT2,4,TRAIN,Success
file_brain_AXT2_200_6002308/processed/slice_5.mat,file_brain_AXT2_200_6002308,AXT2,5,TRAIN,Success
file_brain_AXT2_200_6002308/processed/slice_6.mat,file_brain_AXT2_200_6002308,AXT2,6,TRAIN,Success
file_brain_AXT2_200_6002308/processed/slice_7.mat,file_brain_AXT2_200_6002308,AXT2,7,TRAIN,Success
file_brain_AXT2_200_6002308/processed/slice_8.mat,file_brain_AXT2_200_6002308,AXT2,8,TRAIN,Success
file_brain_AXT2_200_6002308/processed/slice_9.mat,file_brain_AXT2_200_6002308,AXT2,9,TRAIN,Success
file_brain_AXT2_200_6002308/processed/slice_10.mat,file_brain_AXT2_200_6002308,AXT2,10,TRAIN,Success
file_brain_AXT2_200_6002308/processed/slice_11.mat,file_brain_AXT2_200_6002308,AXT2,11,TRAIN,Success
file_brain_AXT2_200_6002308/processed/slice_12.mat,file_brain_AXT2_200_6002308,AXT2,12,TRAIN,Success
file_brain_AXT2_200_6002308/processed/slice_13.mat,file_brain_AXT2_200_6002308,AXT2,13,TRAIN,Success
file_brain_AXT2_200_6002308/processed/slice_14.mat,file_brain_AXT2_200_6002308,AXT2,14,TRAIN,Success
file_brain_AXT2_200_6002308/processed/slice_15.mat,file_brain_AXT2_200_6002308,AXT2,15,TRAIN,Success
file_brain_AXT2_200_6002308/processed/slice_16.mat,file_brain_AXT2_200_6002308,AXT2,16,TRAIN,Success
file_brain_AXT2_200_6002319/processed/slice_1.mat,file_brain_AXT2_200_6002319,AXT2,1,TRAIN,Success
file_brain_AXT2_200_6002319/processed/slice_2.mat,file_brain_AXT2_200_6002319,AXT2,2,TRAIN,Success
file_brain_AXT2_200_6002319/processed/slice_3.mat,file_brain_AXT2_200_6002319,AXT2,3,TRAIN,Success
file_brain_AXT2_200_6002319/processed/slice_4.mat,file_brain_AXT2_200_6002319,AXT2,4,TRAIN,Success
file_brain_AXT2_200_6002319/processed/slice_5.mat,file_brain_AXT2_200_6002319,AXT2,5,TRAIN,Success
file_brain_AXT2_200_6002319/processed/slice_6.mat,file_brain_AXT2_200_6002319,AXT2,6,TRAIN,Success
file_brain_AXT2_200_6002319/processed/slice_7.mat,file_brain_AXT2_200_6002319,AXT2,7,TRAIN,Success
file_brain_AXT2_200_6002319/processed/slice_8.mat,file_brain_AXT2_200_6002319,AXT2,8,TRAIN,Success
file_brain_AXT2_200_6002319/processed/slice_9.mat,file_brain_AXT2_200_6002319,AXT2,9,TRAIN,Success
file_brain_AXT2_200_6002319/processed/slice_10.mat,file_brain_AXT2_200_6002319,AXT2,10,TRAIN,Success
file_brain_AXT2_200_6002319/processed/slice_11.mat,file_brain_AXT2_200_6002319,AXT2,11,TRAIN,Success
file_brain_AXT2_200_6002319/processed/slice_12.mat,file_brain_AXT2_200_6002319,AXT2,12,TRAIN,Success
file_brain_AXT2_200_6002319/processed/slice_13.mat,file_brain_AXT2_200_6002319,AXT2,13,TRAIN,Success
file_brain_AXT2_200_6002319/processed/slice_14.mat,file_brain_AXT2_200_6002319,AXT2,14,TRAIN,Success
file_brain_AXT2_200_6002319/processed/slice_15.mat,file_brain_AXT2_200_6002319,AXT2,15,TRAIN,Success
file_brain_AXT2_200_6002319/processed/slice_16.mat,file_brain_AXT2_200_6002319,AXT2,16,TRAIN,Success
file_brain_AXT2_200_6002375/processed/slice_1.mat,file_brain_AXT2_200_6002375,AXT2,1,TRAIN,Success
file_brain_AXT2_200_6002375/processed/slice_2.mat,file_brain_AXT2_200_6002375,AXT2,2,TRAIN,Success
file_brain_AXT2_200_6002375/processed/slice_3.mat,file_brain_AXT2_200_6002375,AXT2,3,TRAIN,Success
file_brain_AXT2_200_6002375/processed/slice_4.mat,file_brain_AXT2_200_6002375,AXT2,4,TRAIN,Success
file_brain_AXT2_200_6002375/processed/slice_5.mat,file_brain_AXT2_200_6002375,AXT2,5,TRAIN,Success
file_brain_AXT2_200_6002375/processed/slice_6.mat,file_brain_AXT2_200_6002375,AXT2,6,TRAIN,Success
file_brain_AXT2_200_6002375/processed/slice_7.mat,file_brain_AXT2_200_6002375,AXT2,7,TRAIN,Success
file_brain_AXT2_200_6002375/processed/slice_8.mat,file_brain_AXT2_200_6002375,AXT2,8,TRAIN,Success
file_brain_AXT2_200_6002375/processed/slice_9.mat,file_brain_AXT2_200_6002375,AXT2,9,TRAIN,Success
file_brain_AXT2_200_6002375/processed/slice_10.mat,file_brain_AXT2_200_6002375,AXT2,10,TRAIN,Success
file_brain_AXT2_200_6002375/processed/slice_11.mat,file_brain_AXT2_200_6002375,AXT2,11,TRAIN,Success
file_brain_AXT2_200_6002375/processed/slice_12.mat,file_brain_AXT2_200_6002375,AXT2,12,TRAIN,Success
file_brain_AXT2_200_6002375/processed/slice_13.mat,file_brain_AXT2_200_6002375,AXT2,13,TRAIN,Success
file_brain_AXT2_200_6002375/processed/slice_14.mat,file_brain_AXT2_200_6002375,AXT2,14,TRAIN,Success
file_brain_AXT2_200_6002375/processed/slice_15.mat,file_brain_AXT2_200_6002375,AXT2,15,TRAIN,Success
file_brain_AXT2_200_6002375/processed/slice_16.mat,file_brain_AXT2_200_6002375,AXT2,16,TRAIN,Success
file_brain_AXT2_200_6002381/processed/slice_1.mat,file_brain_AXT2_200_6002381,AXT2,1,TRAIN,Success
file_brain_AXT2_200_6002381/processed/slice_2.mat,file_brain_AXT2_200_6002381,AXT2,2,TRAIN,Success
file_brain_AXT2_200_6002381/processed/slice_3.mat,file_brain_AXT2_200_6002381,AXT2,3,TRAIN,Success
file_brain_AXT2_200_6002381/processed/slice_4.mat,file_brain_AXT2_200_6002381,AXT2,4,TRAIN,Success
file_brain_AXT2_200_6002381/processed/slice_5.mat,file_brain_AXT2_200_6002381,AXT2,5,TRAIN,Success
file_brain_AXT2_200_6002381/processed/slice_6.mat,file_brain_AXT2_200_6002381,AXT2,6,TRAIN,Success
file_brain_AXT2_200_6002381/processed/slice_7.mat,file_brain_AXT2_200_6002381,AXT2,7,TRAIN,Success
file_brain_AXT2_200_6002381/processed/slice_8.mat,file_brain_AXT2_200_6002381,AXT2,8,TRAIN,Success
file_brain_AXT2_200_6002381/processed/slice_9.mat,file_brain_AXT2_200_6002381,AXT2,9,TRAIN,Success
file_brain_AXT2_200_6002381/processed/slice_10.mat,file_brain_AXT2_200_6002381,AXT2,10,TRAIN,Success
file_brain_AXT2_200_6002381/processed/slice_11.mat,file_brain_AXT2_200_6002381,AXT2,11,TRAIN,Success
file_brain_AXT2_200_6002381/processed/slice_12.mat,file_brain_AXT2_200_6002381,AXT2,12,TRAIN,Success
file_brain_AXT2_200_6002381/processed/slice_13.mat,file_brain_AXT2_200_6002381,AXT2,13,TRAIN,Success
file_brain_AXT2_200_6002381/processed/slice_14.mat,file_brain_AXT2_200_6002381,AXT2,14,TRAIN,Success
file_brain_AXT2_200_6002381/processed/slice_15.mat,file_brain_AXT2_200_6002381,AXT2,15,TRAIN,Success
file_brain_AXT2_200_6002381/processed/slice_16.mat,file_brain_AXT2_200_6002381,AXT2,16,TRAIN,Success
file_brain_AXT2_200_6002387/processed/slice_1.mat,file_brain_AXT2_200_6002387,AXT2,1,TRAIN,Success
file_brain_AXT2_200_6002387/processed/slice_2.mat,file_brain_AXT2_200_6002387,AXT2,2,TRAIN,Success
file_brain_AXT2_200_6002387/processed/slice_3.mat,file_brain_AXT2_200_6002387,AXT2,3,TRAIN,Success
file_brain_AXT2_200_6002387/processed/slice_4.mat,file_brain_AXT2_200_6002387,AXT2,4,TRAIN,Success
file_brain_AXT2_200_6002387/processed/slice_5.mat,file_brain_AXT2_200_6002387,AXT2,5,TRAIN,Success
file_brain_AXT2_200_6002387/processed/slice_6.mat,file_brain_AXT2_200_6002387,AXT2,6,TRAIN,Success
file_brain_AXT2_200_6002387/processed/slice_7.mat,file_brain_AXT2_200_6002387,AXT2,7,TRAIN,Success
file_brain_AXT2_200_6002387/processed/slice_8.mat,file_brain_AXT2_200_6002387,AXT2,8,TRAIN,Success
file_brain_AXT2_200_6002387/processed/slice_9.mat,file_brain_AXT2_200_6002387,AXT2,9,TRAIN,Success
file_brain_AXT2_200_6002387/processed/slice_10.mat,file_brain_AXT2_200_6002387,AXT2,10,TRAIN,Success
file_brain_AXT2_200_6002387/processed/slice_11.mat,file_brain_AXT2_200_6002387,AXT2,11,TRAIN,Success
file_brain_AXT2_200_6002387/processed/slice_12.mat,file_brain_AXT2_200_6002387,AXT2,12,TRAIN,Success
file_brain_AXT2_200_6002387/processed/slice_13.mat,file_brain_AXT2_200_6002387,AXT2,13,TRAIN,Success
file_brain_AXT2_200_6002387/processed/slice_14.mat,file_brain_AXT2_200_6002387,AXT2,14,TRAIN,Success
file_brain_AXT2_200_6002387/processed/slice_15.mat,file_brain_AXT2_200_6002387,AXT2,15,TRAIN,Success
file_brain_AXT2_200_6002387/processed/slice_16.mat,file_brain_AXT2_200_6002387,AXT2,16,TRAIN,Success
file_brain_AXT2_200_6002446/processed/slice_1.mat,file_brain_AXT2_200_6002446,AXT2,1,VAL,Success
file_brain_AXT2_200_6002446/processed/slice_2.mat,file_brain_AXT2_200_6002446,AXT2,2,VAL,Success
file_brain_AXT2_200_6002446/processed/slice_3.mat,file_brain_AXT2_200_6002446,AXT2,3,VAL,Success
file_brain_AXT2_200_6002446/processed/slice_4.mat,file_brain_AXT2_200_6002446,AXT2,4,VAL,Success
file_brain_AXT2_200_6002446/processed/slice_5.mat,file_brain_AXT2_200_6002446,AXT2,5,VAL,Success
file_brain_AXT2_200_6002446/processed/slice_6.mat,file_brain_AXT2_200_6002446,AXT2,6,VAL,Success
file_brain_AXT2_200_6002446/processed/slice_7.mat,file_brain_AXT2_200_6002446,AXT2,7,VAL,Success
file_brain_AXT2_200_6002446/processed/slice_8.mat,file_brain_AXT2_200_6002446,AXT2,8,VAL,Success
file_brain_AXT2_200_6002446/processed/slice_9.mat,file_brain_AXT2_200_6002446,AXT2,9,VAL,Success
file_brain_AXT2_200_6002446/processed/slice_10.mat,file_brain_AXT2_200_6002446,AXT2,10,VAL,Success
file_brain_AXT2_200_6002446/processed/slice_11.mat,file_brain_AXT2_200_6002446,AXT2,11,VAL,Success
file_brain_AXT2_200_6002446/processed/slice_12.mat,file_brain_AXT2_200_6002446,AXT2,12,VAL,Success
file_brain_AXT2_200_6002446/processed/slice_13.mat,file_brain_AXT2_200_6002446,AXT2,13,VAL,Success
file_brain_AXT2_200_6002446/processed/slice_14.mat,file_brain_AXT2_200_6002446,AXT2,14,VAL,Success
file_brain_AXT2_200_6002446/processed/slice_15.mat,file_brain_AXT2_200_6002446,AXT2,15,VAL,Success
file_brain_AXT2_200_6002446/processed/slice_16.mat,file_brain_AXT2_200_6002446,AXT2,16,VAL,Success
file_brain_AXT2_200_6002465/processed/slice_1.mat,file_brain_AXT2_200_6002465,AXT2,1,TRAIN,Success
file_brain_AXT2_200_6002465/processed/slice_2.mat,file_brain_AXT2_200_6002465,AXT2,2,TRAIN,Success
file_brain_AXT2_200_6002465/processed/slice_3.mat,file_brain_AXT2_200_6002465,AXT2,3,TRAIN,Success
file_brain_AXT2_200_6002465/processed/slice_4.mat,file_brain_AXT2_200_6002465,AXT2,4,TRAIN,Success
file_brain_AXT2_200_6002465/processed/slice_5.mat,file_brain_AXT2_200_6002465,AXT2,5,TRAIN,Success
file_brain_AXT2_200_6002465/processed/slice_6.mat,file_brain_AXT2_200_6002465,AXT2,6,TRAIN,Success
file_brain_AXT2_200_6002465/processed/slice_7.mat,file_brain_AXT2_200_6002465,AXT2,7,TRAIN,Success
file_brain_AXT2_200_6002465/processed/slice_8.mat,file_brain_AXT2_200_6002465,AXT2,8,TRAIN,Success
file_brain_AXT2_200_6002465/processed/slice_9.mat,file_brain_AXT2_200_6002465,AXT2,9,TRAIN,Success
file_brain_AXT2_200_6002465/processed/slice_10.mat,file_brain_AXT2_200_6002465,AXT2,10,TRAIN,Success
file_brain_AXT2_200_6002465/processed/slice_11.mat,file_brain_AXT2_200_6002465,AXT2,11,TRAIN,Success
file_brain_AXT2_200_6002465/processed/slice_12.mat,file_brain_AXT2_200_6002465,AXT2,12,TRAIN,Success
file_brain_AXT2_200_6002465/processed/slice_13.mat,file_brain_AXT2_200_6002465,AXT2,13,TRAIN,Success
file_brain_AXT2_200_6002465/processed/slice_14.mat,file_brain_AXT2_200_6002465,AXT2,14,TRAIN,Success
file_brain_AXT2_200_6002465/processed/slice_15.mat,file_brain_AXT2_200_6002465,AXT2,15,TRAIN,Success
file_brain_AXT2_200_6002465/processed/slice_16.mat,file_brain_AXT2_200_6002465,AXT2,16,TRAIN,Success
file_brain_AXT2_200_6002486/processed/slice_1.mat,file_brain_AXT2_200_6002486,AXT2,1,TRAIN,Success
file_brain_AXT2_200_6002486/processed/slice_2.mat,file_brain_AXT2_200_6002486,AXT2,2,TRAIN,Success
file_brain_AXT2_200_6002486/processed/slice_3.mat,file_brain_AXT2_200_6002486,AXT2,3,TRAIN,Success
file_brain_AXT2_200_6002486/processed/slice_4.mat,file_brain_AXT2_200_6002486,AXT2,4,TRAIN,Success
file_brain_AXT2_200_6002486/processed/slice_5.mat,file_brain_AXT2_200_6002486,AXT2,5,TRAIN,Success
file_brain_AXT2_200_6002486/processed/slice_6.mat,file_brain_AXT2_200_6002486,AXT2,6,TRAIN,Success
file_brain_AXT2_200_6002486/processed/slice_7.mat,file_brain_AXT2_200_6002486,AXT2,7,TRAIN,Success
file_brain_AXT2_200_6002486/processed/slice_8.mat,file_brain_AXT2_200_6002486,AXT2,8,TRAIN,Success
file_brain_AXT2_200_6002486/processed/slice_9.mat,file_brain_AXT2_200_6002486,AXT2,9,TRAIN,Success
file_brain_AXT2_200_6002486/processed/slice_10.mat,file_brain_AXT2_200_6002486,AXT2,10,TRAIN,Success
file_brain_AXT2_200_6002486/processed/slice_11.mat,file_brain_AXT2_200_6002486,AXT2,11,TRAIN,Success
file_brain_AXT2_200_6002486/processed/slice_12.mat,file_brain_AXT2_200_6002486,AXT2,12,TRAIN,Success
file_brain_AXT2_200_6002486/processed/slice_13.mat,file_brain_AXT2_200_6002486,AXT2,13,TRAIN,Success
file_brain_AXT2_200_6002486/processed/slice_14.mat,file_brain_AXT2_200_6002486,AXT2,14,TRAIN,Success
file_brain_AXT2_200_6002486/processed/slice_15.mat,file_brain_AXT2_200_6002486,AXT2,15,TRAIN,Success
file_brain_AXT2_200_6002486/processed/slice_16.mat,file_brain_AXT2_200_6002486,AXT2,16,TRAIN,Success
file_brain_AXT2_200_6002500/processed/slice_1.mat,file_brain_AXT2_200_6002500,AXT2,1,VAL,Success
file_brain_AXT2_200_6002500/processed/slice_2.mat,file_brain_AXT2_200_6002500,AXT2,2,VAL,Success
file_brain_AXT2_200_6002500/processed/slice_3.mat,file_brain_AXT2_200_6002500,AXT2,3,VAL,Success
file_brain_AXT2_200_6002500/processed/slice_4.mat,file_brain_AXT2_200_6002500,AXT2,4,VAL,Success
file_brain_AXT2_200_6002500/processed/slice_5.mat,file_brain_AXT2_200_6002500,AXT2,5,VAL,Success
file_brain_AXT2_200_6002500/processed/slice_6.mat,file_brain_AXT2_200_6002500,AXT2,6,VAL,Success
file_brain_AXT2_200_6002500/processed/slice_7.mat,file_brain_AXT2_200_6002500,AXT2,7,VAL,Success
file_brain_AXT2_200_6002500/processed/slice_8.mat,file_brain_AXT2_200_6002500,AXT2,8,VAL,Success
file_brain_AXT2_200_6002500/processed/slice_9.mat,file_brain_AXT2_200_6002500,AXT2,9,VAL,Success
file_brain_AXT2_200_6002500/processed/slice_10.mat,file_brain_AXT2_200_6002500,AXT2,10,VAL,Success
file_brain_AXT2_200_6002500/processed/slice_11.mat,file_brain_AXT2_200_6002500,AXT2,11,VAL,Success
file_brain_AXT2_200_6002500/processed/slice_12.mat,file_brain_AXT2_200_6002500,AXT2,12,VAL,Success
file_brain_AXT2_200_6002500/processed/slice_13.mat,file_brain_AXT2_200_6002500,AXT2,13,VAL,Success
file_brain_AXT2_200_6002500/processed/slice_14.mat,file_brain_AXT2_200_6002500,AXT2,14,VAL,Success
file_brain_AXT2_200_6002500/processed/slice_15.mat,file_brain_AXT2_200_6002500,AXT2,15,VAL,Success
file_brain_AXT2_200_6002500/processed/slice_16.mat,file_brain_AXT2_200_6002500,AXT2,16,VAL,Success
file_brain_AXT2_200_6002524/processed/slice_1.mat,file_brain_AXT2_200_6002524,AXT2,1,TRAIN,Success
file_brain_AXT2_200_6002524/processed/slice_2.mat,file_brain_AXT2_200_6002524,AXT2,2,TRAIN,Success
file_brain_AXT2_200_6002524/processed/slice_3.mat,file_brain_AXT2_200_6002524,AXT2,3,TRAIN,Success
file_brain_AXT2_200_6002524/processed/slice_4.mat,file_brain_AXT2_200_6002524,AXT2,4,TRAIN,Success
file_brain_AXT2_200_6002524/processed/slice_5.mat,file_brain_AXT2_200_6002524,AXT2,5,TRAIN,Success
file_brain_AXT2_200_6002524/processed/slice_6.mat,file_brain_AXT2_200_6002524,AXT2,6,TRAIN,Success
file_brain_AXT2_200_6002524/processed/slice_7.mat,file_brain_AXT2_200_6002524,AXT2,7,TRAIN,Success
file_brain_AXT2_200_6002524/processed/slice_8.mat,file_brain_AXT2_200_6002524,AXT2,8,TRAIN,Success
file_brain_AXT2_200_6002524/processed/slice_9.mat,file_brain_AXT2_200_6002524,AXT2,9,TRAIN,Success
file_brain_AXT2_200_6002524/processed/slice_10.mat,file_brain_AXT2_200_6002524,AXT2,10,TRAIN,Success
file_brain_AXT2_200_6002524/processed/slice_11.mat,file_brain_AXT2_200_6002524,AXT2,11,TRAIN,Success
file_brain_AXT2_200_6002524/processed/slice_12.mat,file_brain_AXT2_200_6002524,AXT2,12,TRAIN,Success
file_brain_AXT2_200_6002524/processed/slice_13.mat,file_brain_AXT2_200_6002524,AXT2,13,TRAIN,Success
file_brain_AXT2_200_6002524/processed/slice_14.mat,file_brain_AXT2_200_6002524,AXT2,14,TRAIN,Success
file_brain_AXT2_200_6002524/processed/slice_15.mat,file_brain_AXT2_200_6002524,AXT2,15,TRAIN,Success
file_brain_AXT2_200_6002524/processed/slice_16.mat,file_brain_AXT2_200_6002524,AXT2,16,TRAIN,Success
file_brain_AXT2_200_6002528/processed/slice_1.mat,file_brain_AXT2_200_6002528,AXT2,1,VAL,Success
file_brain_AXT2_200_6002528/processed/slice_2.mat,file_brain_AXT2_200_6002528,AXT2,2,VAL,Success
file_brain_AXT2_200_6002528/processed/slice_3.mat,file_brain_AXT2_200_6002528,AXT2,3,VAL,Success
file_brain_AXT2_200_6002528/processed/slice_4.mat,file_brain_AXT2_200_6002528,AXT2,4,VAL,Success
file_brain_AXT2_200_6002528/processed/slice_5.mat,file_brain_AXT2_200_6002528,AXT2,5,VAL,Success
file_brain_AXT2_200_6002528/processed/slice_6.mat,file_brain_AXT2_200_6002528,AXT2,6,VAL,Success
file_brain_AXT2_200_6002528/processed/slice_7.mat,file_brain_AXT2_200_6002528,AXT2,7,VAL,Success
file_brain_AXT2_200_6002528/processed/slice_8.mat,file_brain_AXT2_200_6002528,AXT2,8,VAL,Success
file_brain_AXT2_200_6002528/processed/slice_9.mat,file_brain_AXT2_200_6002528,AXT2,9,VAL,Success
file_brain_AXT2_200_6002528/processed/slice_10.mat,file_brain_AXT2_200_6002528,AXT2,10,VAL,Success
file_brain_AXT2_200_6002528/processed/slice_11.mat,file_brain_AXT2_200_6002528,AXT2,11,VAL,Success
file_brain_AXT2_200_6002528/processed/slice_12.mat,file_brain_AXT2_200_6002528,AXT2,12,VAL,Success
file_brain_AXT2_200_6002528/processed/slice_13.mat,file_brain_AXT2_200_6002528,AXT2,13,VAL,Success
file_brain_AXT2_200_6002528/processed/slice_14.mat,file_brain_AXT2_200_6002528,AXT2,14,VAL,Success
file_brain_AXT2_200_6002530/processed/slice_1.mat,file_brain_AXT2_200_6002530,AXT2,1,TRAIN,Success
file_brain_AXT2_200_6002530/processed/slice_2.mat,file_brain_AXT2_200_6002530,AXT2,2,TRAIN,Success
file_brain_AXT2_200_6002530/processed/slice_3.mat,file_brain_AXT2_200_6002530,AXT2,3,TRAIN,Success
file_brain_AXT2_200_6002530/processed/slice_4.mat,file_brain_AXT2_200_6002530,AXT2,4,TRAIN,Success
file_brain_AXT2_200_6002530/processed/slice_5.mat,file_brain_AXT2_200_6002530,AXT2,5,TRAIN,Success
file_brain_AXT2_200_6002530/processed/slice_6.mat,file_brain_AXT2_200_6002530,AXT2,6,TRAIN,Success
file_brain_AXT2_200_6002530/processed/slice_7.mat,file_brain_AXT2_200_6002530,AXT2,7,TRAIN,Success
file_brain_AXT2_200_6002530/processed/slice_8.mat,file_brain_AXT2_200_6002530,AXT2,8,TRAIN,Success
file_brain_AXT2_200_6002530/processed/slice_9.mat,file_brain_AXT2_200_6002530,AXT2,9,TRAIN,Success
file_brain_AXT2_200_6002530/processed/slice_10.mat,file_brain_AXT2_200_6002530,AXT2,10,TRAIN,Success
file_brain_AXT2_200_6002530/processed/slice_11.mat,file_brain_AXT2_200_6002530,AXT2,11,TRAIN,Success
file_brain_AXT2_200_6002530/processed/slice_12.mat,file_brain_AXT2_200_6002530,AXT2,12,TRAIN,Success
file_brain_AXT2_200_6002530/processed/slice_13.mat,file_brain_AXT2_200_6002530,AXT2,13,TRAIN,Success
file_brain_AXT2_200_6002530/processed/slice_14.mat,file_brain_AXT2_200_6002530,AXT2,14,TRAIN,Success
file_brain_AXT2_200_6002530/processed/slice_15.mat,file_brain_AXT2_200_6002530,AXT2,15,TRAIN,Success
file_brain_AXT2_200_6002530/processed/slice_16.mat,file_brain_AXT2_200_6002530,AXT2,16,TRAIN,Success
file_brain_AXT2_200_6002532/processed/slice_1.mat,file_brain_AXT2_200_6002532,AXT2,1,TRAIN,Success
file_brain_AXT2_200_6002532/processed/slice_2.mat,file_brain_AXT2_200_6002532,AXT2,2,TRAIN,Success
file_brain_AXT2_200_6002532/processed/slice_3.mat,file_brain_AXT2_200_6002532,AXT2,3,TRAIN,Success
file_brain_AXT2_200_6002532/processed/slice_4.mat,file_brain_AXT2_200_6002532,AXT2,4,TRAIN,Success
file_brain_AXT2_200_6002532/processed/slice_5.mat,file_brain_AXT2_200_6002532,AXT2,5,TRAIN,Success
file_brain_AXT2_200_6002532/processed/slice_6.mat,file_brain_AXT2_200_6002532,AXT2,6,TRAIN,Success
file_brain_AXT2_200_6002532/processed/slice_7.mat,file_brain_AXT2_200_6002532,AXT2,7,TRAIN,Success
file_brain_AXT2_200_6002532/processed/slice_8.mat,file_brain_AXT2_200_6002532,AXT2,8,TRAIN,Success
file_brain_AXT2_200_6002532/processed/slice_9.mat,file_brain_AXT2_200_6002532,AXT2,9,TRAIN,Success
file_brain_AXT2_200_6002532/processed/slice_10.mat,file_brain_AXT2_200_6002532,AXT2,10,TRAIN,Success
file_brain_AXT2_200_6002532/processed/slice_11.mat,file_brain_AXT2_200_6002532,AXT2,11,TRAIN,Success
file_brain_AXT2_200_6002532/processed/slice_12.mat,file_brain_AXT2_200_6002532,AXT2,12,TRAIN,Success
file_brain_AXT2_200_6002532/processed/slice_13.mat,file_brain_AXT2_200_6002532,AXT2,13,TRAIN,Success
file_brain_AXT2_200_6002532/processed/slice_14.mat,file_brain_AXT2_200_6002532,AXT2,14,TRAIN,Success
file_brain_AXT2_200_6002532/processed/slice_15.mat,file_brain_AXT2_200_6002532,AXT2,15,TRAIN,Success
file_brain_AXT2_200_6002532/processed/slice_16.mat,file_brain_AXT2_200_6002532,AXT2,16,TRAIN,Success
file_brain_AXT2_200_6002539/processed/slice_1.mat,file_brain_AXT2_200_6002539,AXT2,1,TRAIN,Success
file_brain_AXT2_200_6002539/processed/slice_2.mat,file_brain_AXT2_200_6002539,AXT2,2,TRAIN,Success
file_brain_AXT2_200_6002539/processed/slice_3.mat,file_brain_AXT2_200_6002539,AXT2,3,TRAIN,Success
file_brain_AXT2_200_6002539/processed/slice_4.mat,file_brain_AXT2_200_6002539,AXT2,4,TRAIN,Success
file_brain_AXT2_200_6002539/processed/slice_5.mat,file_brain_AXT2_200_6002539,AXT2,5,TRAIN,Success
file_brain_AXT2_200_6002539/processed/slice_6.mat,file_brain_AXT2_200_6002539,AXT2,6,TRAIN,Success
file_brain_AXT2_200_6002539/processed/slice_7.mat,file_brain_AXT2_200_6002539,AXT2,7,TRAIN,Success
file_brain_AXT2_200_6002539/processed/slice_8.mat,file_brain_AXT2_200_6002539,AXT2,8,TRAIN,Success
file_brain_AXT2_200_6002539/processed/slice_9.mat,file_brain_AXT2_200_6002539,AXT2,9,TRAIN,Success
file_brain_AXT2_200_6002539/processed/slice_10.mat,file_brain_AXT2_200_6002539,AXT2,10,TRAIN,Success
file_brain_AXT2_200_6002539/processed/slice_11.mat,file_brain_AXT2_200_6002539,AXT2,11,TRAIN,Success
file_brain_AXT2_200_6002539/processed/slice_12.mat,file_brain_AXT2_200_6002539,AXT2,12,TRAIN,Success
file_brain_AXT2_200_6002539/processed/slice_13.mat,file_brain_AXT2_200_6002539,AXT2,13,TRAIN,Success
file_brain_AXT2_200_6002539/processed/slice_14.mat,file_brain_AXT2_200_6002539,AXT2,14,TRAIN,Success
file_brain_AXT2_200_6002539/processed/slice_15.mat,file_brain_AXT2_200_6002539,AXT2,15,TRAIN,Success
file_brain_AXT2_200_6002539/processed/slice_16.mat,file_brain_AXT2_200_6002539,AXT2,16,TRAIN,Success
file_brain_AXT2_200_6002545/processed/slice_1.mat,file_brain_AXT2_200_6002545,AXT2,1,TRAIN,Success
file_brain_AXT2_200_6002545/processed/slice_2.mat,file_brain_AXT2_200_6002545,AXT2,2,TRAIN,Success
file_brain_AXT2_200_6002545/processed/slice_3.mat,file_brain_AXT2_200_6002545,AXT2,3,TRAIN,Success
file_brain_AXT2_200_6002545/processed/slice_4.mat,file_brain_AXT2_200_6002545,AXT2,4,TRAIN,Success
file_brain_AXT2_200_6002545/processed/slice_5.mat,file_brain_AXT2_200_6002545,AXT2,5,TRAIN,Success
file_brain_AXT2_200_6002545/processed/slice_6.mat,file_brain_AXT2_200_6002545,AXT2,6,TRAIN,Success
file_brain_AXT2_200_6002545/processed/slice_7.mat,file_brain_AXT2_200_6002545,AXT2,7,TRAIN,Success
file_brain_AXT2_200_6002545/processed/slice_8.mat,file_brain_AXT2_200_6002545,AXT2,8,TRAIN,Success
file_brain_AXT2_200_6002545/processed/slice_9.mat,file_brain_AXT2_200_6002545,AXT2,9,TRAIN,Success
file_brain_AXT2_200_6002545/processed/slice_10.mat,file_brain_AXT2_200_6002545,AXT2,10,TRAIN,Success
file_brain_AXT2_200_6002545/processed/slice_11.mat,file_brain_AXT2_200_6002545,AXT2,11,TRAIN,Success
file_brain_AXT2_200_6002545/processed/slice_12.mat,file_brain_AXT2_200_6002545,AXT2,12,TRAIN,Success
file_brain_AXT2_200_6002545/processed/slice_13.mat,file_brain_AXT2_200_6002545,AXT2,13,TRAIN,Success
file_brain_AXT2_200_6002545/processed/slice_14.mat,file_brain_AXT2_200_6002545,AXT2,14,TRAIN,Success
file_brain_AXT2_200_6002551/processed/slice_1.mat,file_brain_AXT2_200_6002551,AXT2,1,TRAIN,Success
file_brain_AXT2_200_6002551/processed/slice_2.mat,file_brain_AXT2_200_6002551,AXT2,2,TRAIN,Success
file_brain_AXT2_200_6002551/processed/slice_3.mat,file_brain_AXT2_200_6002551,AXT2,3,TRAIN,Success
file_brain_AXT2_200_6002551/processed/slice_4.mat,file_brain_AXT2_200_6002551,AXT2,4,TRAIN,Success
file_brain_AXT2_200_6002551/processed/slice_5.mat,file_brain_AXT2_200_6002551,AXT2,5,TRAIN,Success
file_brain_AXT2_200_6002551/processed/slice_6.mat,file_brain_AXT2_200_6002551,AXT2,6,TRAIN,Success
file_brain_AXT2_200_6002551/processed/slice_7.mat,file_brain_AXT2_200_6002551,AXT2,7,TRAIN,Success
file_brain_AXT2_200_6002551/processed/slice_8.mat,file_brain_AXT2_200_6002551,AXT2,8,TRAIN,Success
file_brain_AXT2_200_6002551/processed/slice_9.mat,file_brain_AXT2_200_6002551,AXT2,9,TRAIN,Success
file_brain_AXT2_200_6002551/processed/slice_10.mat,file_brain_AXT2_200_6002551,AXT2,10,TRAIN,Success
file_brain_AXT2_200_6002551/processed/slice_11.mat,file_brain_AXT2_200_6002551,AXT2,11,TRAIN,Success
file_brain_AXT2_200_6002551/processed/slice_12.mat,file_brain_AXT2_200_6002551,AXT2,12,TRAIN,Success
file_brain_AXT2_200_6002551/processed/slice_13.mat,file_brain_AXT2_200_6002551,AXT2,13,TRAIN,Success
file_brain_AXT2_200_6002551/processed/slice_14.mat,file_brain_AXT2_200_6002551,AXT2,14,TRAIN,Success
file_brain_AXT2_200_6002551/processed/slice_15.mat,file_brain_AXT2_200_6002551,AXT2,15,TRAIN,Success
file_brain_AXT2_200_6002551/processed/slice_16.mat,file_brain_AXT2_200_6002551,AXT2,16,TRAIN,Success
file_brain_AXT2_200_6002594/processed/slice_1.mat,file_brain_AXT2_200_6002594,AXT2,1,TRAIN,Success
file_brain_AXT2_200_6002594/processed/slice_2.mat,file_brain_AXT2_200_6002594,AXT2,2,TRAIN,Success
file_brain_AXT2_200_6002594/processed/slice_3.mat,file_brain_AXT2_200_6002594,AXT2,3,TRAIN,Success
file_brain_AXT2_200_6002594/processed/slice_4.mat,file_brain_AXT2_200_6002594,AXT2,4,TRAIN,Success
file_brain_AXT2_200_6002594/processed/slice_5.mat,file_brain_AXT2_200_6002594,AXT2,5,TRAIN,Success
file_brain_AXT2_200_6002594/processed/slice_6.mat,file_brain_AXT2_200_6002594,AXT2,6,TRAIN,Success
file_brain_AXT2_200_6002594/processed/slice_7.mat,file_brain_AXT2_200_6002594,AXT2,7,TRAIN,Success
file_brain_AXT2_200_6002594/processed/slice_8.mat,file_brain_AXT2_200_6002594,AXT2,8,TRAIN,Success
file_brain_AXT2_200_6002594/processed/slice_9.mat,file_brain_AXT2_200_6002594,AXT2,9,TRAIN,Success
file_brain_AXT2_200_6002594/processed/slice_10.mat,file_brain_AXT2_200_6002594,AXT2,10,TRAIN,Success
file_brain_AXT2_200_6002594/processed/slice_11.mat,file_brain_AXT2_200_6002594,AXT2,11,TRAIN,Success
file_brain_AXT2_200_6002594/processed/slice_12.mat,file_brain_AXT2_200_6002594,AXT2,12,TRAIN,Success
file_brain_AXT2_200_6002594/processed/slice_13.mat,file_brain_AXT2_200_6002594,AXT2,13,TRAIN,Success
file_brain_AXT2_200_6002594/processed/slice_14.mat,file_brain_AXT2_200_6002594,AXT2,14,TRAIN,Success
file_brain_AXT2_200_6002594/processed/slice_15.mat,file_brain_AXT2_200_6002594,AXT2,15,TRAIN,Success
file_brain_AXT2_200_6002594/processed/slice_16.mat,file_brain_AXT2_200_6002594,AXT2,16,TRAIN,Success
file_brain_AXT2_200_6002601/processed/slice_1.mat,file_brain_AXT2_200_6002601,AXT2,1,TEST,Success
file_brain_AXT2_200_6002601/processed/slice_2.mat,file_brain_AXT2_200_6002601,AXT2,2,TEST,Success
file_brain_AXT2_200_6002601/processed/slice_3.mat,file_brain_AXT2_200_6002601,AXT2,3,TEST,Success
file_brain_AXT2_200_6002601/processed/slice_4.mat,file_brain_AXT2_200_6002601,AXT2,4,TEST,Success
file_brain_AXT2_200_6002601/processed/slice_5.mat,file_brain_AXT2_200_6002601,AXT2,5,TEST,Success
file_brain_AXT2_200_6002601/processed/slice_6.mat,file_brain_AXT2_200_6002601,AXT2,6,TEST,Success
file_brain_AXT2_200_6002601/processed/slice_7.mat,file_brain_AXT2_200_6002601,AXT2,7,TEST,Success
file_brain_AXT2_200_6002601/processed/slice_8.mat,file_brain_AXT2_200_6002601,AXT2,8,TEST,Success
file_brain_AXT2_200_6002601/processed/slice_9.mat,file_brain_AXT2_200_6002601,AXT2,9,TEST,Success
file_brain_AXT2_200_6002601/processed/slice_10.mat,file_brain_AXT2_200_6002601,AXT2,10,TEST,Success
file_brain_AXT2_200_6002601/processed/slice_11.mat,file_brain_AXT2_200_6002601,AXT2,11,TEST,Success
file_brain_AXT2_200_6002601/processed/slice_12.mat,file_brain_AXT2_200_6002601,AXT2,12,TEST,Success
file_brain_AXT2_200_6002601/processed/slice_13.mat,file_brain_AXT2_200_6002601,AXT2,13,TEST,Success
file_brain_AXT2_200_6002601/processed/slice_14.mat,file_brain_AXT2_200_6002601,AXT2,14,TEST,Success
file_brain_AXT2_200_6002601/processed/slice_15.mat,file_brain_AXT2_200_6002601,AXT2,15,TEST,Success
file_brain_AXT2_200_6002601/processed/slice_16.mat,file_brain_AXT2_200_6002601,AXT2,16,TEST,Success
file_brain_AXT2_200_6002655/processed/slice_1.mat,file_brain_AXT2_200_6002655,AXT2,1,TRAIN,Success
file_brain_AXT2_200_6002655/processed/slice_2.mat,file_brain_AXT2_200_6002655,AXT2,2,TRAIN,Success
file_brain_AXT2_200_6002655/processed/slice_3.mat,file_brain_AXT2_200_6002655,AXT2,3,TRAIN,Success
file_brain_AXT2_200_6002655/processed/slice_4.mat,file_brain_AXT2_200_6002655,AXT2,4,TRAIN,Success
file_brain_AXT2_200_6002655/processed/slice_5.mat,file_brain_AXT2_200_6002655,AXT2,5,TRAIN,Success
file_brain_AXT2_200_6002655/processed/slice_6.mat,file_brain_AXT2_200_6002655,AXT2,6,TRAIN,Success
file_brain_AXT2_200_6002655/processed/slice_7.mat,file_brain_AXT2_200_6002655,AXT2,7,TRAIN,Success
file_brain_AXT2_200_6002655/processed/slice_8.mat,file_brain_AXT2_200_6002655,AXT2,8,TRAIN,Success
file_brain_AXT2_200_6002655/processed/slice_9.mat,file_brain_AXT2_200_6002655,AXT2,9,TRAIN,Success
file_brain_AXT2_200_6002655/processed/slice_10.mat,file_brain_AXT2_200_6002655,AXT2,10,TRAIN,Success
file_brain_AXT2_200_6002655/processed/slice_11.mat,file_brain_AXT2_200_6002655,AXT2,11,TRAIN,Success
file_brain_AXT2_200_6002655/processed/slice_12.mat,file_brain_AXT2_200_6002655,AXT2,12,TRAIN,Success
file_brain_AXT2_200_6002655/processed/slice_13.mat,file_brain_AXT2_200_6002655,AXT2,13,TRAIN,Success
file_brain_AXT2_200_6002655/processed/slice_14.mat,file_brain_AXT2_200_6002655,AXT2,14,TRAIN,Success
file_brain_AXT2_200_6002655/processed/slice_15.mat,file_brain_AXT2_200_6002655,AXT2,15,TRAIN,Success
file_brain_AXT2_200_6002655/processed/slice_16.mat,file_brain_AXT2_200_6002655,AXT2,16,TRAIN,Success
file_brain_AXT2_201_2010014/processed/slice_1.mat,file_brain_AXT2_201_2010014,AXT2,1,VAL,Success
file_brain_AXT2_201_2010014/processed/slice_2.mat,file_brain_AXT2_201_2010014,AXT2,2,VAL,Success
file_brain_AXT2_201_2010014/processed/slice_3.mat,file_brain_AXT2_201_2010014,AXT2,3,VAL,Success
file_brain_AXT2_201_2010014/processed/slice_4.mat,file_brain_AXT2_201_2010014,AXT2,4,VAL,Success
file_brain_AXT2_201_2010014/processed/slice_5.mat,file_brain_AXT2_201_2010014,AXT2,5,VAL,Success
file_brain_AXT2_201_2010014/processed/slice_6.mat,file_brain_AXT2_201_2010014,AXT2,6,VAL,Success
file_brain_AXT2_201_2010014/processed/slice_7.mat,file_brain_AXT2_201_2010014,AXT2,7,VAL,Success
file_brain_AXT2_201_2010014/processed/slice_8.mat,file_brain_AXT2_201_2010014,AXT2,8,VAL,Success
file_brain_AXT2_201_2010014/processed/slice_9.mat,file_brain_AXT2_201_2010014,AXT2,9,VAL,Success
file_brain_AXT2_201_2010014/processed/slice_10.mat,file_brain_AXT2_201_2010014,AXT2,10,VAL,Success
file_brain_AXT2_201_2010014/processed/slice_11.mat,file_brain_AXT2_201_2010014,AXT2,11,VAL,Success
file_brain_AXT2_201_2010014/processed/slice_12.mat,file_brain_AXT2_201_2010014,AXT2,12,VAL,Success
file_brain_AXT2_201_2010014/processed/slice_13.mat,file_brain_AXT2_201_2010014,AXT2,13,VAL,Success
file_brain_AXT2_201_2010014/processed/slice_14.mat,file_brain_AXT2_201_2010014,AXT2,14,VAL,Success
file_brain_AXT2_201_2010014/processed/slice_15.mat,file_brain_AXT2_201_2010014,AXT2,15,VAL,Success
file_brain_AXT2_201_2010014/processed/slice_16.mat,file_brain_AXT2_201_2010014,AXT2,16,VAL,Success
file_brain_AXT2_201_2010029/processed/slice_1.mat,file_brain_AXT2_201_2010029,AXT2,1,TRAIN,Success
file_brain_AXT2_201_2010029/processed/slice_2.mat,file_brain_AXT2_201_2010029,AXT2,2,TRAIN,Success
file_brain_AXT2_201_2010029/processed/slice_3.mat,file_brain_AXT2_201_2010029,AXT2,3,TRAIN,Success
file_brain_AXT2_201_2010029/processed/slice_4.mat,file_brain_AXT2_201_2010029,AXT2,4,TRAIN,Success
file_brain_AXT2_201_2010029/processed/slice_5.mat,file_brain_AXT2_201_2010029,AXT2,5,TRAIN,Success
file_brain_AXT2_201_2010029/processed/slice_6.mat,file_brain_AXT2_201_2010029,AXT2,6,TRAIN,Success
file_brain_AXT2_201_2010029/processed/slice_7.mat,file_brain_AXT2_201_2010029,AXT2,7,TRAIN,Success
file_brain_AXT2_201_2010029/processed/slice_8.mat,file_brain_AXT2_201_2010029,AXT2,8,TRAIN,Success
file_brain_AXT2_201_2010029/processed/slice_9.mat,file_brain_AXT2_201_2010029,AXT2,9,TRAIN,Success
file_brain_AXT2_201_2010029/processed/slice_10.mat,file_brain_AXT2_201_2010029,AXT2,10,TRAIN,Success
file_brain_AXT2_201_2010029/processed/slice_11.mat,file_brain_AXT2_201_2010029,AXT2,11,TRAIN,Success
file_brain_AXT2_201_2010029/processed/slice_12.mat,file_brain_AXT2_201_2010029,AXT2,12,TRAIN,Success
file_brain_AXT2_201_2010029/processed/slice_13.mat,file_brain_AXT2_201_2010029,AXT2,13,TRAIN,Success
file_brain_AXT2_201_2010029/processed/slice_14.mat,file_brain_AXT2_201_2010029,AXT2,14,TRAIN,Success
file_brain_AXT2_201_2010029/processed/slice_15.mat,file_brain_AXT2_201_2010029,AXT2,15,TRAIN,Success
file_brain_AXT2_201_2010029/processed/slice_16.mat,file_brain_AXT2_201_2010029,AXT2,16,TRAIN,Success
file_brain_AXT2_201_2010132/processed/slice_1.mat,file_brain_AXT2_201_2010132,AXT2,1,VAL,Success
file_brain_AXT2_201_2010132/processed/slice_2.mat,file_brain_AXT2_201_2010132,AXT2,2,VAL,Success
file_brain_AXT2_201_2010132/processed/slice_3.mat,file_brain_AXT2_201_2010132,AXT2,3,VAL,Success
file_brain_AXT2_201_2010132/processed/slice_4.mat,file_brain_AXT2_201_2010132,AXT2,4,VAL,Success
file_brain_AXT2_201_2010132/processed/slice_5.mat,file_brain_AXT2_201_2010132,AXT2,5,VAL,Success
file_brain_AXT2_201_2010132/processed/slice_6.mat,file_brain_AXT2_201_2010132,AXT2,6,VAL,Success
file_brain_AXT2_201_2010132/processed/slice_7.mat,file_brain_AXT2_201_2010132,AXT2,7,VAL,Success
file_brain_AXT2_201_2010132/processed/slice_8.mat,file_brain_AXT2_201_2010132,AXT2,8,VAL,Success
file_brain_AXT2_201_2010132/processed/slice_9.mat,file_brain_AXT2_201_2010132,AXT2,9,VAL,Success
file_brain_AXT2_201_2010132/processed/slice_10.mat,file_brain_AXT2_201_2010132,AXT2,10,VAL,Success
file_brain_AXT2_201_2010132/processed/slice_11.mat,file_brain_AXT2_201_2010132,AXT2,11,VAL,Success
file_brain_AXT2_201_2010132/processed/slice_12.mat,file_brain_AXT2_201_2010132,AXT2,12,VAL,Success
file_brain_AXT2_201_2010132/processed/slice_13.mat,file_brain_AXT2_201_2010132,AXT2,13,VAL,Success
file_brain_AXT2_201_2010132/processed/slice_14.mat,file_brain_AXT2_201_2010132,AXT2,14,VAL,Success
file_brain_AXT2_201_2010132/processed/slice_15.mat,file_brain_AXT2_201_2010132,AXT2,15,VAL,Success
file_brain_AXT2_201_2010132/processed/slice_16.mat,file_brain_AXT2_201_2010132,AXT2,16,VAL,Success
file_brain_AXT2_201_2010152/processed/slice_1.mat,file_brain_AXT2_201_2010152,AXT2,1,TRAIN,Success
file_brain_AXT2_201_2010152/processed/slice_2.mat,file_brain_AXT2_201_2010152,AXT2,2,TRAIN,Success
file_brain_AXT2_201_2010152/processed/slice_3.mat,file_brain_AXT2_201_2010152,AXT2,3,TRAIN,Success
file_brain_AXT2_201_2010152/processed/slice_4.mat,file_brain_AXT2_201_2010152,AXT2,4,TRAIN,Success
file_brain_AXT2_201_2010152/processed/slice_5.mat,file_brain_AXT2_201_2010152,AXT2,5,TRAIN,Success
file_brain_AXT2_201_2010152/processed/slice_6.mat,file_brain_AXT2_201_2010152,AXT2,6,TRAIN,Success
file_brain_AXT2_201_2010152/processed/slice_7.mat,file_brain_AXT2_201_2010152,AXT2,7,TRAIN,Success
file_brain_AXT2_201_2010152/processed/slice_8.mat,file_brain_AXT2_201_2010152,AXT2,8,TRAIN,Success
file_brain_AXT2_201_2010152/processed/slice_9.mat,file_brain_AXT2_201_2010152,AXT2,9,TRAIN,Success
file_brain_AXT2_201_2010152/processed/slice_10.mat,file_brain_AXT2_201_2010152,AXT2,10,TRAIN,Success
file_brain_AXT2_201_2010152/processed/slice_11.mat,file_brain_AXT2_201_2010152,AXT2,11,TRAIN,Success
file_brain_AXT2_201_2010152/processed/slice_12.mat,file_brain_AXT2_201_2010152,AXT2,12,TRAIN,Success
file_brain_AXT2_201_2010152/processed/slice_13.mat,file_brain_AXT2_201_2010152,AXT2,13,TRAIN,Success
file_brain_AXT2_201_2010152/processed/slice_14.mat,file_brain_AXT2_201_2010152,AXT2,14,TRAIN,Success
file_brain_AXT2_201_2010152/processed/slice_15.mat,file_brain_AXT2_201_2010152,AXT2,15,TRAIN,Success
file_brain_AXT2_201_2010152/processed/slice_16.mat,file_brain_AXT2_201_2010152,AXT2,16,TRAIN,Success
file_brain_AXT2_201_2010156/processed/slice_1.mat,file_brain_AXT2_201_2010156,AXT2,1,TRAIN,Success
file_brain_AXT2_201_2010156/processed/slice_2.mat,file_brain_AXT2_201_2010156,AXT2,2,TRAIN,Success
file_brain_AXT2_201_2010156/processed/slice_3.mat,file_brain_AXT2_201_2010156,AXT2,3,TRAIN,Success
file_brain_AXT2_201_2010156/processed/slice_4.mat,file_brain_AXT2_201_2010156,AXT2,4,TRAIN,Success
file_brain_AXT2_201_2010156/processed/slice_5.mat,file_brain_AXT2_201_2010156,AXT2,5,TRAIN,Success
file_brain_AXT2_201_2010156/processed/slice_6.mat,file_brain_AXT2_201_2010156,AXT2,6,TRAIN,Success
file_brain_AXT2_201_2010156/processed/slice_7.mat,file_brain_AXT2_201_2010156,AXT2,7,TRAIN,Success
file_brain_AXT2_201_2010156/processed/slice_8.mat,file_brain_AXT2_201_2010156,AXT2,8,TRAIN,Success
file_brain_AXT2_201_2010156/processed/slice_9.mat,file_brain_AXT2_201_2010156,AXT2,9,TRAIN,Success
file_brain_AXT2_201_2010156/processed/slice_10.mat,file_brain_AXT2_201_2010156,AXT2,10,TRAIN,Success
file_brain_AXT2_201_2010156/processed/slice_11.mat,file_brain_AXT2_201_2010156,AXT2,11,TRAIN,Success
file_brain_AXT2_201_2010156/processed/slice_12.mat,file_brain_AXT2_201_2010156,AXT2,12,TRAIN,Success
file_brain_AXT2_201_2010156/processed/slice_13.mat,file_brain_AXT2_201_2010156,AXT2,13,TRAIN,Success
file_brain_AXT2_201_2010156/processed/slice_14.mat,file_brain_AXT2_201_2010156,AXT2,14,TRAIN,Success
file_brain_AXT2_201_2010156/processed/slice_15.mat,file_brain_AXT2_201_2010156,AXT2,15,TRAIN,Success
file_brain_AXT2_201_2010156/processed/slice_16.mat,file_brain_AXT2_201_2010156,AXT2,16,TRAIN,Success
file_brain_AXT2_201_2010168/processed/slice_1.mat,file_brain_AXT2_201_2010168,AXT2,1,TRAIN,Success
file_brain_AXT2_201_2010168/processed/slice_2.mat,file_brain_AXT2_201_2010168,AXT2,2,TRAIN,Success
file_brain_AXT2_201_2010168/processed/slice_3.mat,file_brain_AXT2_201_2010168,AXT2,3,TRAIN,Success
file_brain_AXT2_201_2010168/processed/slice_4.mat,file_brain_AXT2_201_2010168,AXT2,4,TRAIN,Success
file_brain_AXT2_201_2010168/processed/slice_5.mat,file_brain_AXT2_201_2010168,AXT2,5,TRAIN,Success
file_brain_AXT2_201_2010168/processed/slice_6.mat,file_brain_AXT2_201_2010168,AXT2,6,TRAIN,Success
file_brain_AXT2_201_2010168/processed/slice_7.mat,file_brain_AXT2_201_2010168,AXT2,7,TRAIN,Success
file_brain_AXT2_201_2010168/processed/slice_8.mat,file_brain_AXT2_201_2010168,AXT2,8,TRAIN,Success
file_brain_AXT2_201_2010168/processed/slice_9.mat,file_brain_AXT2_201_2010168,AXT2,9,TRAIN,Success
file_brain_AXT2_201_2010168/processed/slice_10.mat,file_brain_AXT2_201_2010168,AXT2,10,TRAIN,Success
file_brain_AXT2_201_2010168/processed/slice_11.mat,file_brain_AXT2_201_2010168,AXT2,11,TRAIN,Success
file_brain_AXT2_201_2010168/processed/slice_12.mat,file_brain_AXT2_201_2010168,AXT2,12,TRAIN,Success
file_brain_AXT2_201_2010168/processed/slice_13.mat,file_brain_AXT2_201_2010168,AXT2,13,TRAIN,Success
file_brain_AXT2_201_2010168/processed/slice_14.mat,file_brain_AXT2_201_2010168,AXT2,14,TRAIN,Success
file_brain_AXT2_201_2010168/processed/slice_15.mat,file_brain_AXT2_201_2010168,AXT2,15,TRAIN,Success
file_brain_AXT2_201_2010168/processed/slice_16.mat,file_brain_AXT2_201_2010168,AXT2,16,TRAIN,Success
file_brain_AXT2_201_2010174/processed/slice_1.mat,file_brain_AXT2_201_2010174,AXT2,1,TRAIN,Success
file_brain_AXT2_201_2010174/processed/slice_2.mat,file_brain_AXT2_201_2010174,AXT2,2,TRAIN,Success
file_brain_AXT2_201_2010174/processed/slice_3.mat,file_brain_AXT2_201_2010174,AXT2,3,TRAIN,Success
file_brain_AXT2_201_2010174/processed/slice_4.mat,file_brain_AXT2_201_2010174,AXT2,4,TRAIN,Success
file_brain_AXT2_201_2010174/processed/slice_5.mat,file_brain_AXT2_201_2010174,AXT2,5,TRAIN,Success
file_brain_AXT2_201_2010174/processed/slice_6.mat,file_brain_AXT2_201_2010174,AXT2,6,TRAIN,Success
file_brain_AXT2_201_2010174/processed/slice_7.mat,file_brain_AXT2_201_2010174,AXT2,7,TRAIN,Success
file_brain_AXT2_201_2010174/processed/slice_8.mat,file_brain_AXT2_201_2010174,AXT2,8,TRAIN,Success
file_brain_AXT2_201_2010174/processed/slice_9.mat,file_brain_AXT2_201_2010174,AXT2,9,TRAIN,Success
file_brain_AXT2_201_2010174/processed/slice_10.mat,file_brain_AXT2_201_2010174,AXT2,10,TRAIN,Success
file_brain_AXT2_201_2010174/processed/slice_11.mat,file_brain_AXT2_201_2010174,AXT2,11,TRAIN,Success
file_brain_AXT2_201_2010174/processed/slice_12.mat,file_brain_AXT2_201_2010174,AXT2,12,TRAIN,Success
file_brain_AXT2_201_2010174/processed/slice_13.mat,file_brain_AXT2_201_2010174,AXT2,13,TRAIN,Success
file_brain_AXT2_201_2010174/processed/slice_14.mat,file_brain_AXT2_201_2010174,AXT2,14,TRAIN,Success
file_brain_AXT2_201_2010174/processed/slice_15.mat,file_brain_AXT2_201_2010174,AXT2,15,TRAIN,Success
file_brain_AXT2_201_2010174/processed/slice_16.mat,file_brain_AXT2_201_2010174,AXT2,16,TRAIN,Success
file_brain_AXT2_201_2010177/processed/slice_1.mat,file_brain_AXT2_201_2010177,AXT2,1,VAL,Success
file_brain_AXT2_201_2010177/processed/slice_2.mat,file_brain_AXT2_201_2010177,AXT2,2,VAL,Success
file_brain_AXT2_201_2010177/processed/slice_3.mat,file_brain_AXT2_201_2010177,AXT2,3,VAL,Success
file_brain_AXT2_201_2010177/processed/slice_4.mat,file_brain_AXT2_201_2010177,AXT2,4,VAL,Success
file_brain_AXT2_201_2010177/processed/slice_5.mat,file_brain_AXT2_201_2010177,AXT2,5,VAL,Success
file_brain_AXT2_201_2010177/processed/slice_6.mat,file_brain_AXT2_201_2010177,AXT2,6,VAL,Success
file_brain_AXT2_201_2010177/processed/slice_7.mat,file_brain_AXT2_201_2010177,AXT2,7,VAL,Success
file_brain_AXT2_201_2010177/processed/slice_8.mat,file_brain_AXT2_201_2010177,AXT2,8,VAL,Success
file_brain_AXT2_201_2010177/processed/slice_9.mat,file_brain_AXT2_201_2010177,AXT2,9,VAL,Success
file_brain_AXT2_201_2010177/processed/slice_10.mat,file_brain_AXT2_201_2010177,AXT2,10,VAL,Success
file_brain_AXT2_201_2010177/processed/slice_11.mat,file_brain_AXT2_201_2010177,AXT2,11,VAL,Success
file_brain_AXT2_201_2010177/processed/slice_12.mat,file_brain_AXT2_201_2010177,AXT2,12,VAL,Success
file_brain_AXT2_201_2010177/processed/slice_13.mat,file_brain_AXT2_201_2010177,AXT2,13,VAL,Success
file_brain_AXT2_201_2010177/processed/slice_14.mat,file_brain_AXT2_201_2010177,AXT2,14,VAL,Success
file_brain_AXT2_201_2010177/processed/slice_15.mat,file_brain_AXT2_201_2010177,AXT2,15,VAL,Success
file_brain_AXT2_201_2010177/processed/slice_16.mat,file_brain_AXT2_201_2010177,AXT2,16,VAL,Success
file_brain_AXT2_201_2010201/processed/slice_1.mat,file_brain_AXT2_201_2010201,AXT2,1,TRAIN,Success
file_brain_AXT2_201_2010201/processed/slice_2.mat,file_brain_AXT2_201_2010201,AXT2,2,TRAIN,Success
file_brain_AXT2_201_2010201/processed/slice_3.mat,file_brain_AXT2_201_2010201,AXT2,3,TRAIN,Success
file_brain_AXT2_201_2010201/processed/slice_4.mat,file_brain_AXT2_201_2010201,AXT2,4,TRAIN,Success
file_brain_AXT2_201_2010201/processed/slice_5.mat,file_brain_AXT2_201_2010201,AXT2,5,TRAIN,Success
file_brain_AXT2_201_2010201/processed/slice_6.mat,file_brain_AXT2_201_2010201,AXT2,6,TRAIN,Success
file_brain_AXT2_201_2010201/processed/slice_7.mat,file_brain_AXT2_201_2010201,AXT2,7,TRAIN,Success
file_brain_AXT2_201_2010201/processed/slice_8.mat,file_brain_AXT2_201_2010201,AXT2,8,TRAIN,Success
file_brain_AXT2_201_2010201/processed/slice_9.mat,file_brain_AXT2_201_2010201,AXT2,9,TRAIN,Success
file_brain_AXT2_201_2010201/processed/slice_10.mat,file_brain_AXT2_201_2010201,AXT2,10,TRAIN,Success
file_brain_AXT2_201_2010201/processed/slice_11.mat,file_brain_AXT2_201_2010201,AXT2,11,TRAIN,Success
file_brain_AXT2_201_2010201/processed/slice_12.mat,file_brain_AXT2_201_2010201,AXT2,12,TRAIN,Success
file_brain_AXT2_201_2010201/processed/slice_13.mat,file_brain_AXT2_201_2010201,AXT2,13,TRAIN,Success
file_brain_AXT2_201_2010201/processed/slice_14.mat,file_brain_AXT2_201_2010201,AXT2,14,TRAIN,Success
file_brain_AXT2_201_2010201/processed/slice_15.mat,file_brain_AXT2_201_2010201,AXT2,15,TRAIN,Success
file_brain_AXT2_201_2010201/processed/slice_16.mat,file_brain_AXT2_201_2010201,AXT2,16,TRAIN,Success
file_brain_AXT2_201_2010239/processed/slice_1.mat,file_brain_AXT2_201_2010239,AXT2,1,TRAIN,Success
file_brain_AXT2_201_2010239/processed/slice_2.mat,file_brain_AXT2_201_2010239,AXT2,2,TRAIN,Success
file_brain_AXT2_201_2010239/processed/slice_3.mat,file_brain_AXT2_201_2010239,AXT2,3,TRAIN,Success
file_brain_AXT2_201_2010239/processed/slice_4.mat,file_brain_AXT2_201_2010239,AXT2,4,TRAIN,Success
file_brain_AXT2_201_2010239/processed/slice_5.mat,file_brain_AXT2_201_2010239,AXT2,5,TRAIN,Success
file_brain_AXT2_201_2010239/processed/slice_6.mat,file_brain_AXT2_201_2010239,AXT2,6,TRAIN,Success
file_brain_AXT2_201_2010239/processed/slice_7.mat,file_brain_AXT2_201_2010239,AXT2,7,TRAIN,Success
file_brain_AXT2_201_2010239/processed/slice_8.mat,file_brain_AXT2_201_2010239,AXT2,8,TRAIN,Success
file_brain_AXT2_201_2010239/processed/slice_9.mat,file_brain_AXT2_201_2010239,AXT2,9,TRAIN,Success
file_brain_AXT2_201_2010239/processed/slice_10.mat,file_brain_AXT2_201_2010239,AXT2,10,TRAIN,Success
file_brain_AXT2_201_2010239/processed/slice_11.mat,file_brain_AXT2_201_2010239,AXT2,11,TRAIN,Success
file_brain_AXT2_201_2010239/processed/slice_12.mat,file_brain_AXT2_201_2010239,AXT2,12,TRAIN,Success
file_brain_AXT2_201_2010239/processed/slice_13.mat,file_brain_AXT2_201_2010239,AXT2,13,TRAIN,Success
file_brain_AXT2_201_2010239/processed/slice_14.mat,file_brain_AXT2_201_2010239,AXT2,14,TRAIN,Success
file_brain_AXT2_201_2010239/processed/slice_15.mat,file_brain_AXT2_201_2010239,AXT2,15,TRAIN,Success
file_brain_AXT2_201_2010239/processed/slice_16.mat,file_brain_AXT2_201_2010239,AXT2,16,TRAIN,Success
file_brain_AXT2_201_2010241/processed/slice_1.mat,file_brain_AXT2_201_2010241,AXT2,1,TRAIN,Success
file_brain_AXT2_201_2010241/processed/slice_2.mat,file_brain_AXT2_201_2010241,AXT2,2,TRAIN,Success
file_brain_AXT2_201_2010241/processed/slice_3.mat,file_brain_AXT2_201_2010241,AXT2,3,TRAIN,Success
file_brain_AXT2_201_2010241/processed/slice_4.mat,file_brain_AXT2_201_2010241,AXT2,4,TRAIN,Success
file_brain_AXT2_201_2010241/processed/slice_5.mat,file_brain_AXT2_201_2010241,AXT2,5,TRAIN,Success
file_brain_AXT2_201_2010241/processed/slice_6.mat,file_brain_AXT2_201_2010241,AXT2,6,TRAIN,Success
file_brain_AXT2_201_2010241/processed/slice_7.mat,file_brain_AXT2_201_2010241,AXT2,7,TRAIN,Success
file_brain_AXT2_201_2010241/processed/slice_8.mat,file_brain_AXT2_201_2010241,AXT2,8,TRAIN,Success
file_brain_AXT2_201_2010241/processed/slice_9.mat,file_brain_AXT2_201_2010241,AXT2,9,TRAIN,Success
file_brain_AXT2_201_2010241/processed/slice_10.mat,file_brain_AXT2_201_2010241,AXT2,10,TRAIN,Success
file_brain_AXT2_201_2010241/processed/slice_11.mat,file_brain_AXT2_201_2010241,AXT2,11,TRAIN,Success
file_brain_AXT2_201_2010241/processed/slice_12.mat,file_brain_AXT2_201_2010241,AXT2,12,TRAIN,Success
file_brain_AXT2_201_2010241/processed/slice_13.mat,file_brain_AXT2_201_2010241,AXT2,13,TRAIN,Success
file_brain_AXT2_201_2010241/processed/slice_14.mat,file_brain_AXT2_201_2010241,AXT2,14,TRAIN,Success
file_brain_AXT2_201_2010241/processed/slice_15.mat,file_brain_AXT2_201_2010241,AXT2,15,TRAIN,Success
file_brain_AXT2_201_2010241/processed/slice_16.mat,file_brain_AXT2_201_2010241,AXT2,16,TRAIN,Success
file_brain_AXT2_201_2010261/processed/slice_1.mat,file_brain_AXT2_201_2010261,AXT2,1,TRAIN,Success
file_brain_AXT2_201_2010261/processed/slice_2.mat,file_brain_AXT2_201_2010261,AXT2,2,TRAIN,Success
file_brain_AXT2_201_2010261/processed/slice_3.mat,file_brain_AXT2_201_2010261,AXT2,3,TRAIN,Success
file_brain_AXT2_201_2010261/processed/slice_4.mat,file_brain_AXT2_201_2010261,AXT2,4,TRAIN,Success
file_brain_AXT2_201_2010261/processed/slice_5.mat,file_brain_AXT2_201_2010261,AXT2,5,TRAIN,Success
file_brain_AXT2_201_2010261/processed/slice_6.mat,file_brain_AXT2_201_2010261,AXT2,6,TRAIN,Success
file_brain_AXT2_201_2010261/processed/slice_7.mat,file_brain_AXT2_201_2010261,AXT2,7,TRAIN,Success
file_brain_AXT2_201_2010261/processed/slice_8.mat,file_brain_AXT2_201_2010261,AXT2,8,TRAIN,Success
file_brain_AXT2_201_2010261/processed/slice_9.mat,file_brain_AXT2_201_2010261,AXT2,9,TRAIN,Success
file_brain_AXT2_201_2010261/processed/slice_10.mat,file_brain_AXT2_201_2010261,AXT2,10,TRAIN,Success
file_brain_AXT2_201_2010261/processed/slice_11.mat,file_brain_AXT2_201_2010261,AXT2,11,TRAIN,Success
file_brain_AXT2_201_2010261/processed/slice_12.mat,file_brain_AXT2_201_2010261,AXT2,12,TRAIN,Success
file_brain_AXT2_201_2010261/processed/slice_13.mat,file_brain_AXT2_201_2010261,AXT2,13,TRAIN,Success
file_brain_AXT2_201_2010261/processed/slice_14.mat,file_brain_AXT2_201_2010261,AXT2,14,TRAIN,Success
file_brain_AXT2_201_2010261/processed/slice_15.mat,file_brain_AXT2_201_2010261,AXT2,15,TRAIN,Success
file_brain_AXT2_201_2010261/processed/slice_16.mat,file_brain_AXT2_201_2010261,AXT2,16,TRAIN,Success
file_brain_AXT2_201_2010323/processed/slice_1.mat,file_brain_AXT2_201_2010323,AXT2,1,TEST,Success
file_brain_AXT2_201_2010323/processed/slice_2.mat,file_brain_AXT2_201_2010323,AXT2,2,TEST,Success
file_brain_AXT2_201_2010323/processed/slice_3.mat,file_brain_AXT2_201_2010323,AXT2,3,TEST,Success
file_brain_AXT2_201_2010323/processed/slice_4.mat,file_brain_AXT2_201_2010323,AXT2,4,TEST,Success
file_brain_AXT2_201_2010323/processed/slice_5.mat,file_brain_AXT2_201_2010323,AXT2,5,TEST,Success
file_brain_AXT2_201_2010323/processed/slice_6.mat,file_brain_AXT2_201_2010323,AXT2,6,TEST,Success
file_brain_AXT2_201_2010323/processed/slice_7.mat,file_brain_AXT2_201_2010323,AXT2,7,TEST,Success
file_brain_AXT2_201_2010323/processed/slice_8.mat,file_brain_AXT2_201_2010323,AXT2,8,TEST,Success
file_brain_AXT2_201_2010323/processed/slice_9.mat,file_brain_AXT2_201_2010323,AXT2,9,TEST,Success
file_brain_AXT2_201_2010323/processed/slice_10.mat,file_brain_AXT2_201_2010323,AXT2,10,TEST,Success
file_brain_AXT2_201_2010323/processed/slice_11.mat,file_brain_AXT2_201_2010323,AXT2,11,TEST,Success
file_brain_AXT2_201_2010323/processed/slice_12.mat,file_brain_AXT2_201_2010323,AXT2,12,TEST,Success
file_brain_AXT2_201_2010323/processed/slice_13.mat,file_brain_AXT2_201_2010323,AXT2,13,TEST,Success
file_brain_AXT2_201_2010323/processed/slice_14.mat,file_brain_AXT2_201_2010323,AXT2,14,TEST,Success
file_brain_AXT2_201_2010323/processed/slice_15.mat,file_brain_AXT2_201_2010323,AXT2,15,TEST,Success
file_brain_AXT2_201_2010323/processed/slice_16.mat,file_brain_AXT2_201_2010323,AXT2,16,TEST,Success
file_brain_AXT2_201_2010332/processed/slice_1.mat,file_brain_AXT2_201_2010332,AXT2,1,TEST,Success
file_brain_AXT2_201_2010332/processed/slice_2.mat,file_brain_AXT2_201_2010332,AXT2,2,TEST,Success
file_brain_AXT2_201_2010332/processed/slice_3.mat,file_brain_AXT2_201_2010332,AXT2,3,TEST,Success
file_brain_AXT2_201_2010332/processed/slice_4.mat,file_brain_AXT2_201_2010332,AXT2,4,TEST,Success
file_brain_AXT2_201_2010332/processed/slice_5.mat,file_brain_AXT2_201_2010332,AXT2,5,TEST,Success
file_brain_AXT2_201_2010332/processed/slice_6.mat,file_brain_AXT2_201_2010332,AXT2,6,TEST,Success
file_brain_AXT2_201_2010332/processed/slice_7.mat,file_brain_AXT2_201_2010332,AXT2,7,TEST,Success
file_brain_AXT2_201_2010332/processed/slice_8.mat,file_brain_AXT2_201_2010332,AXT2,8,TEST,Success
file_brain_AXT2_201_2010332/processed/slice_9.mat,file_brain_AXT2_201_2010332,AXT2,9,TEST,Success
file_brain_AXT2_201_2010332/processed/slice_10.mat,file_brain_AXT2_201_2010332,AXT2,10,TEST,Success
file_brain_AXT2_201_2010332/processed/slice_11.mat,file_brain_AXT2_201_2010332,AXT2,11,TEST,Success
file_brain_AXT2_201_2010332/processed/slice_12.mat,file_brain_AXT2_201_2010332,AXT2,12,TEST,Success
file_brain_AXT2_201_2010332/processed/slice_13.mat,file_brain_AXT2_201_2010332,AXT2,13,TEST,Success
file_brain_AXT2_201_2010332/processed/slice_14.mat,file_brain_AXT2_201_2010332,AXT2,14,TEST,Success
file_brain_AXT2_201_2010332/processed/slice_15.mat,file_brain_AXT2_201_2010332,AXT2,15,TEST,Success
file_brain_AXT2_201_2010332/processed/slice_16.mat,file_brain_AXT2_201_2010332,AXT2,16,TEST,Success
file_brain_AXT2_201_2010338/processed/slice_1.mat,file_brain_AXT2_201_2010338,AXT2,1,TEST,Success
file_brain_AXT2_201_2010338/processed/slice_2.mat,file_brain_AXT2_201_2010338,AXT2,2,TEST,Success
file_brain_AXT2_201_2010338/processed/slice_3.mat,file_brain_AXT2_201_2010338,AXT2,3,TEST,Success
file_brain_AXT2_201_2010338/processed/slice_4.mat,file_brain_AXT2_201_2010338,AXT2,4,TEST,Success
file_brain_AXT2_201_2010338/processed/slice_5.mat,file_brain_AXT2_201_2010338,AXT2,5,TEST,Success
file_brain_AXT2_201_2010338/processed/slice_6.mat,file_brain_AXT2_201_2010338,AXT2,6,TEST,Success
file_brain_AXT2_201_2010338/processed/slice_7.mat,file_brain_AXT2_201_2010338,AXT2,7,TEST,Success
file_brain_AXT2_201_2010338/processed/slice_8.mat,file_brain_AXT2_201_2010338,AXT2,8,TEST,Success
file_brain_AXT2_201_2010338/processed/slice_9.mat,file_brain_AXT2_201_2010338,AXT2,9,TEST,Success
file_brain_AXT2_201_2010338/processed/slice_10.mat,file_brain_AXT2_201_2010338,AXT2,10,TEST,Success
file_brain_AXT2_201_2010338/processed/slice_11.mat,file_brain_AXT2_201_2010338,AXT2,11,TEST,Success
file_brain_AXT2_201_2010338/processed/slice_12.mat,file_brain_AXT2_201_2010338,AXT2,12,TEST,Success
file_brain_AXT2_201_2010338/processed/slice_13.mat,file_brain_AXT2_201_2010338,AXT2,13,TEST,Success
file_brain_AXT2_201_2010338/processed/slice_14.mat,file_brain_AXT2_201_2010338,AXT2,14,TEST,Success
file_brain_AXT2_201_2010338/processed/slice_15.mat,file_brain_AXT2_201_2010338,AXT2,15,TEST,Success
file_brain_AXT2_201_2010338/processed/slice_16.mat,file_brain_AXT2_201_2010338,AXT2,16,TEST,Success
file_brain_AXT2_201_2010348/processed/slice_1.mat,file_brain_AXT2_201_2010348,AXT2,1,TRAIN,Success
file_brain_AXT2_201_2010348/processed/slice_2.mat,file_brain_AXT2_201_2010348,AXT2,2,TRAIN,Success
file_brain_AXT2_201_2010348/processed/slice_3.mat,file_brain_AXT2_201_2010348,AXT2,3,TRAIN,Success
file_brain_AXT2_201_2010348/processed/slice_4.mat,file_brain_AXT2_201_2010348,AXT2,4,TRAIN,Success
file_brain_AXT2_201_2010348/processed/slice_5.mat,file_brain_AXT2_201_2010348,AXT2,5,TRAIN,Success
file_brain_AXT2_201_2010348/processed/slice_6.mat,file_brain_AXT2_201_2010348,AXT2,6,TRAIN,Success
file_brain_AXT2_201_2010348/processed/slice_7.mat,file_brain_AXT2_201_2010348,AXT2,7,TRAIN,Success
file_brain_AXT2_201_2010348/processed/slice_8.mat,file_brain_AXT2_201_2010348,AXT2,8,TRAIN,Success
file_brain_AXT2_201_2010348/processed/slice_9.mat,file_brain_AXT2_201_2010348,AXT2,9,TRAIN,Success
file_brain_AXT2_201_2010348/processed/slice_10.mat,file_brain_AXT2_201_2010348,AXT2,10,TRAIN,Success
file_brain_AXT2_201_2010348/processed/slice_11.mat,file_brain_AXT2_201_2010348,AXT2,11,TRAIN,Success
file_brain_AXT2_201_2010348/processed/slice_12.mat,file_brain_AXT2_201_2010348,AXT2,12,TRAIN,Success
file_brain_AXT2_201_2010348/processed/slice_13.mat,file_brain_AXT2_201_2010348,AXT2,13,TRAIN,Success
file_brain_AXT2_201_2010348/processed/slice_14.mat,file_brain_AXT2_201_2010348,AXT2,14,TRAIN,Success
file_brain_AXT2_201_2010348/processed/slice_15.mat,file_brain_AXT2_201_2010348,AXT2,15,TRAIN,Success
file_brain_AXT2_201_2010348/processed/slice_16.mat,file_brain_AXT2_201_2010348,AXT2,16,TRAIN,Success
file_brain_AXT2_201_2010398/processed/slice_1.mat,file_brain_AXT2_201_2010398,AXT2,1,TRAIN,Success
file_brain_AXT2_201_2010398/processed/slice_2.mat,file_brain_AXT2_201_2010398,AXT2,2,TRAIN,Success
file_brain_AXT2_201_2010398/processed/slice_3.mat,file_brain_AXT2_201_2010398,AXT2,3,TRAIN,Success
file_brain_AXT2_201_2010398/processed/slice_4.mat,file_brain_AXT2_201_2010398,AXT2,4,TRAIN,Success
file_brain_AXT2_201_2010398/processed/slice_5.mat,file_brain_AXT2_201_2010398,AXT2,5,TRAIN,Success
file_brain_AXT2_201_2010398/processed/slice_6.mat,file_brain_AXT2_201_2010398,AXT2,6,TRAIN,Success
file_brain_AXT2_201_2010398/processed/slice_7.mat,file_brain_AXT2_201_2010398,AXT2,7,TRAIN,Success
file_brain_AXT2_201_2010398/processed/slice_8.mat,file_brain_AXT2_201_2010398,AXT2,8,TRAIN,Success
file_brain_AXT2_201_2010398/processed/slice_9.mat,file_brain_AXT2_201_2010398,AXT2,9,TRAIN,Success
file_brain_AXT2_201_2010398/processed/slice_10.mat,file_brain_AXT2_201_2010398,AXT2,10,TRAIN,Success
file_brain_AXT2_201_2010398/processed/slice_11.mat,file_brain_AXT2_201_2010398,AXT2,11,TRAIN,Success
file_brain_AXT2_201_2010398/processed/slice_12.mat,file_brain_AXT2_201_2010398,AXT2,12,TRAIN,Success
file_brain_AXT2_201_2010398/processed/slice_13.mat,file_brain_AXT2_201_2010398,AXT2,13,TRAIN,Success
file_brain_AXT2_201_2010398/processed/slice_14.mat,file_brain_AXT2_201_2010398,AXT2,14,TRAIN,Success
file_brain_AXT2_201_2010398/processed/slice_15.mat,file_brain_AXT2_201_2010398,AXT2,15,TRAIN,Success
file_brain_AXT2_201_2010398/processed/slice_16.mat,file_brain_AXT2_201_2010398,AXT2,16,TRAIN,Success
file_brain_AXT2_201_2010416/processed/slice_1.mat,file_brain_AXT2_201_2010416,AXT2,1,TEST,Success
file_brain_AXT2_201_2010416/processed/slice_2.mat,file_brain_AXT2_201_2010416,AXT2,2,TEST,Success
file_brain_AXT2_201_2010416/processed/slice_3.mat,file_brain_AXT2_201_2010416,AXT2,3,TEST,Success
file_brain_AXT2_201_2010416/processed/slice_4.mat,file_brain_AXT2_201_2010416,AXT2,4,TEST,Success
file_brain_AXT2_201_2010416/processed/slice_5.mat,file_brain_AXT2_201_2010416,AXT2,5,TEST,Success
file_brain_AXT2_201_2010416/processed/slice_6.mat,file_brain_AXT2_201_2010416,AXT2,6,TEST,Success
file_brain_AXT2_201_2010416/processed/slice_7.mat,file_brain_AXT2_201_2010416,AXT2,7,TEST,Success
file_brain_AXT2_201_2010416/processed/slice_8.mat,file_brain_AXT2_201_2010416,AXT2,8,TEST,Success
file_brain_AXT2_201_2010416/processed/slice_9.mat,file_brain_AXT2_201_2010416,AXT2,9,TEST,Success
file_brain_AXT2_201_2010416/processed/slice_10.mat,file_brain_AXT2_201_2010416,AXT2,10,TEST,Success
file_brain_AXT2_201_2010416/processed/slice_11.mat,file_brain_AXT2_201_2010416,AXT2,11,TEST,Success
file_brain_AXT2_201_2010416/processed/slice_12.mat,file_brain_AXT2_201_2010416,AXT2,12,TEST,Success
file_brain_AXT2_201_2010416/processed/slice_13.mat,file_brain_AXT2_201_2010416,AXT2,13,TEST,Success
file_brain_AXT2_201_2010416/processed/slice_14.mat,file_brain_AXT2_201_2010416,AXT2,14,TEST,Success
file_brain_AXT2_201_2010416/processed/slice_15.mat,file_brain_AXT2_201_2010416,AXT2,15,TEST,Success
file_brain_AXT2_201_2010416/processed/slice_16.mat,file_brain_AXT2_201_2010416,AXT2,16,TEST,Success
file_brain_AXT2_201_2010455/processed/slice_1.mat,file_brain_AXT2_201_2010455,AXT2,1,TRAIN,Success
file_brain_AXT2_201_2010455/processed/slice_2.mat,file_brain_AXT2_201_2010455,AXT2,2,TRAIN,Success
file_brain_AXT2_201_2010455/processed/slice_3.mat,file_brain_AXT2_201_2010455,AXT2,3,TRAIN,Success
file_brain_AXT2_201_2010455/processed/slice_4.mat,file_brain_AXT2_201_2010455,AXT2,4,TRAIN,Success
file_brain_AXT2_201_2010455/processed/slice_5.mat,file_brain_AXT2_201_2010455,AXT2,5,TRAIN,Success
file_brain_AXT2_201_2010455/processed/slice_6.mat,file_brain_AXT2_201_2010455,AXT2,6,TRAIN,Success
file_brain_AXT2_201_2010455/processed/slice_7.mat,file_brain_AXT2_201_2010455,AXT2,7,TRAIN,Success
file_brain_AXT2_201_2010455/processed/slice_8.mat,file_brain_AXT2_201_2010455,AXT2,8,TRAIN,Success
file_brain_AXT2_201_2010455/processed/slice_9.mat,file_brain_AXT2_201_2010455,AXT2,9,TRAIN,Success
file_brain_AXT2_201_2010455/processed/slice_10.mat,file_brain_AXT2_201_2010455,AXT2,10,TRAIN,Success
file_brain_AXT2_201_2010455/processed/slice_11.mat,file_brain_AXT2_201_2010455,AXT2,11,TRAIN,Success
file_brain_AXT2_201_2010455/processed/slice_12.mat,file_brain_AXT2_201_2010455,AXT2,12,TRAIN,Success
file_brain_AXT2_201_2010455/processed/slice_13.mat,file_brain_AXT2_201_2010455,AXT2,13,TRAIN,Success
file_brain_AXT2_201_2010455/processed/slice_14.mat,file_brain_AXT2_201_2010455,AXT2,14,TRAIN,Success
file_brain_AXT2_201_2010455/processed/slice_15.mat,file_brain_AXT2_201_2010455,AXT2,15,TRAIN,Success
file_brain_AXT2_201_2010455/processed/slice_16.mat,file_brain_AXT2_201_2010455,AXT2,16,TRAIN,Success
file_brain_AXT2_201_2010519/processed/slice_1.mat,file_brain_AXT2_201_2010519,AXT2,1,TEST,Success
file_brain_AXT2_201_2010519/processed/slice_2.mat,file_brain_AXT2_201_2010519,AXT2,2,TEST,Success
file_brain_AXT2_201_2010519/processed/slice_3.mat,file_brain_AXT2_201_2010519,AXT2,3,TEST,Success
file_brain_AXT2_201_2010519/processed/slice_4.mat,file_brain_AXT2_201_2010519,AXT2,4,TEST,Success
file_brain_AXT2_201_2010519/processed/slice_5.mat,file_brain_AXT2_201_2010519,AXT2,5,TEST,Success
file_brain_AXT2_201_2010519/processed/slice_6.mat,file_brain_AXT2_201_2010519,AXT2,6,TEST,Success
file_brain_AXT2_201_2010519/processed/slice_7.mat,file_brain_AXT2_201_2010519,AXT2,7,TEST,Success
file_brain_AXT2_201_2010519/processed/slice_8.mat,file_brain_AXT2_201_2010519,AXT2,8,TEST,Success
file_brain_AXT2_201_2010519/processed/slice_9.mat,file_brain_AXT2_201_2010519,AXT2,9,TEST,Success
file_brain_AXT2_201_2010519/processed/slice_10.mat,file_brain_AXT2_201_2010519,AXT2,10,TEST,Success
file_brain_AXT2_201_2010519/processed/slice_11.mat,file_brain_AXT2_201_2010519,AXT2,11,TEST,Success
file_brain_AXT2_201_2010519/processed/slice_12.mat,file_brain_AXT2_201_2010519,AXT2,12,TEST,Success
file_brain_AXT2_201_2010519/processed/slice_13.mat,file_brain_AXT2_201_2010519,AXT2,13,TEST,Success
file_brain_AXT2_201_2010519/processed/slice_14.mat,file_brain_AXT2_201_2010519,AXT2,14,TEST,Success
file_brain_AXT2_201_2010519/processed/slice_15.mat,file_brain_AXT2_201_2010519,AXT2,15,TEST,Success
file_brain_AXT2_201_2010519/processed/slice_16.mat,file_brain_AXT2_201_2010519,AXT2,16,TEST,Success
file_brain_AXT2_201_2010532/processed/slice_1.mat,file_brain_AXT2_201_2010532,AXT2,1,TEST,Success
file_brain_AXT2_201_2010532/processed/slice_2.mat,file_brain_AXT2_201_2010532,AXT2,2,TEST,Success
file_brain_AXT2_201_2010532/processed/slice_3.mat,file_brain_AXT2_201_2010532,AXT2,3,TEST,Success
file_brain_AXT2_201_2010532/processed/slice_4.mat,file_brain_AXT2_201_2010532,AXT2,4,TEST,Success
file_brain_AXT2_201_2010532/processed/slice_5.mat,file_brain_AXT2_201_2010532,AXT2,5,TEST,Success
file_brain_AXT2_201_2010532/processed/slice_6.mat,file_brain_AXT2_201_2010532,AXT2,6,TEST,Success
file_brain_AXT2_201_2010532/processed/slice_7.mat,file_brain_AXT2_201_2010532,AXT2,7,TEST,Success
file_brain_AXT2_201_2010532/processed/slice_8.mat,file_brain_AXT2_201_2010532,AXT2,8,TEST,Success
file_brain_AXT2_201_2010532/processed/slice_9.mat,file_brain_AXT2_201_2010532,AXT2,9,TEST,Success
file_brain_AXT2_201_2010532/processed/slice_10.mat,file_brain_AXT2_201_2010532,AXT2,10,TEST,Success
file_brain_AXT2_201_2010532/processed/slice_11.mat,file_brain_AXT2_201_2010532,AXT2,11,TEST,Success
file_brain_AXT2_201_2010532/processed/slice_12.mat,file_brain_AXT2_201_2010532,AXT2,12,TEST,Success
file_brain_AXT2_201_2010532/processed/slice_13.mat,file_brain_AXT2_201_2010532,AXT2,13,TEST,Success
file_brain_AXT2_201_2010532/processed/slice_14.mat,file_brain_AXT2_201_2010532,AXT2,14,TEST,Success
file_brain_AXT2_201_2010532/processed/slice_15.mat,file_brain_AXT2_201_2010532,AXT2,15,TEST,Success
file_brain_AXT2_201_2010532/processed/slice_16.mat,file_brain_AXT2_201_2010532,AXT2,16,TEST,Success
file_brain_AXT2_201_2010571/processed/slice_1.mat,file_brain_AXT2_201_2010571,AXT2,1,VAL,Success
file_brain_AXT2_201_2010571/processed/slice_2.mat,file_brain_AXT2_201_2010571,AXT2,2,VAL,Success
file_brain_AXT2_201_2010571/processed/slice_3.mat,file_brain_AXT2_201_2010571,AXT2,3,VAL,Success
file_brain_AXT2_201_2010571/processed/slice_4.mat,file_brain_AXT2_201_2010571,AXT2,4,VAL,Success
file_brain_AXT2_201_2010571/processed/slice_5.mat,file_brain_AXT2_201_2010571,AXT2,5,VAL,Success
file_brain_AXT2_201_2010571/processed/slice_6.mat,file_brain_AXT2_201_2010571,AXT2,6,VAL,Success
file_brain_AXT2_201_2010571/processed/slice_7.mat,file_brain_AXT2_201_2010571,AXT2,7,VAL,Success
file_brain_AXT2_201_2010571/processed/slice_8.mat,file_brain_AXT2_201_2010571,AXT2,8,VAL,Success
file_brain_AXT2_201_2010571/processed/slice_9.mat,file_brain_AXT2_201_2010571,AXT2,9,VAL,Success
file_brain_AXT2_201_2010571/processed/slice_10.mat,file_brain_AXT2_201_2010571,AXT2,10,VAL,Success
file_brain_AXT2_201_2010571/processed/slice_11.mat,file_brain_AXT2_201_2010571,AXT2,11,VAL,Success
file_brain_AXT2_201_2010571/processed/slice_12.mat,file_brain_AXT2_201_2010571,AXT2,12,VAL,Success
file_brain_AXT2_201_2010571/processed/slice_13.mat,file_brain_AXT2_201_2010571,AXT2,13,VAL,Success
file_brain_AXT2_201_2010571/processed/slice_14.mat,file_brain_AXT2_201_2010571,AXT2,14,VAL,Success
file_brain_AXT2_201_2010571/processed/slice_15.mat,file_brain_AXT2_201_2010571,AXT2,15,VAL,Success
file_brain_AXT2_201_2010571/processed/slice_16.mat,file_brain_AXT2_201_2010571,AXT2,16,VAL,Success
file_brain_AXT2_201_2010585/processed/slice_1.mat,file_brain_AXT2_201_2010585,AXT2,1,TRAIN,Success
file_brain_AXT2_201_2010585/processed/slice_2.mat,file_brain_AXT2_201_2010585,AXT2,2,TRAIN,Success
file_brain_AXT2_201_2010585/processed/slice_3.mat,file_brain_AXT2_201_2010585,AXT2,3,TRAIN,Success
file_brain_AXT2_201_2010585/processed/slice_4.mat,file_brain_AXT2_201_2010585,AXT2,4,TRAIN,Success
file_brain_AXT2_201_2010585/processed/slice_5.mat,file_brain_AXT2_201_2010585,AXT2,5,TRAIN,Success
file_brain_AXT2_201_2010585/processed/slice_6.mat,file_brain_AXT2_201_2010585,AXT2,6,TRAIN,Success
file_brain_AXT2_201_2010585/processed/slice_7.mat,file_brain_AXT2_201_2010585,AXT2,7,TRAIN,Success
file_brain_AXT2_201_2010585/processed/slice_8.mat,file_brain_AXT2_201_2010585,AXT2,8,TRAIN,Success
file_brain_AXT2_201_2010585/processed/slice_9.mat,file_brain_AXT2_201_2010585,AXT2,9,TRAIN,Success
file_brain_AXT2_201_2010585/processed/slice_10.mat,file_brain_AXT2_201_2010585,AXT2,10,TRAIN,Success
file_brain_AXT2_201_2010585/processed/slice_11.mat,file_brain_AXT2_201_2010585,AXT2,11,TRAIN,Success
file_brain_AXT2_201_2010585/processed/slice_12.mat,file_brain_AXT2_201_2010585,AXT2,12,TRAIN,Success
file_brain_AXT2_201_2010585/processed/slice_13.mat,file_brain_AXT2_201_2010585,AXT2,13,TRAIN,Success
file_brain_AXT2_201_2010585/processed/slice_14.mat,file_brain_AXT2_201_2010585,AXT2,14,TRAIN,Success
file_brain_AXT2_201_2010585/processed/slice_15.mat,file_brain_AXT2_201_2010585,AXT2,15,TRAIN,Success
file_brain_AXT2_201_2010585/processed/slice_16.mat,file_brain_AXT2_201_2010585,AXT2,16,TRAIN,Success
file_brain_AXT2_201_2010588/processed/slice_1.mat,file_brain_AXT2_201_2010588,AXT2,1,TRAIN,Success
file_brain_AXT2_201_2010588/processed/slice_2.mat,file_brain_AXT2_201_2010588,AXT2,2,TRAIN,Success
file_brain_AXT2_201_2010588/processed/slice_3.mat,file_brain_AXT2_201_2010588,AXT2,3,TRAIN,Success
file_brain_AXT2_201_2010588/processed/slice_4.mat,file_brain_AXT2_201_2010588,AXT2,4,TRAIN,Success
file_brain_AXT2_201_2010588/processed/slice_5.mat,file_brain_AXT2_201_2010588,AXT2,5,TRAIN,Success
file_brain_AXT2_201_2010588/processed/slice_6.mat,file_brain_AXT2_201_2010588,AXT2,6,TRAIN,Success
file_brain_AXT2_201_2010588/processed/slice_7.mat,file_brain_AXT2_201_2010588,AXT2,7,TRAIN,Success
file_brain_AXT2_201_2010588/processed/slice_8.mat,file_brain_AXT2_201_2010588,AXT2,8,TRAIN,Success
file_brain_AXT2_201_2010588/processed/slice_9.mat,file_brain_AXT2_201_2010588,AXT2,9,TRAIN,Success
file_brain_AXT2_201_2010588/processed/slice_10.mat,file_brain_AXT2_201_2010588,AXT2,10,TRAIN,Success
file_brain_AXT2_201_2010588/processed/slice_11.mat,file_brain_AXT2_201_2010588,AXT2,11,TRAIN,Success
file_brain_AXT2_201_2010588/processed/slice_12.mat,file_brain_AXT2_201_2010588,AXT2,12,TRAIN,Success
file_brain_AXT2_201_2010588/processed/slice_13.mat,file_brain_AXT2_201_2010588,AXT2,13,TRAIN,Success
file_brain_AXT2_201_2010588/processed/slice_14.mat,file_brain_AXT2_201_2010588,AXT2,14,TRAIN,Success
file_brain_AXT2_201_2010588/processed/slice_15.mat,file_brain_AXT2_201_2010588,AXT2,15,TRAIN,Success
file_brain_AXT2_201_2010588/processed/slice_16.mat,file_brain_AXT2_201_2010588,AXT2,16,TRAIN,Success
file_brain_AXT2_201_2010590/processed/slice_1.mat,file_brain_AXT2_201_2010590,AXT2,1,VAL,Success
file_brain_AXT2_201_2010590/processed/slice_2.mat,file_brain_AXT2_201_2010590,AXT2,2,VAL,Success
file_brain_AXT2_201_2010590/processed/slice_3.mat,file_brain_AXT2_201_2010590,AXT2,3,VAL,Success
file_brain_AXT2_201_2010590/processed/slice_4.mat,file_brain_AXT2_201_2010590,AXT2,4,VAL,Success
file_brain_AXT2_201_2010590/processed/slice_5.mat,file_brain_AXT2_201_2010590,AXT2,5,VAL,Success
file_brain_AXT2_201_2010590/processed/slice_6.mat,file_brain_AXT2_201_2010590,AXT2,6,VAL,Success
file_brain_AXT2_201_2010590/processed/slice_7.mat,file_brain_AXT2_201_2010590,AXT2,7,VAL,Success
file_brain_AXT2_201_2010590/processed/slice_8.mat,file_brain_AXT2_201_2010590,AXT2,8,VAL,Success
file_brain_AXT2_201_2010590/processed/slice_9.mat,file_brain_AXT2_201_2010590,AXT2,9,VAL,Success
file_brain_AXT2_201_2010590/processed/slice_10.mat,file_brain_AXT2_201_2010590,AXT2,10,VAL,Success
file_brain_AXT2_201_2010590/processed/slice_11.mat,file_brain_AXT2_201_2010590,AXT2,11,VAL,Success
file_brain_AXT2_201_2010590/processed/slice_12.mat,file_brain_AXT2_201_2010590,AXT2,12,VAL,Success
file_brain_AXT2_201_2010590/processed/slice_13.mat,file_brain_AXT2_201_2010590,AXT2,13,VAL,Success
file_brain_AXT2_201_2010590/processed/slice_14.mat,file_brain_AXT2_201_2010590,AXT2,14,VAL,Success
file_brain_AXT2_201_2010590/processed/slice_15.mat,file_brain_AXT2_201_2010590,AXT2,15,VAL,Success
file_brain_AXT2_201_2010590/processed/slice_16.mat,file_brain_AXT2_201_2010590,AXT2,16,VAL,Success
file_brain_AXT2_201_2010602/processed/slice_1.mat,file_brain_AXT2_201_2010602,AXT2,1,TRAIN,Success
file_brain_AXT2_201_2010602/processed/slice_2.mat,file_brain_AXT2_201_2010602,AXT2,2,TRAIN,Success
file_brain_AXT2_201_2010602/processed/slice_3.mat,file_brain_AXT2_201_2010602,AXT2,3,TRAIN,Success
file_brain_AXT2_201_2010602/processed/slice_4.mat,file_brain_AXT2_201_2010602,AXT2,4,TRAIN,Success
file_brain_AXT2_201_2010602/processed/slice_5.mat,file_brain_AXT2_201_2010602,AXT2,5,TRAIN,Success
file_brain_AXT2_201_2010602/processed/slice_6.mat,file_brain_AXT2_201_2010602,AXT2,6,TRAIN,Success
file_brain_AXT2_201_2010602/processed/slice_7.mat,file_brain_AXT2_201_2010602,AXT2,7,TRAIN,Success
file_brain_AXT2_201_2010602/processed/slice_8.mat,file_brain_AXT2_201_2010602,AXT2,8,TRAIN,Success
file_brain_AXT2_201_2010602/processed/slice_9.mat,file_brain_AXT2_201_2010602,AXT2,9,TRAIN,Success
file_brain_AXT2_201_2010602/processed/slice_10.mat,file_brain_AXT2_201_2010602,AXT2,10,TRAIN,Success
file_brain_AXT2_201_2010602/processed/slice_11.mat,file_brain_AXT2_201_2010602,AXT2,11,TRAIN,Success
file_brain_AXT2_201_2010602/processed/slice_12.mat,file_brain_AXT2_201_2010602,AXT2,12,TRAIN,Success
file_brain_AXT2_201_2010602/processed/slice_13.mat,file_brain_AXT2_201_2010602,AXT2,13,TRAIN,Success
file_brain_AXT2_201_2010602/processed/slice_14.mat,file_brain_AXT2_201_2010602,AXT2,14,TRAIN,Success
file_brain_AXT2_201_2010602/processed/slice_15.mat,file_brain_AXT2_201_2010602,AXT2,15,TRAIN,Success
file_brain_AXT2_201_2010602/processed/slice_16.mat,file_brain_AXT2_201_2010602,AXT2,16,TRAIN,Success
file_brain_AXT2_201_2010604/processed/slice_1.mat,file_brain_AXT2_201_2010604,AXT2,1,TRAIN,Success
file_brain_AXT2_201_2010604/processed/slice_2.mat,file_brain_AXT2_201_2010604,AXT2,2,TRAIN,Success
file_brain_AXT2_201_2010604/processed/slice_3.mat,file_brain_AXT2_201_2010604,AXT2,3,TRAIN,Success
file_brain_AXT2_201_2010604/processed/slice_4.mat,file_brain_AXT2_201_2010604,AXT2,4,TRAIN,Success
file_brain_AXT2_201_2010604/processed/slice_5.mat,file_brain_AXT2_201_2010604,AXT2,5,TRAIN,Success
file_brain_AXT2_201_2010604/processed/slice_6.mat,file_brain_AXT2_201_2010604,AXT2,6,TRAIN,Success
file_brain_AXT2_201_2010604/processed/slice_7.mat,file_brain_AXT2_201_2010604,AXT2,7,TRAIN,Success
file_brain_AXT2_201_2010604/processed/slice_8.mat,file_brain_AXT2_201_2010604,AXT2,8,TRAIN,Success
file_brain_AXT2_201_2010604/processed/slice_9.mat,file_brain_AXT2_201_2010604,AXT2,9,TRAIN,Success
file_brain_AXT2_201_2010604/processed/slice_10.mat,file_brain_AXT2_201_2010604,AXT2,10,TRAIN,Success
file_brain_AXT2_201_2010604/processed/slice_11.mat,file_brain_AXT2_201_2010604,AXT2,11,TRAIN,Success
file_brain_AXT2_201_2010604/processed/slice_12.mat,file_brain_AXT2_201_2010604,AXT2,12,TRAIN,Success
file_brain_AXT2_201_2010604/processed/slice_13.mat,file_brain_AXT2_201_2010604,AXT2,13,TRAIN,Success
file_brain_AXT2_201_2010604/processed/slice_14.mat,file_brain_AXT2_201_2010604,AXT2,14,TRAIN,Success
file_brain_AXT2_201_2010604/processed/slice_15.mat,file_brain_AXT2_201_2010604,AXT2,15,TRAIN,Success
file_brain_AXT2_201_2010604/processed/slice_16.mat,file_brain_AXT2_201_2010604,AXT2,16,TRAIN,Success
file_brain_AXT2_201_2010625/processed/slice_1.mat,file_brain_AXT2_201_2010625,AXT2,1,TRAIN,Success
file_brain_AXT2_201_2010625/processed/slice_2.mat,file_brain_AXT2_201_2010625,AXT2,2,TRAIN,Success
file_brain_AXT2_201_2010625/processed/slice_3.mat,file_brain_AXT2_201_2010625,AXT2,3,TRAIN,Success
file_brain_AXT2_201_2010625/processed/slice_4.mat,file_brain_AXT2_201_2010625,AXT2,4,TRAIN,Success
file_brain_AXT2_201_2010625/processed/slice_5.mat,file_brain_AXT2_201_2010625,AXT2,5,TRAIN,Success
file_brain_AXT2_201_2010625/processed/slice_6.mat,file_brain_AXT2_201_2010625,AXT2,6,TRAIN,Success
file_brain_AXT2_201_2010625/processed/slice_7.mat,file_brain_AXT2_201_2010625,AXT2,7,TRAIN,Success
file_brain_AXT2_201_2010625/processed/slice_8.mat,file_brain_AXT2_201_2010625,AXT2,8,TRAIN,Success
file_brain_AXT2_201_2010625/processed/slice_9.mat,file_brain_AXT2_201_2010625,AXT2,9,TRAIN,Success
file_brain_AXT2_201_2010625/processed/slice_10.mat,file_brain_AXT2_201_2010625,AXT2,10,TRAIN,Success
file_brain_AXT2_201_2010625/processed/slice_11.mat,file_brain_AXT2_201_2010625,AXT2,11,TRAIN,Success
file_brain_AXT2_201_2010625/processed/slice_12.mat,file_brain_AXT2_201_2010625,AXT2,12,TRAIN,Success
file_brain_AXT2_201_2010625/processed/slice_13.mat,file_brain_AXT2_201_2010625,AXT2,13,TRAIN,Success
file_brain_AXT2_201_2010625/processed/slice_14.mat,file_brain_AXT2_201_2010625,AXT2,14,TRAIN,Success
file_brain_AXT2_201_2010625/processed/slice_15.mat,file_brain_AXT2_201_2010625,AXT2,15,TRAIN,Success
file_brain_AXT2_201_2010625/processed/slice_16.mat,file_brain_AXT2_201_2010625,AXT2,16,TRAIN,Success
file_brain_AXT2_201_2010626/processed/slice_1.mat,file_brain_AXT2_201_2010626,AXT2,1,TEST,Success
file_brain_AXT2_201_2010626/processed/slice_2.mat,file_brain_AXT2_201_2010626,AXT2,2,TEST,Success
file_brain_AXT2_201_2010626/processed/slice_3.mat,file_brain_AXT2_201_2010626,AXT2,3,TEST,Success
file_brain_AXT2_201_2010626/processed/slice_4.mat,file_brain_AXT2_201_2010626,AXT2,4,TEST,Success
file_brain_AXT2_201_2010626/processed/slice_5.mat,file_brain_AXT2_201_2010626,AXT2,5,TEST,Success
file_brain_AXT2_201_2010626/processed/slice_6.mat,file_brain_AXT2_201_2010626,AXT2,6,TEST,Success
file_brain_AXT2_201_2010626/processed/slice_7.mat,file_brain_AXT2_201_2010626,AXT2,7,TEST,Success
file_brain_AXT2_201_2010626/processed/slice_8.mat,file_brain_AXT2_201_2010626,AXT2,8,TEST,Success
file_brain_AXT2_201_2010626/processed/slice_9.mat,file_brain_AXT2_201_2010626,AXT2,9,TEST,Success
file_brain_AXT2_201_2010626/processed/slice_10.mat,file_brain_AXT2_201_2010626,AXT2,10,TEST,Success
file_brain_AXT2_201_2010626/processed/slice_11.mat,file_brain_AXT2_201_2010626,AXT2,11,TEST,Success
file_brain_AXT2_201_2010626/processed/slice_12.mat,file_brain_AXT2_201_2010626,AXT2,12,TEST,Success
file_brain_AXT2_201_2010626/processed/slice_13.mat,file_brain_AXT2_201_2010626,AXT2,13,TEST,Success
file_brain_AXT2_201_2010626/processed/slice_14.mat,file_brain_AXT2_201_2010626,AXT2,14,TEST,Success
file_brain_AXT2_201_2010626/processed/slice_15.mat,file_brain_AXT2_201_2010626,AXT2,15,TEST,Success
file_brain_AXT2_201_2010626/processed/slice_16.mat,file_brain_AXT2_201_2010626,AXT2,16,TEST,Success
file_brain_AXT2_201_2010628/processed/slice_1.mat,file_brain_AXT2_201_2010628,AXT2,1,TRAIN,Success
file_brain_AXT2_201_2010628/processed/slice_2.mat,file_brain_AXT2_201_2010628,AXT2,2,TRAIN,Success
file_brain_AXT2_201_2010628/processed/slice_3.mat,file_brain_AXT2_201_2010628,AXT2,3,TRAIN,Success
file_brain_AXT2_201_2010628/processed/slice_4.mat,file_brain_AXT2_201_2010628,AXT2,4,TRAIN,Success
file_brain_AXT2_201_2010628/processed/slice_5.mat,file_brain_AXT2_201_2010628,AXT2,5,TRAIN,Success
file_brain_AXT2_201_2010628/processed/slice_6.mat,file_brain_AXT2_201_2010628,AXT2,6,TRAIN,Success
file_brain_AXT2_201_2010628/processed/slice_7.mat,file_brain_AXT2_201_2010628,AXT2,7,TRAIN,Success
file_brain_AXT2_201_2010628/processed/slice_8.mat,file_brain_AXT2_201_2010628,AXT2,8,TRAIN,Success
file_brain_AXT2_201_2010628/processed/slice_9.mat,file_brain_AXT2_201_2010628,AXT2,9,TRAIN,Success
file_brain_AXT2_201_2010628/processed/slice_10.mat,file_brain_AXT2_201_2010628,AXT2,10,TRAIN,Success
file_brain_AXT2_201_2010628/processed/slice_11.mat,file_brain_AXT2_201_2010628,AXT2,11,TRAIN,Success
file_brain_AXT2_201_2010628/processed/slice_12.mat,file_brain_AXT2_201_2010628,AXT2,12,TRAIN,Success
file_brain_AXT2_201_2010628/processed/slice_13.mat,file_brain_AXT2_201_2010628,AXT2,13,TRAIN,Success
file_brain_AXT2_201_2010628/processed/slice_14.mat,file_brain_AXT2_201_2010628,AXT2,14,TRAIN,Success
file_brain_AXT2_201_2010628/processed/slice_15.mat,file_brain_AXT2_201_2010628,AXT2,15,TRAIN,Success
file_brain_AXT2_201_2010628/processed/slice_16.mat,file_brain_AXT2_201_2010628,AXT2,16,TRAIN,Success
file_brain_AXT2_201_6002681/processed/slice_1.mat,file_brain_AXT2_201_6002681,AXT2,1,TRAIN,Success
file_brain_AXT2_201_6002681/processed/slice_2.mat,file_brain_AXT2_201_6002681,AXT2,2,TRAIN,Success
file_brain_AXT2_201_6002681/processed/slice_3.mat,file_brain_AXT2_201_6002681,AXT2,3,TRAIN,Success
file_brain_AXT2_201_6002681/processed/slice_4.mat,file_brain_AXT2_201_6002681,AXT2,4,TRAIN,Success
file_brain_AXT2_201_6002681/processed/slice_5.mat,file_brain_AXT2_201_6002681,AXT2,5,TRAIN,Success
file_brain_AXT2_201_6002681/processed/slice_6.mat,file_brain_AXT2_201_6002681,AXT2,6,TRAIN,Success
file_brain_AXT2_201_6002681/processed/slice_7.mat,file_brain_AXT2_201_6002681,AXT2,7,TRAIN,Success
file_brain_AXT2_201_6002681/processed/slice_8.mat,file_brain_AXT2_201_6002681,AXT2,8,TRAIN,Success
file_brain_AXT2_201_6002681/processed/slice_9.mat,file_brain_AXT2_201_6002681,AXT2,9,TRAIN,Success
file_brain_AXT2_201_6002681/processed/slice_10.mat,file_brain_AXT2_201_6002681,AXT2,10,TRAIN,Success
file_brain_AXT2_201_6002681/processed/slice_11.mat,file_brain_AXT2_201_6002681,AXT2,11,TRAIN,Success
file_brain_AXT2_201_6002681/processed/slice_12.mat,file_brain_AXT2_201_6002681,AXT2,12,TRAIN,Success
file_brain_AXT2_201_6002681/processed/slice_13.mat,file_brain_AXT2_201_6002681,AXT2,13,TRAIN,Success
file_brain_AXT2_201_6002681/processed/slice_14.mat,file_brain_AXT2_201_6002681,AXT2,14,TRAIN,Success
file_brain_AXT2_201_6002681/processed/slice_15.mat,file_brain_AXT2_201_6002681,AXT2,15,TRAIN,Success
file_brain_AXT2_201_6002681/processed/slice_16.mat,file_brain_AXT2_201_6002681,AXT2,16,TRAIN,Success
file_brain_AXT2_202_2020016/processed/slice_1.mat,file_brain_AXT2_202_2020016,AXT2,1,TRAIN,Success
file_brain_AXT2_202_2020016/processed/slice_2.mat,file_brain_AXT2_202_2020016,AXT2,2,TRAIN,Success
file_brain_AXT2_202_2020016/processed/slice_3.mat,file_brain_AXT2_202_2020016,AXT2,3,TRAIN,Success
file_brain_AXT2_202_2020016/processed/slice_4.mat,file_brain_AXT2_202_2020016,AXT2,4,TRAIN,Success
file_brain_AXT2_202_2020016/processed/slice_5.mat,file_brain_AXT2_202_2020016,AXT2,5,TRAIN,Success
file_brain_AXT2_202_2020016/processed/slice_6.mat,file_brain_AXT2_202_2020016,AXT2,6,TRAIN,Success
file_brain_AXT2_202_2020016/processed/slice_7.mat,file_brain_AXT2_202_2020016,AXT2,7,TRAIN,Success
file_brain_AXT2_202_2020016/processed/slice_8.mat,file_brain_AXT2_202_2020016,AXT2,8,TRAIN,Success
file_brain_AXT2_202_2020016/processed/slice_9.mat,file_brain_AXT2_202_2020016,AXT2,9,TRAIN,Success
file_brain_AXT2_202_2020016/processed/slice_10.mat,file_brain_AXT2_202_2020016,AXT2,10,TRAIN,Success
file_brain_AXT2_202_2020016/processed/slice_11.mat,file_brain_AXT2_202_2020016,AXT2,11,TRAIN,Success
file_brain_AXT2_202_2020016/processed/slice_12.mat,file_brain_AXT2_202_2020016,AXT2,12,TRAIN,Success
file_brain_AXT2_202_2020016/processed/slice_13.mat,file_brain_AXT2_202_2020016,AXT2,13,TRAIN,Success
file_brain_AXT2_202_2020016/processed/slice_14.mat,file_brain_AXT2_202_2020016,AXT2,14,TRAIN,Success
file_brain_AXT2_202_2020016/processed/slice_15.mat,file_brain_AXT2_202_2020016,AXT2,15,TRAIN,Success
file_brain_AXT2_202_2020016/processed/slice_16.mat,file_brain_AXT2_202_2020016,AXT2,16,TRAIN,Success
file_brain_AXT2_202_2020022/processed/slice_1.mat,file_brain_AXT2_202_2020022,AXT2,1,TRAIN,Success
file_brain_AXT2_202_2020022/processed/slice_2.mat,file_brain_AXT2_202_2020022,AXT2,2,TRAIN,Success
file_brain_AXT2_202_2020022/processed/slice_3.mat,file_brain_AXT2_202_2020022,AXT2,3,TRAIN,Success
file_brain_AXT2_202_2020022/processed/slice_4.mat,file_brain_AXT2_202_2020022,AXT2,4,TRAIN,Success
file_brain_AXT2_202_2020022/processed/slice_5.mat,file_brain_AXT2_202_2020022,AXT2,5,TRAIN,Success
file_brain_AXT2_202_2020022/processed/slice_6.mat,file_brain_AXT2_202_2020022,AXT2,6,TRAIN,Success
file_brain_AXT2_202_2020022/processed/slice_7.mat,file_brain_AXT2_202_2020022,AXT2,7,TRAIN,Success
file_brain_AXT2_202_2020022/processed/slice_8.mat,file_brain_AXT2_202_2020022,AXT2,8,TRAIN,Success
file_brain_AXT2_202_2020022/processed/slice_9.mat,file_brain_AXT2_202_2020022,AXT2,9,TRAIN,Success
file_brain_AXT2_202_2020022/processed/slice_10.mat,file_brain_AXT2_202_2020022,AXT2,10,TRAIN,Success
file_brain_AXT2_202_2020022/processed/slice_11.mat,file_brain_AXT2_202_2020022,AXT2,11,TRAIN,Success
file_brain_AXT2_202_2020022/processed/slice_12.mat,file_brain_AXT2_202_2020022,AXT2,12,TRAIN,Success
file_brain_AXT2_202_2020022/processed/slice_13.mat,file_brain_AXT2_202_2020022,AXT2,13,TRAIN,Success
file_brain_AXT2_202_2020022/processed/slice_14.mat,file_brain_AXT2_202_2020022,AXT2,14,TRAIN,Success
file_brain_AXT2_202_2020022/processed/slice_15.mat,file_brain_AXT2_202_2020022,AXT2,15,TRAIN,Success
file_brain_AXT2_202_2020022/processed/slice_16.mat,file_brain_AXT2_202_2020022,AXT2,16,TRAIN,Success
file_brain_AXT2_202_2020039/processed/slice_1.mat,file_brain_AXT2_202_2020039,AXT2,1,TEST,Success
file_brain_AXT2_202_2020039/processed/slice_2.mat,file_brain_AXT2_202_2020039,AXT2,2,TEST,Success
file_brain_AXT2_202_2020039/processed/slice_3.mat,file_brain_AXT2_202_2020039,AXT2,3,TEST,Success
file_brain_AXT2_202_2020039/processed/slice_4.mat,file_brain_AXT2_202_2020039,AXT2,4,TEST,Success
file_brain_AXT2_202_2020039/processed/slice_5.mat,file_brain_AXT2_202_2020039,AXT2,5,TEST,Success
file_brain_AXT2_202_2020039/processed/slice_6.mat,file_brain_AXT2_202_2020039,AXT2,6,TEST,Success
file_brain_AXT2_202_2020039/processed/slice_7.mat,file_brain_AXT2_202_2020039,AXT2,7,TEST,Success
file_brain_AXT2_202_2020039/processed/slice_8.mat,file_brain_AXT2_202_2020039,AXT2,8,TEST,Success
file_brain_AXT2_202_2020039/processed/slice_9.mat,file_brain_AXT2_202_2020039,AXT2,9,TEST,Success
file_brain_AXT2_202_2020039/processed/slice_10.mat,file_brain_AXT2_202_2020039,AXT2,10,TEST,Success
file_brain_AXT2_202_2020039/processed/slice_11.mat,file_brain_AXT2_202_2020039,AXT2,11,TEST,Success
file_brain_AXT2_202_2020039/processed/slice_12.mat,file_brain_AXT2_202_2020039,AXT2,12,TEST,Success
file_brain_AXT2_202_2020039/processed/slice_13.mat,file_brain_AXT2_202_2020039,AXT2,13,TEST,Success
file_brain_AXT2_202_2020039/processed/slice_14.mat,file_brain_AXT2_202_2020039,AXT2,14,TEST,Success
file_brain_AXT2_202_2020039/processed/slice_15.mat,file_brain_AXT2_202_2020039,AXT2,15,TEST,Success
file_brain_AXT2_202_2020039/processed/slice_16.mat,file_brain_AXT2_202_2020039,AXT2,16,TEST,Success
file_brain_AXT2_202_2020063/processed/slice_1.mat,file_brain_AXT2_202_2020063,AXT2,1,TRAIN,Success
file_brain_AXT2_202_2020063/processed/slice_2.mat,file_brain_AXT2_202_2020063,AXT2,2,TRAIN,Success
file_brain_AXT2_202_2020063/processed/slice_3.mat,file_brain_AXT2_202_2020063,AXT2,3,TRAIN,Success
file_brain_AXT2_202_2020063/processed/slice_4.mat,file_brain_AXT2_202_2020063,AXT2,4,TRAIN,Success
file_brain_AXT2_202_2020063/processed/slice_5.mat,file_brain_AXT2_202_2020063,AXT2,5,TRAIN,Success
file_brain_AXT2_202_2020063/processed/slice_6.mat,file_brain_AXT2_202_2020063,AXT2,6,TRAIN,Success
file_brain_AXT2_202_2020063/processed/slice_7.mat,file_brain_AXT2_202_2020063,AXT2,7,TRAIN,Success
file_brain_AXT2_202_2020063/processed/slice_8.mat,file_brain_AXT2_202_2020063,AXT2,8,TRAIN,Success
file_brain_AXT2_202_2020063/processed/slice_9.mat,file_brain_AXT2_202_2020063,AXT2,9,TRAIN,Success
file_brain_AXT2_202_2020063/processed/slice_10.mat,file_brain_AXT2_202_2020063,AXT2,10,TRAIN,Success
file_brain_AXT2_202_2020063/processed/slice_11.mat,file_brain_AXT2_202_2020063,AXT2,11,TRAIN,Success
file_brain_AXT2_202_2020063/processed/slice_12.mat,file_brain_AXT2_202_2020063,AXT2,12,TRAIN,Success
file_brain_AXT2_202_2020063/processed/slice_13.mat,file_brain_AXT2_202_2020063,AXT2,13,TRAIN,Success
file_brain_AXT2_202_2020063/processed/slice_14.mat,file_brain_AXT2_202_2020063,AXT2,14,TRAIN,Success
file_brain_AXT2_202_2020063/processed/slice_15.mat,file_brain_AXT2_202_2020063,AXT2,15,TRAIN,Success
file_brain_AXT2_202_2020063/processed/slice_16.mat,file_brain_AXT2_202_2020063,AXT2,16,TRAIN,Success
file_brain_AXT2_202_2020065/processed/slice_1.mat,file_brain_AXT2_202_2020065,AXT2,1,TRAIN,Success
file_brain_AXT2_202_2020065/processed/slice_2.mat,file_brain_AXT2_202_2020065,AXT2,2,TRAIN,Success
file_brain_AXT2_202_2020065/processed/slice_3.mat,file_brain_AXT2_202_2020065,AXT2,3,TRAIN,Success
file_brain_AXT2_202_2020065/processed/slice_4.mat,file_brain_AXT2_202_2020065,AXT2,4,TRAIN,Success
file_brain_AXT2_202_2020065/processed/slice_5.mat,file_brain_AXT2_202_2020065,AXT2,5,TRAIN,Success
file_brain_AXT2_202_2020065/processed/slice_6.mat,file_brain_AXT2_202_2020065,AXT2,6,TRAIN,Success
file_brain_AXT2_202_2020065/processed/slice_7.mat,file_brain_AXT2_202_2020065,AXT2,7,TRAIN,Success
file_brain_AXT2_202_2020065/processed/slice_8.mat,file_brain_AXT2_202_2020065,AXT2,8,TRAIN,Success
file_brain_AXT2_202_2020065/processed/slice_9.mat,file_brain_AXT2_202_2020065,AXT2,9,TRAIN,Success
file_brain_AXT2_202_2020065/processed/slice_10.mat,file_brain_AXT2_202_2020065,AXT2,10,TRAIN,Success
file_brain_AXT2_202_2020065/processed/slice_11.mat,file_brain_AXT2_202_2020065,AXT2,11,TRAIN,Success
file_brain_AXT2_202_2020065/processed/slice_12.mat,file_brain_AXT2_202_2020065,AXT2,12,TRAIN,Success
file_brain_AXT2_202_2020065/processed/slice_13.mat,file_brain_AXT2_202_2020065,AXT2,13,TRAIN,Success
file_brain_AXT2_202_2020065/processed/slice_14.mat,file_brain_AXT2_202_2020065,AXT2,14,TRAIN,Success
file_brain_AXT2_202_2020065/processed/slice_15.mat,file_brain_AXT2_202_2020065,AXT2,15,TRAIN,Success
file_brain_AXT2_202_2020065/processed/slice_16.mat,file_brain_AXT2_202_2020065,AXT2,16,TRAIN,Success
file_brain_AXT2_202_2020067/processed/slice_1.mat,file_brain_AXT2_202_2020067,AXT2,1,VAL,Success
file_brain_AXT2_202_2020067/processed/slice_2.mat,file_brain_AXT2_202_2020067,AXT2,2,VAL,Success
file_brain_AXT2_202_2020067/processed/slice_3.mat,file_brain_AXT2_202_2020067,AXT2,3,VAL,Success
file_brain_AXT2_202_2020067/processed/slice_4.mat,file_brain_AXT2_202_2020067,AXT2,4,VAL,Success
file_brain_AXT2_202_2020067/processed/slice_5.mat,file_brain_AXT2_202_2020067,AXT2,5,VAL,Success
file_brain_AXT2_202_2020067/processed/slice_6.mat,file_brain_AXT2_202_2020067,AXT2,6,VAL,Success
file_brain_AXT2_202_2020067/processed/slice_7.mat,file_brain_AXT2_202_2020067,AXT2,7,VAL,Success
file_brain_AXT2_202_2020067/processed/slice_8.mat,file_brain_AXT2_202_2020067,AXT2,8,VAL,Success
file_brain_AXT2_202_2020067/processed/slice_9.mat,file_brain_AXT2_202_2020067,AXT2,9,VAL,Success
file_brain_AXT2_202_2020067/processed/slice_10.mat,file_brain_AXT2_202_2020067,AXT2,10,VAL,Success
file_brain_AXT2_202_2020067/processed/slice_11.mat,file_brain_AXT2_202_2020067,AXT2,11,VAL,Success
file_brain_AXT2_202_2020067/processed/slice_12.mat,file_brain_AXT2_202_2020067,AXT2,12,VAL,Success
file_brain_AXT2_202_2020067/processed/slice_13.mat,file_brain_AXT2_202_2020067,AXT2,13,VAL,Success
file_brain_AXT2_202_2020067/processed/slice_14.mat,file_brain_AXT2_202_2020067,AXT2,14,VAL,Success
file_brain_AXT2_202_2020067/processed/slice_15.mat,file_brain_AXT2_202_2020067,AXT2,15,VAL,Success
file_brain_AXT2_202_2020067/processed/slice_16.mat,file_brain_AXT2_202_2020067,AXT2,16,VAL,Success
file_brain_AXT2_202_2020116/processed/slice_1.mat,file_brain_AXT2_202_2020116,AXT2,1,VAL,Success
file_brain_AXT2_202_2020116/processed/slice_2.mat,file_brain_AXT2_202_2020116,AXT2,2,VAL,Success
file_brain_AXT2_202_2020116/processed/slice_3.mat,file_brain_AXT2_202_2020116,AXT2,3,VAL,Success
file_brain_AXT2_202_2020116/processed/slice_4.mat,file_brain_AXT2_202_2020116,AXT2,4,VAL,Success
file_brain_AXT2_202_2020116/processed/slice_5.mat,file_brain_AXT2_202_2020116,AXT2,5,VAL,Success
file_brain_AXT2_202_2020116/processed/slice_6.mat,file_brain_AXT2_202_2020116,AXT2,6,VAL,Success
file_brain_AXT2_202_2020116/processed/slice_7.mat,file_brain_AXT2_202_2020116,AXT2,7,VAL,Success
file_brain_AXT2_202_2020116/processed/slice_8.mat,file_brain_AXT2_202_2020116,AXT2,8,VAL,Success
file_brain_AXT2_202_2020116/processed/slice_9.mat,file_brain_AXT2_202_2020116,AXT2,9,VAL,Success
file_brain_AXT2_202_2020116/processed/slice_10.mat,file_brain_AXT2_202_2020116,AXT2,10,VAL,Success
file_brain_AXT2_202_2020116/processed/slice_11.mat,file_brain_AXT2_202_2020116,AXT2,11,VAL,Success
file_brain_AXT2_202_2020116/processed/slice_12.mat,file_brain_AXT2_202_2020116,AXT2,12,VAL,Success
file_brain_AXT2_202_2020116/processed/slice_13.mat,file_brain_AXT2_202_2020116,AXT2,13,VAL,Success
file_brain_AXT2_202_2020116/processed/slice_14.mat,file_brain_AXT2_202_2020116,AXT2,14,VAL,Success
file_brain_AXT2_202_2020116/processed/slice_15.mat,file_brain_AXT2_202_2020116,AXT2,15,VAL,Success
file_brain_AXT2_202_2020116/processed/slice_16.mat,file_brain_AXT2_202_2020116,AXT2,16,VAL,Success
file_brain_AXT2_202_2020127/processed/slice_1.mat,file_brain_AXT2_202_2020127,AXT2,1,TRAIN,Success
file_brain_AXT2_202_2020127/processed/slice_2.mat,file_brain_AXT2_202_2020127,AXT2,2,TRAIN,Success
file_brain_AXT2_202_2020127/processed/slice_3.mat,file_brain_AXT2_202_2020127,AXT2,3,TRAIN,Success
file_brain_AXT2_202_2020127/processed/slice_4.mat,file_brain_AXT2_202_2020127,AXT2,4,TRAIN,Success
file_brain_AXT2_202_2020127/processed/slice_5.mat,file_brain_AXT2_202_2020127,AXT2,5,TRAIN,Success
file_brain_AXT2_202_2020127/processed/slice_6.mat,file_brain_AXT2_202_2020127,AXT2,6,TRAIN,Success
file_brain_AXT2_202_2020127/processed/slice_7.mat,file_brain_AXT2_202_2020127,AXT2,7,TRAIN,Success
file_brain_AXT2_202_2020127/processed/slice_8.mat,file_brain_AXT2_202_2020127,AXT2,8,TRAIN,Success
file_brain_AXT2_202_2020127/processed/slice_9.mat,file_brain_AXT2_202_2020127,AXT2,9,TRAIN,Success
file_brain_AXT2_202_2020127/processed/slice_10.mat,file_brain_AXT2_202_2020127,AXT2,10,TRAIN,Success
file_brain_AXT2_202_2020127/processed/slice_11.mat,file_brain_AXT2_202_2020127,AXT2,11,TRAIN,Success
file_brain_AXT2_202_2020127/processed/slice_12.mat,file_brain_AXT2_202_2020127,AXT2,12,TRAIN,Success
file_brain_AXT2_202_2020127/processed/slice_13.mat,file_brain_AXT2_202_2020127,AXT2,13,TRAIN,Success
file_brain_AXT2_202_2020127/processed/slice_14.mat,file_brain_AXT2_202_2020127,AXT2,14,TRAIN,Success
file_brain_AXT2_202_2020127/processed/slice_15.mat,file_brain_AXT2_202_2020127,AXT2,15,TRAIN,Success
file_brain_AXT2_202_2020127/processed/slice_16.mat,file_brain_AXT2_202_2020127,AXT2,16,TRAIN,Success
file_brain_AXT2_202_2020150/processed/slice_1.mat,file_brain_AXT2_202_2020150,AXT2,1,TRAIN,Success
file_brain_AXT2_202_2020150/processed/slice_2.mat,file_brain_AXT2_202_2020150,AXT2,2,TRAIN,Success
file_brain_AXT2_202_2020150/processed/slice_3.mat,file_brain_AXT2_202_2020150,AXT2,3,TRAIN,Success
file_brain_AXT2_202_2020150/processed/slice_4.mat,file_brain_AXT2_202_2020150,AXT2,4,TRAIN,Success
file_brain_AXT2_202_2020150/processed/slice_5.mat,file_brain_AXT2_202_2020150,AXT2,5,TRAIN,Success
file_brain_AXT2_202_2020150/processed/slice_6.mat,file_brain_AXT2_202_2020150,AXT2,6,TRAIN,Success
file_brain_AXT2_202_2020150/processed/slice_7.mat,file_brain_AXT2_202_2020150,AXT2,7,TRAIN,Success
file_brain_AXT2_202_2020150/processed/slice_8.mat,file_brain_AXT2_202_2020150,AXT2,8,TRAIN,Success
file_brain_AXT2_202_2020150/processed/slice_9.mat,file_brain_AXT2_202_2020150,AXT2,9,TRAIN,Success
file_brain_AXT2_202_2020150/processed/slice_10.mat,file_brain_AXT2_202_2020150,AXT2,10,TRAIN,Success
file_brain_AXT2_202_2020150/processed/slice_11.mat,file_brain_AXT2_202_2020150,AXT2,11,TRAIN,Success
file_brain_AXT2_202_2020150/processed/slice_12.mat,file_brain_AXT2_202_2020150,AXT2,12,TRAIN,Success
file_brain_AXT2_202_2020150/processed/slice_13.mat,file_brain_AXT2_202_2020150,AXT2,13,TRAIN,Success
file_brain_AXT2_202_2020150/processed/slice_14.mat,file_brain_AXT2_202_2020150,AXT2,14,TRAIN,Success
file_brain_AXT2_202_2020150/processed/slice_15.mat,file_brain_AXT2_202_2020150,AXT2,15,TRAIN,Success
file_brain_AXT2_202_2020150/processed/slice_16.mat,file_brain_AXT2_202_2020150,AXT2,16,TRAIN,Success
file_brain_AXT2_202_2020183/processed/slice_1.mat,file_brain_AXT2_202_2020183,AXT2,1,TRAIN,Success
file_brain_AXT2_202_2020183/processed/slice_2.mat,file_brain_AXT2_202_2020183,AXT2,2,TRAIN,Success
file_brain_AXT2_202_2020183/processed/slice_3.mat,file_brain_AXT2_202_2020183,AXT2,3,TRAIN,Success
file_brain_AXT2_202_2020183/processed/slice_4.mat,file_brain_AXT2_202_2020183,AXT2,4,TRAIN,Success
file_brain_AXT2_202_2020183/processed/slice_5.mat,file_brain_AXT2_202_2020183,AXT2,5,TRAIN,Success
file_brain_AXT2_202_2020183/processed/slice_6.mat,file_brain_AXT2_202_2020183,AXT2,6,TRAIN,Success
file_brain_AXT2_202_2020183/processed/slice_7.mat,file_brain_AXT2_202_2020183,AXT2,7,TRAIN,Success
file_brain_AXT2_202_2020183/processed/slice_8.mat,file_brain_AXT2_202_2020183,AXT2,8,TRAIN,Success
file_brain_AXT2_202_2020183/processed/slice_9.mat,file_brain_AXT2_202_2020183,AXT2,9,TRAIN,Success
file_brain_AXT2_202_2020183/processed/slice_10.mat,file_brain_AXT2_202_2020183,AXT2,10,TRAIN,Success
file_brain_AXT2_202_2020183/processed/slice_11.mat,file_brain_AXT2_202_2020183,AXT2,11,TRAIN,Success
file_brain_AXT2_202_2020183/processed/slice_12.mat,file_brain_AXT2_202_2020183,AXT2,12,TRAIN,Success
file_brain_AXT2_202_2020183/processed/slice_13.mat,file_brain_AXT2_202_2020183,AXT2,13,TRAIN,Success
file_brain_AXT2_202_2020183/processed/slice_14.mat,file_brain_AXT2_202_2020183,AXT2,14,TRAIN,Success
file_brain_AXT2_202_2020183/processed/slice_15.mat,file_brain_AXT2_202_2020183,AXT2,15,TRAIN,Success
file_brain_AXT2_202_2020183/processed/slice_16.mat,file_brain_AXT2_202_2020183,AXT2,16,TRAIN,Success
file_brain_AXT2_202_2020189/processed/slice_1.mat,file_brain_AXT2_202_2020189,AXT2,1,TRAIN,Success
file_brain_AXT2_202_2020189/processed/slice_2.mat,file_brain_AXT2_202_2020189,AXT2,2,TRAIN,Success
file_brain_AXT2_202_2020189/processed/slice_3.mat,file_brain_AXT2_202_2020189,AXT2,3,TRAIN,Success
file_brain_AXT2_202_2020189/processed/slice_4.mat,file_brain_AXT2_202_2020189,AXT2,4,TRAIN,Success
file_brain_AXT2_202_2020189/processed/slice_5.mat,file_brain_AXT2_202_2020189,AXT2,5,TRAIN,Success
file_brain_AXT2_202_2020189/processed/slice_6.mat,file_brain_AXT2_202_2020189,AXT2,6,TRAIN,Success
file_brain_AXT2_202_2020189/processed/slice_7.mat,file_brain_AXT2_202_2020189,AXT2,7,TRAIN,Success
file_brain_AXT2_202_2020189/processed/slice_8.mat,file_brain_AXT2_202_2020189,AXT2,8,TRAIN,Success
file_brain_AXT2_202_2020189/processed/slice_9.mat,file_brain_AXT2_202_2020189,AXT2,9,TRAIN,Success
file_brain_AXT2_202_2020189/processed/slice_10.mat,file_brain_AXT2_202_2020189,AXT2,10,TRAIN,Success
file_brain_AXT2_202_2020189/processed/slice_11.mat,file_brain_AXT2_202_2020189,AXT2,11,TRAIN,Success
file_brain_AXT2_202_2020189/processed/slice_12.mat,file_brain_AXT2_202_2020189,AXT2,12,TRAIN,Success
file_brain_AXT2_202_2020189/processed/slice_13.mat,file_brain_AXT2_202_2020189,AXT2,13,TRAIN,Success
file_brain_AXT2_202_2020189/processed/slice_14.mat,file_brain_AXT2_202_2020189,AXT2,14,TRAIN,Success
file_brain_AXT2_202_2020189/processed/slice_15.mat,file_brain_AXT2_202_2020189,AXT2,15,TRAIN,Success
file_brain_AXT2_202_2020189/processed/slice_16.mat,file_brain_AXT2_202_2020189,AXT2,16,TRAIN,Success
file_brain_AXT2_202_2020214/processed/slice_1.mat,file_brain_AXT2_202_2020214,AXT2,1,VAL,Success
file_brain_AXT2_202_2020214/processed/slice_2.mat,file_brain_AXT2_202_2020214,AXT2,2,VAL,Success
file_brain_AXT2_202_2020214/processed/slice_3.mat,file_brain_AXT2_202_2020214,AXT2,3,VAL,Success
file_brain_AXT2_202_2020214/processed/slice_4.mat,file_brain_AXT2_202_2020214,AXT2,4,VAL,Success
file_brain_AXT2_202_2020214/processed/slice_5.mat,file_brain_AXT2_202_2020214,AXT2,5,VAL,Success
file_brain_AXT2_202_2020214/processed/slice_6.mat,file_brain_AXT2_202_2020214,AXT2,6,VAL,Success
file_brain_AXT2_202_2020214/processed/slice_7.mat,file_brain_AXT2_202_2020214,AXT2,7,VAL,Success
file_brain_AXT2_202_2020214/processed/slice_8.mat,file_brain_AXT2_202_2020214,AXT2,8,VAL,Success
file_brain_AXT2_202_2020214/processed/slice_9.mat,file_brain_AXT2_202_2020214,AXT2,9,VAL,Success
file_brain_AXT2_202_2020214/processed/slice_10.mat,file_brain_AXT2_202_2020214,AXT2,10,VAL,Success
file_brain_AXT2_202_2020214/processed/slice_11.mat,file_brain_AXT2_202_2020214,AXT2,11,VAL,Success
file_brain_AXT2_202_2020214/processed/slice_12.mat,file_brain_AXT2_202_2020214,AXT2,12,VAL,Success
file_brain_AXT2_202_2020214/processed/slice_13.mat,file_brain_AXT2_202_2020214,AXT2,13,VAL,Success
file_brain_AXT2_202_2020214/processed/slice_14.mat,file_brain_AXT2_202_2020214,AXT2,14,VAL,Success
file_brain_AXT2_202_2020214/processed/slice_15.mat,file_brain_AXT2_202_2020214,AXT2,15,VAL,Success
file_brain_AXT2_202_2020214/processed/slice_16.mat,file_brain_AXT2_202_2020214,AXT2,16,VAL,Success
file_brain_AXT2_202_2020261/processed/slice_1.mat,file_brain_AXT2_202_2020261,AXT2,1,VAL,Success
file_brain_AXT2_202_2020261/processed/slice_2.mat,file_brain_AXT2_202_2020261,AXT2,2,VAL,Success
file_brain_AXT2_202_2020261/processed/slice_3.mat,file_brain_AXT2_202_2020261,AXT2,3,VAL,Success
file_brain_AXT2_202_2020261/processed/slice_4.mat,file_brain_AXT2_202_2020261,AXT2,4,VAL,Success
file_brain_AXT2_202_2020261/processed/slice_5.mat,file_brain_AXT2_202_2020261,AXT2,5,VAL,Success
file_brain_AXT2_202_2020261/processed/slice_6.mat,file_brain_AXT2_202_2020261,AXT2,6,VAL,Success
file_brain_AXT2_202_2020261/processed/slice_7.mat,file_brain_AXT2_202_2020261,AXT2,7,VAL,Success
file_brain_AXT2_202_2020261/processed/slice_8.mat,file_brain_AXT2_202_2020261,AXT2,8,VAL,Success
file_brain_AXT2_202_2020261/processed/slice_9.mat,file_brain_AXT2_202_2020261,AXT2,9,VAL,Success
file_brain_AXT2_202_2020261/processed/slice_10.mat,file_brain_AXT2_202_2020261,AXT2,10,VAL,Success
file_brain_AXT2_202_2020261/processed/slice_11.mat,file_brain_AXT2_202_2020261,AXT2,11,VAL,Success
file_brain_AXT2_202_2020261/processed/slice_12.mat,file_brain_AXT2_202_2020261,AXT2,12,VAL,Success
file_brain_AXT2_202_2020261/processed/slice_13.mat,file_brain_AXT2_202_2020261,AXT2,13,VAL,Success
file_brain_AXT2_202_2020261/processed/slice_14.mat,file_brain_AXT2_202_2020261,AXT2,14,VAL,Success
file_brain_AXT2_202_2020261/processed/slice_15.mat,file_brain_AXT2_202_2020261,AXT2,15,VAL,Success
file_brain_AXT2_202_2020261/processed/slice_16.mat,file_brain_AXT2_202_2020261,AXT2,16,VAL,Success
file_brain_AXT2_202_2020272/processed/slice_1.mat,file_brain_AXT2_202_2020272,AXT2,1,VAL,Success
file_brain_AXT2_202_2020272/processed/slice_2.mat,file_brain_AXT2_202_2020272,AXT2,2,VAL,Success
file_brain_AXT2_202_2020272/processed/slice_3.mat,file_brain_AXT2_202_2020272,AXT2,3,VAL,Success
file_brain_AXT2_202_2020272/processed/slice_4.mat,file_brain_AXT2_202_2020272,AXT2,4,VAL,Success
file_brain_AXT2_202_2020272/processed/slice_5.mat,file_brain_AXT2_202_2020272,AXT2,5,VAL,Success
file_brain_AXT2_202_2020272/processed/slice_6.mat,file_brain_AXT2_202_2020272,AXT2,6,VAL,Success
file_brain_AXT2_202_2020272/processed/slice_7.mat,file_brain_AXT2_202_2020272,AXT2,7,VAL,Success
file_brain_AXT2_202_2020272/processed/slice_8.mat,file_brain_AXT2_202_2020272,AXT2,8,VAL,Success
file_brain_AXT2_202_2020272/processed/slice_9.mat,file_brain_AXT2_202_2020272,AXT2,9,VAL,Success
file_brain_AXT2_202_2020272/processed/slice_10.mat,file_brain_AXT2_202_2020272,AXT2,10,VAL,Success
file_brain_AXT2_202_2020272/processed/slice_11.mat,file_brain_AXT2_202_2020272,AXT2,11,VAL,Success
file_brain_AXT2_202_2020272/processed/slice_12.mat,file_brain_AXT2_202_2020272,AXT2,12,VAL,Success
file_brain_AXT2_202_2020272/processed/slice_13.mat,file_brain_AXT2_202_2020272,AXT2,13,VAL,Success
file_brain_AXT2_202_2020272/processed/slice_14.mat,file_brain_AXT2_202_2020272,AXT2,14,VAL,Success
file_brain_AXT2_202_2020272/processed/slice_15.mat,file_brain_AXT2_202_2020272,AXT2,15,VAL,Success
file_brain_AXT2_202_2020272/processed/slice_16.mat,file_brain_AXT2_202_2020272,AXT2,16,VAL,Success
file_brain_AXT2_202_2020273/processed/slice_1.mat,file_brain_AXT2_202_2020273,AXT2,1,TEST,Success
file_brain_AXT2_202_2020273/processed/slice_2.mat,file_brain_AXT2_202_2020273,AXT2,2,TEST,Success
file_brain_AXT2_202_2020273/processed/slice_3.mat,file_brain_AXT2_202_2020273,AXT2,3,TEST,Success
file_brain_AXT2_202_2020273/processed/slice_4.mat,file_brain_AXT2_202_2020273,AXT2,4,TEST,Success
file_brain_AXT2_202_2020273/processed/slice_5.mat,file_brain_AXT2_202_2020273,AXT2,5,TEST,Success
file_brain_AXT2_202_2020273/processed/slice_6.mat,file_brain_AXT2_202_2020273,AXT2,6,TEST,Success
file_brain_AXT2_202_2020273/processed/slice_7.mat,file_brain_AXT2_202_2020273,AXT2,7,TEST,Success
file_brain_AXT2_202_2020273/processed/slice_8.mat,file_brain_AXT2_202_2020273,AXT2,8,TEST,Success
file_brain_AXT2_202_2020273/processed/slice_9.mat,file_brain_AXT2_202_2020273,AXT2,9,TEST,Success
file_brain_AXT2_202_2020273/processed/slice_10.mat,file_brain_AXT2_202_2020273,AXT2,10,TEST,Success
file_brain_AXT2_202_2020273/processed/slice_11.mat,file_brain_AXT2_202_2020273,AXT2,11,TEST,Success
file_brain_AXT2_202_2020273/processed/slice_12.mat,file_brain_AXT2_202_2020273,AXT2,12,TEST,Success
file_brain_AXT2_202_2020273/processed/slice_13.mat,file_brain_AXT2_202_2020273,AXT2,13,TEST,Success
file_brain_AXT2_202_2020273/processed/slice_14.mat,file_brain_AXT2_202_2020273,AXT2,14,TEST,Success
file_brain_AXT2_202_2020290/processed/slice_1.mat,file_brain_AXT2_202_2020290,AXT2,1,TRAIN,Success
file_brain_AXT2_202_2020290/processed/slice_2.mat,file_brain_AXT2_202_2020290,AXT2,2,TRAIN,Success
file_brain_AXT2_202_2020290/processed/slice_3.mat,file_brain_AXT2_202_2020290,AXT2,3,TRAIN,Success
file_brain_AXT2_202_2020290/processed/slice_4.mat,file_brain_AXT2_202_2020290,AXT2,4,TRAIN,Success
file_brain_AXT2_202_2020290/processed/slice_5.mat,file_brain_AXT2_202_2020290,AXT2,5,TRAIN,Success
file_brain_AXT2_202_2020290/processed/slice_6.mat,file_brain_AXT2_202_2020290,AXT2,6,TRAIN,Success
file_brain_AXT2_202_2020290/processed/slice_7.mat,file_brain_AXT2_202_2020290,AXT2,7,TRAIN,Success
file_brain_AXT2_202_2020290/processed/slice_8.mat,file_brain_AXT2_202_2020290,AXT2,8,TRAIN,Success
file_brain_AXT2_202_2020290/processed/slice_9.mat,file_brain_AXT2_202_2020290,AXT2,9,TRAIN,Success
file_brain_AXT2_202_2020290/processed/slice_10.mat,file_brain_AXT2_202_2020290,AXT2,10,TRAIN,Success
file_brain_AXT2_202_2020290/processed/slice_11.mat,file_brain_AXT2_202_2020290,AXT2,11,TRAIN,Success
file_brain_AXT2_202_2020290/processed/slice_12.mat,file_brain_AXT2_202_2020290,AXT2,12,TRAIN,Success
file_brain_AXT2_202_2020290/processed/slice_13.mat,file_brain_AXT2_202_2020290,AXT2,13,TRAIN,Success
file_brain_AXT2_202_2020290/processed/slice_14.mat,file_brain_AXT2_202_2020290,AXT2,14,TRAIN,Success
file_brain_AXT2_202_2020290/processed/slice_15.mat,file_brain_AXT2_202_2020290,AXT2,15,TRAIN,Success
file_brain_AXT2_202_2020290/processed/slice_16.mat,file_brain_AXT2_202_2020290,AXT2,16,TRAIN,Success
file_brain_AXT2_202_2020297/processed/slice_1.mat,file_brain_AXT2_202_2020297,AXT2,1,TRAIN,Success
file_brain_AXT2_202_2020297/processed/slice_2.mat,file_brain_AXT2_202_2020297,AXT2,2,TRAIN,Success
file_brain_AXT2_202_2020297/processed/slice_3.mat,file_brain_AXT2_202_2020297,AXT2,3,TRAIN,Success
file_brain_AXT2_202_2020297/processed/slice_4.mat,file_brain_AXT2_202_2020297,AXT2,4,TRAIN,Success
file_brain_AXT2_202_2020297/processed/slice_5.mat,file_brain_AXT2_202_2020297,AXT2,5,TRAIN,Success
file_brain_AXT2_202_2020297/processed/slice_6.mat,file_brain_AXT2_202_2020297,AXT2,6,TRAIN,Success
file_brain_AXT2_202_2020297/processed/slice_7.mat,file_brain_AXT2_202_2020297,AXT2,7,TRAIN,Success
file_brain_AXT2_202_2020297/processed/slice_8.mat,file_brain_AXT2_202_2020297,AXT2,8,TRAIN,Success
file_brain_AXT2_202_2020297/processed/slice_9.mat,file_brain_AXT2_202_2020297,AXT2,9,TRAIN,Success
file_brain_AXT2_202_2020297/processed/slice_10.mat,file_brain_AXT2_202_2020297,AXT2,10,TRAIN,Success
file_brain_AXT2_202_2020297/processed/slice_11.mat,file_brain_AXT2_202_2020297,AXT2,11,TRAIN,Success
file_brain_AXT2_202_2020297/processed/slice_12.mat,file_brain_AXT2_202_2020297,AXT2,12,TRAIN,Success
file_brain_AXT2_202_2020297/processed/slice_13.mat,file_brain_AXT2_202_2020297,AXT2,13,TRAIN,Success
file_brain_AXT2_202_2020297/processed/slice_14.mat,file_brain_AXT2_202_2020297,AXT2,14,TRAIN,Success
file_brain_AXT2_202_2020331/processed/slice_1.mat,file_brain_AXT2_202_2020331,AXT2,1,VAL,Success
file_brain_AXT2_202_2020331/processed/slice_2.mat,file_brain_AXT2_202_2020331,AXT2,2,VAL,Success
file_brain_AXT2_202_2020331/processed/slice_3.mat,file_brain_AXT2_202_2020331,AXT2,3,VAL,Success
file_brain_AXT2_202_2020331/processed/slice_4.mat,file_brain_AXT2_202_2020331,AXT2,4,VAL,Success
file_brain_AXT2_202_2020331/processed/slice_5.mat,file_brain_AXT2_202_2020331,AXT2,5,VAL,Success
file_brain_AXT2_202_2020331/processed/slice_6.mat,file_brain_AXT2_202_2020331,AXT2,6,VAL,Success
file_brain_AXT2_202_2020331/processed/slice_7.mat,file_brain_AXT2_202_2020331,AXT2,7,VAL,Success
file_brain_AXT2_202_2020331/processed/slice_8.mat,file_brain_AXT2_202_2020331,AXT2,8,VAL,Success
file_brain_AXT2_202_2020331/processed/slice_9.mat,file_brain_AXT2_202_2020331,AXT2,9,VAL,Success
file_brain_AXT2_202_2020331/processed/slice_10.mat,file_brain_AXT2_202_2020331,AXT2,10,VAL,Success
file_brain_AXT2_202_2020331/processed/slice_11.mat,file_brain_AXT2_202_2020331,AXT2,11,VAL,Success
file_brain_AXT2_202_2020331/processed/slice_12.mat,file_brain_AXT2_202_2020331,AXT2,12,VAL,Success
file_brain_AXT2_202_2020331/processed/slice_13.mat,file_brain_AXT2_202_2020331,AXT2,13,VAL,Success
file_brain_AXT2_202_2020331/processed/slice_14.mat,file_brain_AXT2_202_2020331,AXT2,14,VAL,Success
file_brain_AXT2_202_2020331/processed/slice_15.mat,file_brain_AXT2_202_2020331,AXT2,15,VAL,Success
file_brain_AXT2_202_2020331/processed/slice_16.mat,file_brain_AXT2_202_2020331,AXT2,16,VAL,Success
file_brain_AXT2_202_2020358/processed/slice_1.mat,file_brain_AXT2_202_2020358,AXT2,1,TRAIN,Success
file_brain_AXT2_202_2020358/processed/slice_2.mat,file_brain_AXT2_202_2020358,AXT2,2,TRAIN,Success
file_brain_AXT2_202_2020358/processed/slice_3.mat,file_brain_AXT2_202_2020358,AXT2,3,TRAIN,Success
file_brain_AXT2_202_2020358/processed/slice_4.mat,file_brain_AXT2_202_2020358,AXT2,4,TRAIN,Success
file_brain_AXT2_202_2020358/processed/slice_5.mat,file_brain_AXT2_202_2020358,AXT2,5,TRAIN,Success
file_brain_AXT2_202_2020358/processed/slice_6.mat,file_brain_AXT2_202_2020358,AXT2,6,TRAIN,Success
file_brain_AXT2_202_2020358/processed/slice_7.mat,file_brain_AXT2_202_2020358,AXT2,7,TRAIN,Success
file_brain_AXT2_202_2020358/processed/slice_8.mat,file_brain_AXT2_202_2020358,AXT2,8,TRAIN,Success
file_brain_AXT2_202_2020358/processed/slice_9.mat,file_brain_AXT2_202_2020358,AXT2,9,TRAIN,Success
file_brain_AXT2_202_2020358/processed/slice_10.mat,file_brain_AXT2_202_2020358,AXT2,10,TRAIN,Success
file_brain_AXT2_202_2020358/processed/slice_11.mat,file_brain_AXT2_202_2020358,AXT2,11,TRAIN,Success
file_brain_AXT2_202_2020358/processed/slice_12.mat,file_brain_AXT2_202_2020358,AXT2,12,TRAIN,Success
file_brain_AXT2_202_2020358/processed/slice_13.mat,file_brain_AXT2_202_2020358,AXT2,13,TRAIN,Success
file_brain_AXT2_202_2020358/processed/slice_14.mat,file_brain_AXT2_202_2020358,AXT2,14,TRAIN,Success
file_brain_AXT2_202_2020365/processed/slice_1.mat,file_brain_AXT2_202_2020365,AXT2,1,TRAIN,Success
file_brain_AXT2_202_2020365/processed/slice_2.mat,file_brain_AXT2_202_2020365,AXT2,2,TRAIN,Success
file_brain_AXT2_202_2020365/processed/slice_3.mat,file_brain_AXT2_202_2020365,AXT2,3,TRAIN,Success
file_brain_AXT2_202_2020365/processed/slice_4.mat,file_brain_AXT2_202_2020365,AXT2,4,TRAIN,Success
file_brain_AXT2_202_2020365/processed/slice_5.mat,file_brain_AXT2_202_2020365,AXT2,5,TRAIN,Success
file_brain_AXT2_202_2020365/processed/slice_6.mat,file_brain_AXT2_202_2020365,AXT2,6,TRAIN,Success
file_brain_AXT2_202_2020365/processed/slice_7.mat,file_brain_AXT2_202_2020365,AXT2,7,TRAIN,Success
file_brain_AXT2_202_2020365/processed/slice_8.mat,file_brain_AXT2_202_2020365,AXT2,8,TRAIN,Success
file_brain_AXT2_202_2020365/processed/slice_9.mat,file_brain_AXT2_202_2020365,AXT2,9,TRAIN,Success
file_brain_AXT2_202_2020365/processed/slice_10.mat,file_brain_AXT2_202_2020365,AXT2,10,TRAIN,Success
file_brain_AXT2_202_2020365/processed/slice_11.mat,file_brain_AXT2_202_2020365,AXT2,11,TRAIN,Success
file_brain_AXT2_202_2020365/processed/slice_12.mat,file_brain_AXT2_202_2020365,AXT2,12,TRAIN,Success
file_brain_AXT2_202_2020365/processed/slice_13.mat,file_brain_AXT2_202_2020365,AXT2,13,TRAIN,Success
file_brain_AXT2_202_2020365/processed/slice_14.mat,file_brain_AXT2_202_2020365,AXT2,14,TRAIN,Success
file_brain_AXT2_202_2020365/processed/slice_15.mat,file_brain_AXT2_202_2020365,AXT2,15,TRAIN,Success
file_brain_AXT2_202_2020365/processed/slice_16.mat,file_brain_AXT2_202_2020365,AXT2,16,TRAIN,Success
file_brain_AXT2_202_2020409/processed/slice_1.mat,file_brain_AXT2_202_2020409,AXT2,1,VAL,Success
file_brain_AXT2_202_2020409/processed/slice_2.mat,file_brain_AXT2_202_2020409,AXT2,2,VAL,Success
file_brain_AXT2_202_2020409/processed/slice_3.mat,file_brain_AXT2_202_2020409,AXT2,3,VAL,Success
file_brain_AXT2_202_2020409/processed/slice_4.mat,file_brain_AXT2_202_2020409,AXT2,4,VAL,Success
file_brain_AXT2_202_2020409/processed/slice_5.mat,file_brain_AXT2_202_2020409,AXT2,5,VAL,Success
file_brain_AXT2_202_2020409/processed/slice_6.mat,file_brain_AXT2_202_2020409,AXT2,6,VAL,Success
file_brain_AXT2_202_2020409/processed/slice_7.mat,file_brain_AXT2_202_2020409,AXT2,7,VAL,Success
file_brain_AXT2_202_2020409/processed/slice_8.mat,file_brain_AXT2_202_2020409,AXT2,8,VAL,Success
file_brain_AXT2_202_2020409/processed/slice_9.mat,file_brain_AXT2_202_2020409,AXT2,9,VAL,Success
file_brain_AXT2_202_2020409/processed/slice_10.mat,file_brain_AXT2_202_2020409,AXT2,10,VAL,Success
file_brain_AXT2_202_2020409/processed/slice_11.mat,file_brain_AXT2_202_2020409,AXT2,11,VAL,Success
file_brain_AXT2_202_2020409/processed/slice_12.mat,file_brain_AXT2_202_2020409,AXT2,12,VAL,Success
file_brain_AXT2_202_2020409/processed/slice_13.mat,file_brain_AXT2_202_2020409,AXT2,13,VAL,Success
file_brain_AXT2_202_2020409/processed/slice_14.mat,file_brain_AXT2_202_2020409,AXT2,14,VAL,Success
file_brain_AXT2_202_2020427/processed/slice_1.mat,file_brain_AXT2_202_2020427,AXT2,1,VAL,Success
file_brain_AXT2_202_2020427/processed/slice_2.mat,file_brain_AXT2_202_2020427,AXT2,2,VAL,Success
file_brain_AXT2_202_2020427/processed/slice_3.mat,file_brain_AXT2_202_2020427,AXT2,3,VAL,Success
file_brain_AXT2_202_2020427/processed/slice_4.mat,file_brain_AXT2_202_2020427,AXT2,4,VAL,Success
file_brain_AXT2_202_2020427/processed/slice_5.mat,file_brain_AXT2_202_2020427,AXT2,5,VAL,Success
file_brain_AXT2_202_2020427/processed/slice_6.mat,file_brain_AXT2_202_2020427,AXT2,6,VAL,Success
file_brain_AXT2_202_2020427/processed/slice_7.mat,file_brain_AXT2_202_2020427,AXT2,7,VAL,Success
file_brain_AXT2_202_2020427/processed/slice_8.mat,file_brain_AXT2_202_2020427,AXT2,8,VAL,Success
file_brain_AXT2_202_2020427/processed/slice_9.mat,file_brain_AXT2_202_2020427,AXT2,9,VAL,Success
file_brain_AXT2_202_2020427/processed/slice_10.mat,file_brain_AXT2_202_2020427,AXT2,10,VAL,Success
file_brain_AXT2_202_2020427/processed/slice_11.mat,file_brain_AXT2_202_2020427,AXT2,11,VAL,Success
file_brain_AXT2_202_2020427/processed/slice_12.mat,file_brain_AXT2_202_2020427,AXT2,12,VAL,Success
file_brain_AXT2_202_2020427/processed/slice_13.mat,file_brain_AXT2_202_2020427,AXT2,13,VAL,Success
file_brain_AXT2_202_2020427/processed/slice_14.mat,file_brain_AXT2_202_2020427,AXT2,14,VAL,Success
file_brain_AXT2_202_2020427/processed/slice_15.mat,file_brain_AXT2_202_2020427,AXT2,15,VAL,Success
file_brain_AXT2_202_2020427/processed/slice_16.mat,file_brain_AXT2_202_2020427,AXT2,16,VAL,Success
file_brain_AXT2_202_2020489/processed/slice_1.mat,file_brain_AXT2_202_2020489,AXT2,1,TRAIN,Success
file_brain_AXT2_202_2020489/processed/slice_2.mat,file_brain_AXT2_202_2020489,AXT2,2,TRAIN,Success
file_brain_AXT2_202_2020489/processed/slice_3.mat,file_brain_AXT2_202_2020489,AXT2,3,TRAIN,Success
file_brain_AXT2_202_2020489/processed/slice_4.mat,file_brain_AXT2_202_2020489,AXT2,4,TRAIN,Success
file_brain_AXT2_202_2020489/processed/slice_5.mat,file_brain_AXT2_202_2020489,AXT2,5,TRAIN,Success
file_brain_AXT2_202_2020489/processed/slice_6.mat,file_brain_AXT2_202_2020489,AXT2,6,TRAIN,Success
file_brain_AXT2_202_2020489/processed/slice_7.mat,file_brain_AXT2_202_2020489,AXT2,7,TRAIN,Success
file_brain_AXT2_202_2020489/processed/slice_8.mat,file_brain_AXT2_202_2020489,AXT2,8,TRAIN,Success
file_brain_AXT2_202_2020489/processed/slice_9.mat,file_brain_AXT2_202_2020489,AXT2,9,TRAIN,Success
file_brain_AXT2_202_2020489/processed/slice_10.mat,file_brain_AXT2_202_2020489,AXT2,10,TRAIN,Success
file_brain_AXT2_202_2020489/processed/slice_11.mat,file_brain_AXT2_202_2020489,AXT2,11,TRAIN,Success
file_brain_AXT2_202_2020489/processed/slice_12.mat,file_brain_AXT2_202_2020489,AXT2,12,TRAIN,Success
file_brain_AXT2_202_2020489/processed/slice_13.mat,file_brain_AXT2_202_2020489,AXT2,13,TRAIN,Success
file_brain_AXT2_202_2020489/processed/slice_14.mat,file_brain_AXT2_202_2020489,AXT2,14,TRAIN,Success
file_brain_AXT2_202_2020489/processed/slice_15.mat,file_brain_AXT2_202_2020489,AXT2,15,TRAIN,Success
file_brain_AXT2_202_2020489/processed/slice_16.mat,file_brain_AXT2_202_2020489,AXT2,16,TRAIN,Success
file_brain_AXT2_202_2020500/processed/slice_1.mat,file_brain_AXT2_202_2020500,AXT2,1,TRAIN,Success
file_brain_AXT2_202_2020500/processed/slice_2.mat,file_brain_AXT2_202_2020500,AXT2,2,TRAIN,Success
file_brain_AXT2_202_2020500/processed/slice_3.mat,file_brain_AXT2_202_2020500,AXT2,3,TRAIN,Success
file_brain_AXT2_202_2020500/processed/slice_4.mat,file_brain_AXT2_202_2020500,AXT2,4,TRAIN,Success
file_brain_AXT2_202_2020500/processed/slice_5.mat,file_brain_AXT2_202_2020500,AXT2,5,TRAIN,Success
file_brain_AXT2_202_2020500/processed/slice_6.mat,file_brain_AXT2_202_2020500,AXT2,6,TRAIN,Success
file_brain_AXT2_202_2020500/processed/slice_7.mat,file_brain_AXT2_202_2020500,AXT2,7,TRAIN,Success
file_brain_AXT2_202_2020500/processed/slice_8.mat,file_brain_AXT2_202_2020500,AXT2,8,TRAIN,Success
file_brain_AXT2_202_2020500/processed/slice_9.mat,file_brain_AXT2_202_2020500,AXT2,9,TRAIN,Success
file_brain_AXT2_202_2020500/processed/slice_10.mat,file_brain_AXT2_202_2020500,AXT2,10,TRAIN,Success
file_brain_AXT2_202_2020500/processed/slice_11.mat,file_brain_AXT2_202_2020500,AXT2,11,TRAIN,Success
file_brain_AXT2_202_2020500/processed/slice_12.mat,file_brain_AXT2_202_2020500,AXT2,12,TRAIN,Success
file_brain_AXT2_202_2020500/processed/slice_13.mat,file_brain_AXT2_202_2020500,AXT2,13,TRAIN,Success
file_brain_AXT2_202_2020500/processed/slice_14.mat,file_brain_AXT2_202_2020500,AXT2,14,TRAIN,Success
file_brain_AXT2_202_2020500/processed/slice_15.mat,file_brain_AXT2_202_2020500,AXT2,15,TRAIN,Success
file_brain_AXT2_202_2020500/processed/slice_16.mat,file_brain_AXT2_202_2020500,AXT2,16,TRAIN,Success
file_brain_AXT2_202_2020519/processed/slice_1.mat,file_brain_AXT2_202_2020519,AXT2,1,TRAIN,Success
file_brain_AXT2_202_2020519/processed/slice_2.mat,file_brain_AXT2_202_2020519,AXT2,2,TRAIN,Success
file_brain_AXT2_202_2020519/processed/slice_3.mat,file_brain_AXT2_202_2020519,AXT2,3,TRAIN,Success
file_brain_AXT2_202_2020519/processed/slice_4.mat,file_brain_AXT2_202_2020519,AXT2,4,TRAIN,Success
file_brain_AXT2_202_2020519/processed/slice_5.mat,file_brain_AXT2_202_2020519,AXT2,5,TRAIN,Success
file_brain_AXT2_202_2020519/processed/slice_6.mat,file_brain_AXT2_202_2020519,AXT2,6,TRAIN,Success
file_brain_AXT2_202_2020519/processed/slice_7.mat,file_brain_AXT2_202_2020519,AXT2,7,TRAIN,Success
file_brain_AXT2_202_2020519/processed/slice_8.mat,file_brain_AXT2_202_2020519,AXT2,8,TRAIN,Success
file_brain_AXT2_202_2020519/processed/slice_9.mat,file_brain_AXT2_202_2020519,AXT2,9,TRAIN,Success
file_brain_AXT2_202_2020519/processed/slice_10.mat,file_brain_AXT2_202_2020519,AXT2,10,TRAIN,Success
file_brain_AXT2_202_2020519/processed/slice_11.mat,file_brain_AXT2_202_2020519,AXT2,11,TRAIN,Success
file_brain_AXT2_202_2020519/processed/slice_12.mat,file_brain_AXT2_202_2020519,AXT2,12,TRAIN,Success
file_brain_AXT2_202_2020519/processed/slice_13.mat,file_brain_AXT2_202_2020519,AXT2,13,TRAIN,Success
file_brain_AXT2_202_2020519/processed/slice_14.mat,file_brain_AXT2_202_2020519,AXT2,14,TRAIN,Success
file_brain_AXT2_202_2020519/processed/slice_15.mat,file_brain_AXT2_202_2020519,AXT2,15,TRAIN,Success
file_brain_AXT2_202_2020519/processed/slice_16.mat,file_brain_AXT2_202_2020519,AXT2,16,TRAIN,Success
file_brain_AXT2_202_2020555/processed/slice_1.mat,file_brain_AXT2_202_2020555,AXT2,1,TRAIN,Success
file_brain_AXT2_202_2020555/processed/slice_2.mat,file_brain_AXT2_202_2020555,AXT2,2,TRAIN,Success
file_brain_AXT2_202_2020555/processed/slice_3.mat,file_brain_AXT2_202_2020555,AXT2,3,TRAIN,Success
file_brain_AXT2_202_2020555/processed/slice_4.mat,file_brain_AXT2_202_2020555,AXT2,4,TRAIN,Success
file_brain_AXT2_202_2020555/processed/slice_5.mat,file_brain_AXT2_202_2020555,AXT2,5,TRAIN,Success
file_brain_AXT2_202_2020555/processed/slice_6.mat,file_brain_AXT2_202_2020555,AXT2,6,TRAIN,Success
file_brain_AXT2_202_2020555/processed/slice_7.mat,file_brain_AXT2_202_2020555,AXT2,7,TRAIN,Success
file_brain_AXT2_202_2020555/processed/slice_8.mat,file_brain_AXT2_202_2020555,AXT2,8,TRAIN,Success
file_brain_AXT2_202_2020555/processed/slice_9.mat,file_brain_AXT2_202_2020555,AXT2,9,TRAIN,Success
file_brain_AXT2_202_2020555/processed/slice_10.mat,file_brain_AXT2_202_2020555,AXT2,10,TRAIN,Success
file_brain_AXT2_202_2020555/processed/slice_11.mat,file_brain_AXT2_202_2020555,AXT2,11,TRAIN,Success
file_brain_AXT2_202_2020555/processed/slice_12.mat,file_brain_AXT2_202_2020555,AXT2,12,TRAIN,Success
file_brain_AXT2_202_2020555/processed/slice_13.mat,file_brain_AXT2_202_2020555,AXT2,13,TRAIN,Success
file_brain_AXT2_202_2020555/processed/slice_14.mat,file_brain_AXT2_202_2020555,AXT2,14,TRAIN,Success
file_brain_AXT2_202_2020555/processed/slice_15.mat,file_brain_AXT2_202_2020555,AXT2,15,TRAIN,Success
file_brain_AXT2_202_2020555/processed/slice_16.mat,file_brain_AXT2_202_2020555,AXT2,16,TRAIN,Success
file_brain_AXT2_202_6000459/processed/slice_1.mat,file_brain_AXT2_202_6000459,AXT2,1,TRAIN,Success
file_brain_AXT2_202_6000459/processed/slice_2.mat,file_brain_AXT2_202_6000459,AXT2,2,TRAIN,Success
file_brain_AXT2_202_6000459/processed/slice_3.mat,file_brain_AXT2_202_6000459,AXT2,3,TRAIN,Success
file_brain_AXT2_202_6000459/processed/slice_4.mat,file_brain_AXT2_202_6000459,AXT2,4,TRAIN,Success
file_brain_AXT2_202_6000459/processed/slice_5.mat,file_brain_AXT2_202_6000459,AXT2,5,TRAIN,Success
file_brain_AXT2_202_6000459/processed/slice_6.mat,file_brain_AXT2_202_6000459,AXT2,6,TRAIN,Success
file_brain_AXT2_202_6000459/processed/slice_7.mat,file_brain_AXT2_202_6000459,AXT2,7,TRAIN,Success
file_brain_AXT2_202_6000459/processed/slice_8.mat,file_brain_AXT2_202_6000459,AXT2,8,TRAIN,Success
file_brain_AXT2_202_6000459/processed/slice_9.mat,file_brain_AXT2_202_6000459,AXT2,9,TRAIN,Success
file_brain_AXT2_202_6000459/processed/slice_10.mat,file_brain_AXT2_202_6000459,AXT2,10,TRAIN,Success
file_brain_AXT2_202_6000459/processed/slice_11.mat,file_brain_AXT2_202_6000459,AXT2,11,TRAIN,Success
file_brain_AXT2_202_6000459/processed/slice_12.mat,file_brain_AXT2_202_6000459,AXT2,12,TRAIN,Success
file_brain_AXT2_202_6000459/processed/slice_13.mat,file_brain_AXT2_202_6000459,AXT2,13,TRAIN,Success
file_brain_AXT2_202_6000459/processed/slice_14.mat,file_brain_AXT2_202_6000459,AXT2,14,TRAIN,Success
file_brain_AXT2_202_6000459/processed/slice_15.mat,file_brain_AXT2_202_6000459,AXT2,15,TRAIN,Success
file_brain_AXT2_202_6000459/processed/slice_16.mat,file_brain_AXT2_202_6000459,AXT2,16,TRAIN,Success
file_brain_AXT2_203_2030092/processed/slice_1.mat,file_brain_AXT2_203_2030092,AXT2,1,TRAIN,Success
file_brain_AXT2_203_2030092/processed/slice_2.mat,file_brain_AXT2_203_2030092,AXT2,2,TRAIN,Success
file_brain_AXT2_203_2030092/processed/slice_3.mat,file_brain_AXT2_203_2030092,AXT2,3,TRAIN,Success
file_brain_AXT2_203_2030092/processed/slice_4.mat,file_brain_AXT2_203_2030092,AXT2,4,TRAIN,Success
file_brain_AXT2_203_2030092/processed/slice_5.mat,file_brain_AXT2_203_2030092,AXT2,5,TRAIN,Success
file_brain_AXT2_203_2030092/processed/slice_6.mat,file_brain_AXT2_203_2030092,AXT2,6,TRAIN,Success
file_brain_AXT2_203_2030092/processed/slice_7.mat,file_brain_AXT2_203_2030092,AXT2,7,TRAIN,Success
file_brain_AXT2_203_2030092/processed/slice_8.mat,file_brain_AXT2_203_2030092,AXT2,8,TRAIN,Success
file_brain_AXT2_203_2030092/processed/slice_9.mat,file_brain_AXT2_203_2030092,AXT2,9,TRAIN,Success
file_brain_AXT2_203_2030092/processed/slice_10.mat,file_brain_AXT2_203_2030092,AXT2,10,TRAIN,Success
file_brain_AXT2_203_2030092/processed/slice_11.mat,file_brain_AXT2_203_2030092,AXT2,11,TRAIN,Success
file_brain_AXT2_203_2030092/processed/slice_12.mat,file_brain_AXT2_203_2030092,AXT2,12,TRAIN,Success
file_brain_AXT2_203_2030092/processed/slice_13.mat,file_brain_AXT2_203_2030092,AXT2,13,TRAIN,Success
file_brain_AXT2_203_2030092/processed/slice_14.mat,file_brain_AXT2_203_2030092,AXT2,14,TRAIN,Success
file_brain_AXT2_203_2030092/processed/slice_15.mat,file_brain_AXT2_203_2030092,AXT2,15,TRAIN,Success
file_brain_AXT2_203_2030092/processed/slice_16.mat,file_brain_AXT2_203_2030092,AXT2,16,TRAIN,Success
file_brain_AXT2_203_2030096/processed/slice_1.mat,file_brain_AXT2_203_2030096,AXT2,1,TRAIN,Success
file_brain_AXT2_203_2030096/processed/slice_2.mat,file_brain_AXT2_203_2030096,AXT2,2,TRAIN,Success
file_brain_AXT2_203_2030096/processed/slice_3.mat,file_brain_AXT2_203_2030096,AXT2,3,TRAIN,Success
file_brain_AXT2_203_2030096/processed/slice_4.mat,file_brain_AXT2_203_2030096,AXT2,4,TRAIN,Success
file_brain_AXT2_203_2030096/processed/slice_5.mat,file_brain_AXT2_203_2030096,AXT2,5,TRAIN,Success
file_brain_AXT2_203_2030096/processed/slice_6.mat,file_brain_AXT2_203_2030096,AXT2,6,TRAIN,Success
file_brain_AXT2_203_2030096/processed/slice_7.mat,file_brain_AXT2_203_2030096,AXT2,7,TRAIN,Success
file_brain_AXT2_203_2030096/processed/slice_8.mat,file_brain_AXT2_203_2030096,AXT2,8,TRAIN,Success
file_brain_AXT2_203_2030096/processed/slice_9.mat,file_brain_AXT2_203_2030096,AXT2,9,TRAIN,Success
file_brain_AXT2_203_2030096/processed/slice_10.mat,file_brain_AXT2_203_2030096,AXT2,10,TRAIN,Success
file_brain_AXT2_203_2030096/processed/slice_11.mat,file_brain_AXT2_203_2030096,AXT2,11,TRAIN,Success
file_brain_AXT2_203_2030096/processed/slice_12.mat,file_brain_AXT2_203_2030096,AXT2,12,TRAIN,Success
file_brain_AXT2_203_2030096/processed/slice_13.mat,file_brain_AXT2_203_2030096,AXT2,13,TRAIN,Success
file_brain_AXT2_203_2030096/processed/slice_14.mat,file_brain_AXT2_203_2030096,AXT2,14,TRAIN,Success
file_brain_AXT2_203_2030096/processed/slice_15.mat,file_brain_AXT2_203_2030096,AXT2,15,TRAIN,Success
file_brain_AXT2_203_2030096/processed/slice_16.mat,file_brain_AXT2_203_2030096,AXT2,16,TRAIN,Success
file_brain_AXT2_203_2030122/processed/slice_1.mat,file_brain_AXT2_203_2030122,AXT2,1,TRAIN,Success
file_brain_AXT2_203_2030122/processed/slice_2.mat,file_brain_AXT2_203_2030122,AXT2,2,TRAIN,Success
file_brain_AXT2_203_2030122/processed/slice_3.mat,file_brain_AXT2_203_2030122,AXT2,3,TRAIN,Success
file_brain_AXT2_203_2030122/processed/slice_4.mat,file_brain_AXT2_203_2030122,AXT2,4,TRAIN,Success
file_brain_AXT2_203_2030122/processed/slice_5.mat,file_brain_AXT2_203_2030122,AXT2,5,TRAIN,Success
file_brain_AXT2_203_2030122/processed/slice_6.mat,file_brain_AXT2_203_2030122,AXT2,6,TRAIN,Success
file_brain_AXT2_203_2030122/processed/slice_7.mat,file_brain_AXT2_203_2030122,AXT2,7,TRAIN,Success
file_brain_AXT2_203_2030122/processed/slice_8.mat,file_brain_AXT2_203_2030122,AXT2,8,TRAIN,Success
file_brain_AXT2_203_2030122/processed/slice_9.mat,file_brain_AXT2_203_2030122,AXT2,9,TRAIN,Success
file_brain_AXT2_203_2030122/processed/slice_10.mat,file_brain_AXT2_203_2030122,AXT2,10,TRAIN,Success
file_brain_AXT2_203_2030122/processed/slice_11.mat,file_brain_AXT2_203_2030122,AXT2,11,TRAIN,Success
file_brain_AXT2_203_2030122/processed/slice_12.mat,file_brain_AXT2_203_2030122,AXT2,12,TRAIN,Success
file_brain_AXT2_203_2030122/processed/slice_13.mat,file_brain_AXT2_203_2030122,AXT2,13,TRAIN,Success
file_brain_AXT2_203_2030122/processed/slice_14.mat,file_brain_AXT2_203_2030122,AXT2,14,TRAIN,Success
file_brain_AXT2_203_2030122/processed/slice_15.mat,file_brain_AXT2_203_2030122,AXT2,15,TRAIN,Success
file_brain_AXT2_203_2030122/processed/slice_16.mat,file_brain_AXT2_203_2030122,AXT2,16,TRAIN,Success
file_brain_AXT2_203_2030135/processed/slice_1.mat,file_brain_AXT2_203_2030135,AXT2,1,TRAIN,Success
file_brain_AXT2_203_2030135/processed/slice_2.mat,file_brain_AXT2_203_2030135,AXT2,2,TRAIN,Success
file_brain_AXT2_203_2030135/processed/slice_3.mat,file_brain_AXT2_203_2030135,AXT2,3,TRAIN,Success
file_brain_AXT2_203_2030135/processed/slice_4.mat,file_brain_AXT2_203_2030135,AXT2,4,TRAIN,Success
file_brain_AXT2_203_2030135/processed/slice_5.mat,file_brain_AXT2_203_2030135,AXT2,5,TRAIN,Success
file_brain_AXT2_203_2030135/processed/slice_6.mat,file_brain_AXT2_203_2030135,AXT2,6,TRAIN,Success
file_brain_AXT2_203_2030135/processed/slice_7.mat,file_brain_AXT2_203_2030135,AXT2,7,TRAIN,Success
file_brain_AXT2_203_2030135/processed/slice_8.mat,file_brain_AXT2_203_2030135,AXT2,8,TRAIN,Success
file_brain_AXT2_203_2030135/processed/slice_9.mat,file_brain_AXT2_203_2030135,AXT2,9,TRAIN,Success
file_brain_AXT2_203_2030135/processed/slice_10.mat,file_brain_AXT2_203_2030135,AXT2,10,TRAIN,Success
file_brain_AXT2_203_2030135/processed/slice_11.mat,file_brain_AXT2_203_2030135,AXT2,11,TRAIN,Success
file_brain_AXT2_203_2030135/processed/slice_12.mat,file_brain_AXT2_203_2030135,AXT2,12,TRAIN,Success
file_brain_AXT2_203_2030135/processed/slice_13.mat,file_brain_AXT2_203_2030135,AXT2,13,TRAIN,Success
file_brain_AXT2_203_2030135/processed/slice_14.mat,file_brain_AXT2_203_2030135,AXT2,14,TRAIN,Success
file_brain_AXT2_203_2030135/processed/slice_15.mat,file_brain_AXT2_203_2030135,AXT2,15,TRAIN,Success
file_brain_AXT2_203_2030135/processed/slice_16.mat,file_brain_AXT2_203_2030135,AXT2,16,TRAIN,Success
file_brain_AXT2_203_2030196/processed/slice_1.mat,file_brain_AXT2_203_2030196,AXT2,1,TRAIN,Success
file_brain_AXT2_203_2030196/processed/slice_2.mat,file_brain_AXT2_203_2030196,AXT2,2,TRAIN,Success
file_brain_AXT2_203_2030196/processed/slice_3.mat,file_brain_AXT2_203_2030196,AXT2,3,TRAIN,Success
file_brain_AXT2_203_2030196/processed/slice_4.mat,file_brain_AXT2_203_2030196,AXT2,4,TRAIN,Success
file_brain_AXT2_203_2030196/processed/slice_5.mat,file_brain_AXT2_203_2030196,AXT2,5,TRAIN,Success
file_brain_AXT2_203_2030196/processed/slice_6.mat,file_brain_AXT2_203_2030196,AXT2,6,TRAIN,Success
file_brain_AXT2_203_2030196/processed/slice_7.mat,file_brain_AXT2_203_2030196,AXT2,7,TRAIN,Success
file_brain_AXT2_203_2030196/processed/slice_8.mat,file_brain_AXT2_203_2030196,AXT2,8,TRAIN,Success
file_brain_AXT2_203_2030196/processed/slice_9.mat,file_brain_AXT2_203_2030196,AXT2,9,TRAIN,Success
file_brain_AXT2_203_2030196/processed/slice_10.mat,file_brain_AXT2_203_2030196,AXT2,10,TRAIN,Success
file_brain_AXT2_203_2030196/processed/slice_11.mat,file_brain_AXT2_203_2030196,AXT2,11,TRAIN,Success
file_brain_AXT2_203_2030196/processed/slice_12.mat,file_brain_AXT2_203_2030196,AXT2,12,TRAIN,Success
file_brain_AXT2_203_2030196/processed/slice_13.mat,file_brain_AXT2_203_2030196,AXT2,13,TRAIN,Success
file_brain_AXT2_203_2030196/processed/slice_14.mat,file_brain_AXT2_203_2030196,AXT2,14,TRAIN,Success
file_brain_AXT2_203_2030196/processed/slice_15.mat,file_brain_AXT2_203_2030196,AXT2,15,TRAIN,Success
file_brain_AXT2_203_2030196/processed/slice_16.mat,file_brain_AXT2_203_2030196,AXT2,16,TRAIN,Success
file_brain_AXT2_203_2030254/processed/slice_1.mat,file_brain_AXT2_203_2030254,AXT2,1,TRAIN,Success
file_brain_AXT2_203_2030254/processed/slice_2.mat,file_brain_AXT2_203_2030254,AXT2,2,TRAIN,Success
file_brain_AXT2_203_2030254/processed/slice_3.mat,file_brain_AXT2_203_2030254,AXT2,3,TRAIN,Success
file_brain_AXT2_203_2030254/processed/slice_4.mat,file_brain_AXT2_203_2030254,AXT2,4,TRAIN,Success
file_brain_AXT2_203_2030254/processed/slice_5.mat,file_brain_AXT2_203_2030254,AXT2,5,TRAIN,Success
file_brain_AXT2_203_2030254/processed/slice_6.mat,file_brain_AXT2_203_2030254,AXT2,6,TRAIN,Success
file_brain_AXT2_203_2030254/processed/slice_7.mat,file_brain_AXT2_203_2030254,AXT2,7,TRAIN,Success
file_brain_AXT2_203_2030254/processed/slice_8.mat,file_brain_AXT2_203_2030254,AXT2,8,TRAIN,Success
file_brain_AXT2_203_2030254/processed/slice_9.mat,file_brain_AXT2_203_2030254,AXT2,9,TRAIN,Success
file_brain_AXT2_203_2030254/processed/slice_10.mat,file_brain_AXT2_203_2030254,AXT2,10,TRAIN,Success
file_brain_AXT2_203_2030254/processed/slice_11.mat,file_brain_AXT2_203_2030254,AXT2,11,TRAIN,Success
file_brain_AXT2_203_2030254/processed/slice_12.mat,file_brain_AXT2_203_2030254,AXT2,12,TRAIN,Success
file_brain_AXT2_203_2030254/processed/slice_13.mat,file_brain_AXT2_203_2030254,AXT2,13,TRAIN,Success
file_brain_AXT2_203_2030254/processed/slice_14.mat,file_brain_AXT2_203_2030254,AXT2,14,TRAIN,Success
file_brain_AXT2_203_2030254/processed/slice_15.mat,file_brain_AXT2_203_2030254,AXT2,15,TRAIN,Success
file_brain_AXT2_203_2030254/processed/slice_16.mat,file_brain_AXT2_203_2030254,AXT2,16,TRAIN,Success
file_brain_AXT2_203_2030256/processed/slice_1.mat,file_brain_AXT2_203_2030256,AXT2,1,VAL,Success
file_brain_AXT2_203_2030256/processed/slice_2.mat,file_brain_AXT2_203_2030256,AXT2,2,VAL,Success
file_brain_AXT2_203_2030256/processed/slice_3.mat,file_brain_AXT2_203_2030256,AXT2,3,VAL,Success
file_brain_AXT2_203_2030256/processed/slice_4.mat,file_brain_AXT2_203_2030256,AXT2,4,VAL,Success
file_brain_AXT2_203_2030256/processed/slice_5.mat,file_brain_AXT2_203_2030256,AXT2,5,VAL,Success
file_brain_AXT2_203_2030256/processed/slice_6.mat,file_brain_AXT2_203_2030256,AXT2,6,VAL,Success
file_brain_AXT2_203_2030256/processed/slice_7.mat,file_brain_AXT2_203_2030256,AXT2,7,VAL,Success
file_brain_AXT2_203_2030256/processed/slice_8.mat,file_brain_AXT2_203_2030256,AXT2,8,VAL,Success
file_brain_AXT2_203_2030256/processed/slice_9.mat,file_brain_AXT2_203_2030256,AXT2,9,VAL,Success
file_brain_AXT2_203_2030256/processed/slice_10.mat,file_brain_AXT2_203_2030256,AXT2,10,VAL,Success
file_brain_AXT2_203_2030256/processed/slice_11.mat,file_brain_AXT2_203_2030256,AXT2,11,VAL,Success
file_brain_AXT2_203_2030256/processed/slice_12.mat,file_brain_AXT2_203_2030256,AXT2,12,VAL,Success
file_brain_AXT2_203_2030256/processed/slice_13.mat,file_brain_AXT2_203_2030256,AXT2,13,VAL,Success
file_brain_AXT2_203_2030256/processed/slice_14.mat,file_brain_AXT2_203_2030256,AXT2,14,VAL,Success
file_brain_AXT2_203_2030256/processed/slice_15.mat,file_brain_AXT2_203_2030256,AXT2,15,VAL,Success
file_brain_AXT2_203_2030256/processed/slice_16.mat,file_brain_AXT2_203_2030256,AXT2,16,VAL,Success
file_brain_AXT2_203_2030288/processed/slice_1.mat,file_brain_AXT2_203_2030288,AXT2,1,TRAIN,Success
file_brain_AXT2_203_2030288/processed/slice_2.mat,file_brain_AXT2_203_2030288,AXT2,2,TRAIN,Success
file_brain_AXT2_203_2030288/processed/slice_3.mat,file_brain_AXT2_203_2030288,AXT2,3,TRAIN,Success
file_brain_AXT2_203_2030288/processed/slice_4.mat,file_brain_AXT2_203_2030288,AXT2,4,TRAIN,Success
file_brain_AXT2_203_2030288/processed/slice_5.mat,file_brain_AXT2_203_2030288,AXT2,5,TRAIN,Success
file_brain_AXT2_203_2030288/processed/slice_6.mat,file_brain_AXT2_203_2030288,AXT2,6,TRAIN,Success
file_brain_AXT2_203_2030288/processed/slice_7.mat,file_brain_AXT2_203_2030288,AXT2,7,TRAIN,Success
file_brain_AXT2_203_2030288/processed/slice_8.mat,file_brain_AXT2_203_2030288,AXT2,8,TRAIN,Success
file_brain_AXT2_203_2030288/processed/slice_9.mat,file_brain_AXT2_203_2030288,AXT2,9,TRAIN,Success
file_brain_AXT2_203_2030288/processed/slice_10.mat,file_brain_AXT2_203_2030288,AXT2,10,TRAIN,Success
file_brain_AXT2_203_2030288/processed/slice_11.mat,file_brain_AXT2_203_2030288,AXT2,11,TRAIN,Success
file_brain_AXT2_203_2030288/processed/slice_12.mat,file_brain_AXT2_203_2030288,AXT2,12,TRAIN,Success
file_brain_AXT2_203_2030288/processed/slice_13.mat,file_brain_AXT2_203_2030288,AXT2,13,TRAIN,Success
file_brain_AXT2_203_2030288/processed/slice_14.mat,file_brain_AXT2_203_2030288,AXT2,14,TRAIN,Success
file_brain_AXT2_203_2030288/processed/slice_15.mat,file_brain_AXT2_203_2030288,AXT2,15,TRAIN,Success
file_brain_AXT2_203_2030288/processed/slice_16.mat,file_brain_AXT2_203_2030288,AXT2,16,TRAIN,Success
file_brain_AXT2_203_2030350/processed/slice_1.mat,file_brain_AXT2_203_2030350,AXT2,1,TRAIN,Success
file_brain_AXT2_203_2030350/processed/slice_2.mat,file_brain_AXT2_203_2030350,AXT2,2,TRAIN,Success
file_brain_AXT2_203_2030350/processed/slice_3.mat,file_brain_AXT2_203_2030350,AXT2,3,TRAIN,Success
file_brain_AXT2_203_2030350/processed/slice_4.mat,file_brain_AXT2_203_2030350,AXT2,4,TRAIN,Success
file_brain_AXT2_203_2030350/processed/slice_5.mat,file_brain_AXT2_203_2030350,AXT2,5,TRAIN,Success
file_brain_AXT2_203_2030350/processed/slice_6.mat,file_brain_AXT2_203_2030350,AXT2,6,TRAIN,Success
file_brain_AXT2_203_2030350/processed/slice_7.mat,file_brain_AXT2_203_2030350,AXT2,7,TRAIN,Success
file_brain_AXT2_203_2030350/processed/slice_8.mat,file_brain_AXT2_203_2030350,AXT2,8,TRAIN,Success
file_brain_AXT2_203_2030350/processed/slice_9.mat,file_brain_AXT2_203_2030350,AXT2,9,TRAIN,Success
file_brain_AXT2_203_2030350/processed/slice_10.mat,file_brain_AXT2_203_2030350,AXT2,10,TRAIN,Success
file_brain_AXT2_203_2030350/processed/slice_11.mat,file_brain_AXT2_203_2030350,AXT2,11,TRAIN,Success
file_brain_AXT2_203_2030350/processed/slice_12.mat,file_brain_AXT2_203_2030350,AXT2,12,TRAIN,Success
file_brain_AXT2_203_2030350/processed/slice_13.mat,file_brain_AXT2_203_2030350,AXT2,13,TRAIN,Success
file_brain_AXT2_203_2030350/processed/slice_14.mat,file_brain_AXT2_203_2030350,AXT2,14,TRAIN,Success
file_brain_AXT2_203_2030350/processed/slice_15.mat,file_brain_AXT2_203_2030350,AXT2,15,TRAIN,Success
file_brain_AXT2_203_2030350/processed/slice_16.mat,file_brain_AXT2_203_2030350,AXT2,16,TRAIN,Success
file_brain_AXT2_203_2030352/processed/slice_1.mat,file_brain_AXT2_203_2030352,AXT2,1,TRAIN,Success
file_brain_AXT2_203_2030352/processed/slice_2.mat,file_brain_AXT2_203_2030352,AXT2,2,TRAIN,Success
file_brain_AXT2_203_2030352/processed/slice_3.mat,file_brain_AXT2_203_2030352,AXT2,3,TRAIN,Success
file_brain_AXT2_203_2030352/processed/slice_4.mat,file_brain_AXT2_203_2030352,AXT2,4,TRAIN,Success
file_brain_AXT2_203_2030352/processed/slice_5.mat,file_brain_AXT2_203_2030352,AXT2,5,TRAIN,Success
file_brain_AXT2_203_2030352/processed/slice_6.mat,file_brain_AXT2_203_2030352,AXT2,6,TRAIN,Success
file_brain_AXT2_203_2030352/processed/slice_7.mat,file_brain_AXT2_203_2030352,AXT2,7,TRAIN,Success
file_brain_AXT2_203_2030352/processed/slice_8.mat,file_brain_AXT2_203_2030352,AXT2,8,TRAIN,Success
file_brain_AXT2_203_2030352/processed/slice_9.mat,file_brain_AXT2_203_2030352,AXT2,9,TRAIN,Success
file_brain_AXT2_203_2030352/processed/slice_10.mat,file_brain_AXT2_203_2030352,AXT2,10,TRAIN,Success
file_brain_AXT2_203_2030352/processed/slice_11.mat,file_brain_AXT2_203_2030352,AXT2,11,TRAIN,Success
file_brain_AXT2_203_2030352/processed/slice_12.mat,file_brain_AXT2_203_2030352,AXT2,12,TRAIN,Success
file_brain_AXT2_203_2030352/processed/slice_13.mat,file_brain_AXT2_203_2030352,AXT2,13,TRAIN,Success
file_brain_AXT2_203_2030352/processed/slice_14.mat,file_brain_AXT2_203_2030352,AXT2,14,TRAIN,Success
file_brain_AXT2_203_2030352/processed/slice_15.mat,file_brain_AXT2_203_2030352,AXT2,15,TRAIN,Success
file_brain_AXT2_203_2030352/processed/slice_16.mat,file_brain_AXT2_203_2030352,AXT2,16,TRAIN,Success
file_brain_AXT2_203_2030354/processed/slice_1.mat,file_brain_AXT2_203_2030354,AXT2,1,VAL,Success
file_brain_AXT2_203_2030354/processed/slice_2.mat,file_brain_AXT2_203_2030354,AXT2,2,VAL,Success
file_brain_AXT2_203_2030354/processed/slice_3.mat,file_brain_AXT2_203_2030354,AXT2,3,VAL,Success
file_brain_AXT2_203_2030354/processed/slice_4.mat,file_brain_AXT2_203_2030354,AXT2,4,VAL,Success
file_brain_AXT2_203_2030354/processed/slice_5.mat,file_brain_AXT2_203_2030354,AXT2,5,VAL,Success
file_brain_AXT2_203_2030354/processed/slice_6.mat,file_brain_AXT2_203_2030354,AXT2,6,VAL,Success
file_brain_AXT2_203_2030354/processed/slice_7.mat,file_brain_AXT2_203_2030354,AXT2,7,VAL,Success
file_brain_AXT2_203_2030354/processed/slice_8.mat,file_brain_AXT2_203_2030354,AXT2,8,VAL,Success
file_brain_AXT2_203_2030354/processed/slice_9.mat,file_brain_AXT2_203_2030354,AXT2,9,VAL,Success
file_brain_AXT2_203_2030354/processed/slice_10.mat,file_brain_AXT2_203_2030354,AXT2,10,VAL,Success
file_brain_AXT2_203_2030354/processed/slice_11.mat,file_brain_AXT2_203_2030354,AXT2,11,VAL,Success
file_brain_AXT2_203_2030354/processed/slice_12.mat,file_brain_AXT2_203_2030354,AXT2,12,VAL,Success
file_brain_AXT2_203_2030354/processed/slice_13.mat,file_brain_AXT2_203_2030354,AXT2,13,VAL,Success
file_brain_AXT2_203_2030354/processed/slice_14.mat,file_brain_AXT2_203_2030354,AXT2,14,VAL,Success
file_brain_AXT2_203_2030354/processed/slice_15.mat,file_brain_AXT2_203_2030354,AXT2,15,VAL,Success
file_brain_AXT2_203_2030354/processed/slice_16.mat,file_brain_AXT2_203_2030354,AXT2,16,VAL,Success
file_brain_AXT2_204_2040009/processed/slice_1.mat,file_brain_AXT2_204_2040009,AXT2,1,TRAIN,Success
file_brain_AXT2_204_2040009/processed/slice_2.mat,file_brain_AXT2_204_2040009,AXT2,2,TRAIN,Success
file_brain_AXT2_204_2040009/processed/slice_3.mat,file_brain_AXT2_204_2040009,AXT2,3,TRAIN,Success
file_brain_AXT2_204_2040009/processed/slice_4.mat,file_brain_AXT2_204_2040009,AXT2,4,TRAIN,Success
file_brain_AXT2_204_2040009/processed/slice_5.mat,file_brain_AXT2_204_2040009,AXT2,5,TRAIN,Success
file_brain_AXT2_204_2040009/processed/slice_6.mat,file_brain_AXT2_204_2040009,AXT2,6,TRAIN,Success
file_brain_AXT2_204_2040009/processed/slice_7.mat,file_brain_AXT2_204_2040009,AXT2,7,TRAIN,Success
file_brain_AXT2_204_2040009/processed/slice_8.mat,file_brain_AXT2_204_2040009,AXT2,8,TRAIN,Success
file_brain_AXT2_204_2040009/processed/slice_9.mat,file_brain_AXT2_204_2040009,AXT2,9,TRAIN,Success
file_brain_AXT2_204_2040009/processed/slice_10.mat,file_brain_AXT2_204_2040009,AXT2,10,TRAIN,Success
file_brain_AXT2_204_2040009/processed/slice_11.mat,file_brain_AXT2_204_2040009,AXT2,11,TRAIN,Success
file_brain_AXT2_204_2040009/processed/slice_12.mat,file_brain_AXT2_204_2040009,AXT2,12,TRAIN,Success
file_brain_AXT2_204_2040009/processed/slice_13.mat,file_brain_AXT2_204_2040009,AXT2,13,TRAIN,Success
file_brain_AXT2_204_2040009/processed/slice_14.mat,file_brain_AXT2_204_2040009,AXT2,14,TRAIN,Success
file_brain_AXT2_204_2040009/processed/slice_15.mat,file_brain_AXT2_204_2040009,AXT2,15,TRAIN,Success
file_brain_AXT2_204_2040009/processed/slice_16.mat,file_brain_AXT2_204_2040009,AXT2,16,TRAIN,Success
file_brain_AXT2_204_2040011/processed/slice_1.mat,file_brain_AXT2_204_2040011,AXT2,1,TRAIN,Success
file_brain_AXT2_204_2040011/processed/slice_2.mat,file_brain_AXT2_204_2040011,AXT2,2,TRAIN,Success
file_brain_AXT2_204_2040011/processed/slice_3.mat,file_brain_AXT2_204_2040011,AXT2,3,TRAIN,Success
file_brain_AXT2_204_2040011/processed/slice_4.mat,file_brain_AXT2_204_2040011,AXT2,4,TRAIN,Success
file_brain_AXT2_204_2040011/processed/slice_5.mat,file_brain_AXT2_204_2040011,AXT2,5,TRAIN,Success
file_brain_AXT2_204_2040011/processed/slice_6.mat,file_brain_AXT2_204_2040011,AXT2,6,TRAIN,Success
file_brain_AXT2_204_2040011/processed/slice_7.mat,file_brain_AXT2_204_2040011,AXT2,7,TRAIN,Success
file_brain_AXT2_204_2040011/processed/slice_8.mat,file_brain_AXT2_204_2040011,AXT2,8,TRAIN,Success
file_brain_AXT2_204_2040011/processed/slice_9.mat,file_brain_AXT2_204_2040011,AXT2,9,TRAIN,Success
file_brain_AXT2_204_2040011/processed/slice_10.mat,file_brain_AXT2_204_2040011,AXT2,10,TRAIN,Success
file_brain_AXT2_204_2040011/processed/slice_11.mat,file_brain_AXT2_204_2040011,AXT2,11,TRAIN,Success
file_brain_AXT2_204_2040011/processed/slice_12.mat,file_brain_AXT2_204_2040011,AXT2,12,TRAIN,Success
file_brain_AXT2_204_2040011/processed/slice_13.mat,file_brain_AXT2_204_2040011,AXT2,13,TRAIN,Success
file_brain_AXT2_204_2040011/processed/slice_14.mat,file_brain_AXT2_204_2040011,AXT2,14,TRAIN,Success
file_brain_AXT2_204_2040011/processed/slice_15.mat,file_brain_AXT2_204_2040011,AXT2,15,TRAIN,Success
file_brain_AXT2_204_2040011/processed/slice_16.mat,file_brain_AXT2_204_2040011,AXT2,16,TRAIN,Success
file_brain_AXT2_204_2040042/processed/slice_1.mat,file_brain_AXT2_204_2040042,AXT2,1,TRAIN,Success
file_brain_AXT2_204_2040042/processed/slice_2.mat,file_brain_AXT2_204_2040042,AXT2,2,TRAIN,Success
file_brain_AXT2_204_2040042/processed/slice_3.mat,file_brain_AXT2_204_2040042,AXT2,3,TRAIN,Success
file_brain_AXT2_204_2040042/processed/slice_4.mat,file_brain_AXT2_204_2040042,AXT2,4,TRAIN,Success
file_brain_AXT2_204_2040042/processed/slice_5.mat,file_brain_AXT2_204_2040042,AXT2,5,TRAIN,Success
file_brain_AXT2_204_2040042/processed/slice_6.mat,file_brain_AXT2_204_2040042,AXT2,6,TRAIN,Success
file_brain_AXT2_204_2040042/processed/slice_7.mat,file_brain_AXT2_204_2040042,AXT2,7,TRAIN,Success
file_brain_AXT2_204_2040042/processed/slice_8.mat,file_brain_AXT2_204_2040042,AXT2,8,TRAIN,Success
file_brain_AXT2_204_2040042/processed/slice_9.mat,file_brain_AXT2_204_2040042,AXT2,9,TRAIN,Success
file_brain_AXT2_204_2040042/processed/slice_10.mat,file_brain_AXT2_204_2040042,AXT2,10,TRAIN,Success
file_brain_AXT2_204_2040042/processed/slice_11.mat,file_brain_AXT2_204_2040042,AXT2,11,TRAIN,Success
file_brain_AXT2_204_2040042/processed/slice_12.mat,file_brain_AXT2_204_2040042,AXT2,12,TRAIN,Success
file_brain_AXT2_204_2040042/processed/slice_13.mat,file_brain_AXT2_204_2040042,AXT2,13,TRAIN,Success
file_brain_AXT2_204_2040042/processed/slice_14.mat,file_brain_AXT2_204_2040042,AXT2,14,TRAIN,Success
file_brain_AXT2_204_2040042/processed/slice_15.mat,file_brain_AXT2_204_2040042,AXT2,15,TRAIN,Success
file_brain_AXT2_204_2040042/processed/slice_16.mat,file_brain_AXT2_204_2040042,AXT2,16,TRAIN,Success
file_brain_AXT2_204_2040073/processed/slice_1.mat,file_brain_AXT2_204_2040073,AXT2,1,TRAIN,Success
file_brain_AXT2_204_2040073/processed/slice_2.mat,file_brain_AXT2_204_2040073,AXT2,2,TRAIN,Success
file_brain_AXT2_204_2040073/processed/slice_3.mat,file_brain_AXT2_204_2040073,AXT2,3,TRAIN,Success
file_brain_AXT2_204_2040073/processed/slice_4.mat,file_brain_AXT2_204_2040073,AXT2,4,TRAIN,Success
file_brain_AXT2_204_2040073/processed/slice_5.mat,file_brain_AXT2_204_2040073,AXT2,5,TRAIN,Success
file_brain_AXT2_204_2040073/processed/slice_6.mat,file_brain_AXT2_204_2040073,AXT2,6,TRAIN,Success
file_brain_AXT2_204_2040073/processed/slice_7.mat,file_brain_AXT2_204_2040073,AXT2,7,TRAIN,Success
file_brain_AXT2_204_2040073/processed/slice_8.mat,file_brain_AXT2_204_2040073,AXT2,8,TRAIN,Success
file_brain_AXT2_204_2040073/processed/slice_9.mat,file_brain_AXT2_204_2040073,AXT2,9,TRAIN,Success
file_brain_AXT2_204_2040073/processed/slice_10.mat,file_brain_AXT2_204_2040073,AXT2,10,TRAIN,Success
file_brain_AXT2_204_2040073/processed/slice_11.mat,file_brain_AXT2_204_2040073,AXT2,11,TRAIN,Success
file_brain_AXT2_204_2040073/processed/slice_12.mat,file_brain_AXT2_204_2040073,AXT2,12,TRAIN,Success
file_brain_AXT2_204_2040073/processed/slice_13.mat,file_brain_AXT2_204_2040073,AXT2,13,TRAIN,Success
file_brain_AXT2_204_2040073/processed/slice_14.mat,file_brain_AXT2_204_2040073,AXT2,14,TRAIN,Success
file_brain_AXT2_204_2040073/processed/slice_15.mat,file_brain_AXT2_204_2040073,AXT2,15,TRAIN,Success
file_brain_AXT2_204_2040073/processed/slice_16.mat,file_brain_AXT2_204_2040073,AXT2,16,TRAIN,Success
file_brain_AXT2_204_2040086/processed/slice_1.mat,file_brain_AXT2_204_2040086,AXT2,1,TRAIN,Success
file_brain_AXT2_204_2040086/processed/slice_2.mat,file_brain_AXT2_204_2040086,AXT2,2,TRAIN,Success
file_brain_AXT2_204_2040086/processed/slice_3.mat,file_brain_AXT2_204_2040086,AXT2,3,TRAIN,Success
file_brain_AXT2_204_2040086/processed/slice_4.mat,file_brain_AXT2_204_2040086,AXT2,4,TRAIN,Success
file_brain_AXT2_204_2040086/processed/slice_5.mat,file_brain_AXT2_204_2040086,AXT2,5,TRAIN,Success
file_brain_AXT2_204_2040086/processed/slice_6.mat,file_brain_AXT2_204_2040086,AXT2,6,TRAIN,Success
file_brain_AXT2_204_2040086/processed/slice_7.mat,file_brain_AXT2_204_2040086,AXT2,7,TRAIN,Success
file_brain_AXT2_204_2040086/processed/slice_8.mat,file_brain_AXT2_204_2040086,AXT2,8,TRAIN,Success
file_brain_AXT2_204_2040086/processed/slice_9.mat,file_brain_AXT2_204_2040086,AXT2,9,TRAIN,Success
file_brain_AXT2_204_2040086/processed/slice_10.mat,file_brain_AXT2_204_2040086,AXT2,10,TRAIN,Success
file_brain_AXT2_204_2040086/processed/slice_11.mat,file_brain_AXT2_204_2040086,AXT2,11,TRAIN,Success
file_brain_AXT2_204_2040086/processed/slice_12.mat,file_brain_AXT2_204_2040086,AXT2,12,TRAIN,Success
file_brain_AXT2_204_2040086/processed/slice_13.mat,file_brain_AXT2_204_2040086,AXT2,13,TRAIN,Success
file_brain_AXT2_204_2040086/processed/slice_14.mat,file_brain_AXT2_204_2040086,AXT2,14,TRAIN,Success
file_brain_AXT2_204_2040086/processed/slice_15.mat,file_brain_AXT2_204_2040086,AXT2,15,TRAIN,Success
file_brain_AXT2_204_2040086/processed/slice_16.mat,file_brain_AXT2_204_2040086,AXT2,16,TRAIN,Success
file_brain_AXT2_205_2050062/processed/slice_1.mat,file_brain_AXT2_205_2050062,AXT2,1,TRAIN,Success
file_brain_AXT2_205_2050062/processed/slice_2.mat,file_brain_AXT2_205_2050062,AXT2,2,TRAIN,Success
file_brain_AXT2_205_2050062/processed/slice_3.mat,file_brain_AXT2_205_2050062,AXT2,3,TRAIN,Success
file_brain_AXT2_205_2050062/processed/slice_4.mat,file_brain_AXT2_205_2050062,AXT2,4,TRAIN,Success
file_brain_AXT2_205_2050062/processed/slice_5.mat,file_brain_AXT2_205_2050062,AXT2,5,TRAIN,Success
file_brain_AXT2_205_2050062/processed/slice_6.mat,file_brain_AXT2_205_2050062,AXT2,6,TRAIN,Success
file_brain_AXT2_205_2050062/processed/slice_7.mat,file_brain_AXT2_205_2050062,AXT2,7,TRAIN,Success
file_brain_AXT2_205_2050062/processed/slice_8.mat,file_brain_AXT2_205_2050062,AXT2,8,TRAIN,Success
file_brain_AXT2_205_2050062/processed/slice_9.mat,file_brain_AXT2_205_2050062,AXT2,9,TRAIN,Success
file_brain_AXT2_205_2050062/processed/slice_10.mat,file_brain_AXT2_205_2050062,AXT2,10,TRAIN,Success
file_brain_AXT2_205_2050062/processed/slice_11.mat,file_brain_AXT2_205_2050062,AXT2,11,TRAIN,Success
file_brain_AXT2_205_2050062/processed/slice_12.mat,file_brain_AXT2_205_2050062,AXT2,12,TRAIN,Success
file_brain_AXT2_205_2050062/processed/slice_13.mat,file_brain_AXT2_205_2050062,AXT2,13,TRAIN,Success
file_brain_AXT2_205_2050062/processed/slice_14.mat,file_brain_AXT2_205_2050062,AXT2,14,TRAIN,Success
file_brain_AXT2_205_2050062/processed/slice_15.mat,file_brain_AXT2_205_2050062,AXT2,15,TRAIN,Success
file_brain_AXT2_205_2050062/processed/slice_16.mat,file_brain_AXT2_205_2050062,AXT2,16,TRAIN,Success
file_brain_AXT2_205_2050080/processed/slice_1.mat,file_brain_AXT2_205_2050080,AXT2,1,TRAIN,Success
file_brain_AXT2_205_2050080/processed/slice_2.mat,file_brain_AXT2_205_2050080,AXT2,2,TRAIN,Success
file_brain_AXT2_205_2050080/processed/slice_3.mat,file_brain_AXT2_205_2050080,AXT2,3,TRAIN,Success
file_brain_AXT2_205_2050080/processed/slice_4.mat,file_brain_AXT2_205_2050080,AXT2,4,TRAIN,Success
file_brain_AXT2_205_2050080/processed/slice_5.mat,file_brain_AXT2_205_2050080,AXT2,5,TRAIN,Success
file_brain_AXT2_205_2050080/processed/slice_6.mat,file_brain_AXT2_205_2050080,AXT2,6,TRAIN,Success
file_brain_AXT2_205_2050080/processed/slice_7.mat,file_brain_AXT2_205_2050080,AXT2,7,TRAIN,Success
file_brain_AXT2_205_2050080/processed/slice_8.mat,file_brain_AXT2_205_2050080,AXT2,8,TRAIN,Success
file_brain_AXT2_205_2050080/processed/slice_9.mat,file_brain_AXT2_205_2050080,AXT2,9,TRAIN,Success
file_brain_AXT2_205_2050080/processed/slice_10.mat,file_brain_AXT2_205_2050080,AXT2,10,TRAIN,Success
file_brain_AXT2_205_2050080/processed/slice_11.mat,file_brain_AXT2_205_2050080,AXT2,11,TRAIN,Success
file_brain_AXT2_205_2050080/processed/slice_12.mat,file_brain_AXT2_205_2050080,AXT2,12,TRAIN,Success
file_brain_AXT2_205_2050080/processed/slice_13.mat,file_brain_AXT2_205_2050080,AXT2,13,TRAIN,Success
file_brain_AXT2_205_2050080/processed/slice_14.mat,file_brain_AXT2_205_2050080,AXT2,14,TRAIN,Success
file_brain_AXT2_205_2050080/processed/slice_15.mat,file_brain_AXT2_205_2050080,AXT2,15,TRAIN,Success
file_brain_AXT2_205_2050080/processed/slice_16.mat,file_brain_AXT2_205_2050080,AXT2,16,TRAIN,Success
file_brain_AXT2_205_2050130/processed/slice_1.mat,file_brain_AXT2_205_2050130,AXT2,1,VAL,Success
file_brain_AXT2_205_2050130/processed/slice_2.mat,file_brain_AXT2_205_2050130,AXT2,2,VAL,Success
file_brain_AXT2_205_2050130/processed/slice_3.mat,file_brain_AXT2_205_2050130,AXT2,3,VAL,Success
file_brain_AXT2_205_2050130/processed/slice_4.mat,file_brain_AXT2_205_2050130,AXT2,4,VAL,Success
file_brain_AXT2_205_2050130/processed/slice_5.mat,file_brain_AXT2_205_2050130,AXT2,5,VAL,Success
file_brain_AXT2_205_2050130/processed/slice_6.mat,file_brain_AXT2_205_2050130,AXT2,6,VAL,Success
file_brain_AXT2_205_2050130/processed/slice_7.mat,file_brain_AXT2_205_2050130,AXT2,7,VAL,Success
file_brain_AXT2_205_2050130/processed/slice_8.mat,file_brain_AXT2_205_2050130,AXT2,8,VAL,Success
file_brain_AXT2_205_2050130/processed/slice_9.mat,file_brain_AXT2_205_2050130,AXT2,9,VAL,Success
file_brain_AXT2_205_2050130/processed/slice_10.mat,file_brain_AXT2_205_2050130,AXT2,10,VAL,Success
file_brain_AXT2_205_2050130/processed/slice_11.mat,file_brain_AXT2_205_2050130,AXT2,11,VAL,Success
file_brain_AXT2_205_2050130/processed/slice_12.mat,file_brain_AXT2_205_2050130,AXT2,12,VAL,Success
file_brain_AXT2_205_2050130/processed/slice_13.mat,file_brain_AXT2_205_2050130,AXT2,13,VAL,Success
file_brain_AXT2_205_2050130/processed/slice_14.mat,file_brain_AXT2_205_2050130,AXT2,14,VAL,Success
file_brain_AXT2_205_2050130/processed/slice_15.mat,file_brain_AXT2_205_2050130,AXT2,15,VAL,Success
file_brain_AXT2_205_2050130/processed/slice_16.mat,file_brain_AXT2_205_2050130,AXT2,16,VAL,Success
file_brain_AXT2_205_2050244/processed/slice_1.mat,file_brain_AXT2_205_2050244,AXT2,1,TEST,Success
file_brain_AXT2_205_2050244/processed/slice_2.mat,file_brain_AXT2_205_2050244,AXT2,2,TEST,Success
file_brain_AXT2_205_2050244/processed/slice_3.mat,file_brain_AXT2_205_2050244,AXT2,3,TEST,Success
file_brain_AXT2_205_2050244/processed/slice_4.mat,file_brain_AXT2_205_2050244,AXT2,4,TEST,Success
file_brain_AXT2_205_2050244/processed/slice_5.mat,file_brain_AXT2_205_2050244,AXT2,5,TEST,Success
file_brain_AXT2_205_2050244/processed/slice_6.mat,file_brain_AXT2_205_2050244,AXT2,6,TEST,Success
file_brain_AXT2_205_2050244/processed/slice_7.mat,file_brain_AXT2_205_2050244,AXT2,7,TEST,Success
file_brain_AXT2_205_2050244/processed/slice_8.mat,file_brain_AXT2_205_2050244,AXT2,8,TEST,Success
file_brain_AXT2_205_2050244/processed/slice_9.mat,file_brain_AXT2_205_2050244,AXT2,9,TEST,Success
file_brain_AXT2_205_2050244/processed/slice_10.mat,file_brain_AXT2_205_2050244,AXT2,10,TEST,Success
file_brain_AXT2_205_2050244/processed/slice_11.mat,file_brain_AXT2_205_2050244,AXT2,11,TEST,Success
file_brain_AXT2_205_2050244/processed/slice_12.mat,file_brain_AXT2_205_2050244,AXT2,12,TEST,Success
file_brain_AXT2_205_2050244/processed/slice_13.mat,file_brain_AXT2_205_2050244,AXT2,13,TEST,Success
file_brain_AXT2_205_2050244/processed/slice_14.mat,file_brain_AXT2_205_2050244,AXT2,14,TEST,Success
file_brain_AXT2_205_2050244/processed/slice_15.mat,file_brain_AXT2_205_2050244,AXT2,15,TEST,Success
file_brain_AXT2_205_2050244/processed/slice_16.mat,file_brain_AXT2_205_2050244,AXT2,16,TEST,Success
file_brain_AXT2_205_6000022/processed/slice_1.mat,file_brain_AXT2_205_6000022,AXT2,1,TRAIN,Success
file_brain_AXT2_205_6000022/processed/slice_2.mat,file_brain_AXT2_205_6000022,AXT2,2,TRAIN,Success
file_brain_AXT2_205_6000022/processed/slice_3.mat,file_brain_AXT2_205_6000022,AXT2,3,TRAIN,Success
file_brain_AXT2_205_6000022/processed/slice_4.mat,file_brain_AXT2_205_6000022,AXT2,4,TRAIN,Success
file_brain_AXT2_205_6000022/processed/slice_5.mat,file_brain_AXT2_205_6000022,AXT2,5,TRAIN,Success
file_brain_AXT2_205_6000022/processed/slice_6.mat,file_brain_AXT2_205_6000022,AXT2,6,TRAIN,Success
file_brain_AXT2_205_6000022/processed/slice_7.mat,file_brain_AXT2_205_6000022,AXT2,7,TRAIN,Success
file_brain_AXT2_205_6000022/processed/slice_8.mat,file_brain_AXT2_205_6000022,AXT2,8,TRAIN,Success
file_brain_AXT2_205_6000022/processed/slice_9.mat,file_brain_AXT2_205_6000022,AXT2,9,TRAIN,Success
file_brain_AXT2_205_6000022/processed/slice_10.mat,file_brain_AXT2_205_6000022,AXT2,10,TRAIN,Success
file_brain_AXT2_205_6000022/processed/slice_11.mat,file_brain_AXT2_205_6000022,AXT2,11,TRAIN,Success
file_brain_AXT2_205_6000022/processed/slice_12.mat,file_brain_AXT2_205_6000022,AXT2,12,TRAIN,Success
file_brain_AXT2_205_6000022/processed/slice_13.mat,file_brain_AXT2_205_6000022,AXT2,13,TRAIN,Success
file_brain_AXT2_205_6000022/processed/slice_14.mat,file_brain_AXT2_205_6000022,AXT2,14,TRAIN,Success
file_brain_AXT2_205_6000091/processed/slice_1.mat,file_brain_AXT2_205_6000091,AXT2,1,TRAIN,Success
file_brain_AXT2_205_6000091/processed/slice_2.mat,file_brain_AXT2_205_6000091,AXT2,2,TRAIN,Success
file_brain_AXT2_205_6000091/processed/slice_3.mat,file_brain_AXT2_205_6000091,AXT2,3,TRAIN,Success
file_brain_AXT2_205_6000091/processed/slice_4.mat,file_brain_AXT2_205_6000091,AXT2,4,TRAIN,Success
file_brain_AXT2_205_6000091/processed/slice_5.mat,file_brain_AXT2_205_6000091,AXT2,5,TRAIN,Success
file_brain_AXT2_205_6000091/processed/slice_6.mat,file_brain_AXT2_205_6000091,AXT2,6,TRAIN,Success
file_brain_AXT2_205_6000091/processed/slice_7.mat,file_brain_AXT2_205_6000091,AXT2,7,TRAIN,Success
file_brain_AXT2_205_6000091/processed/slice_8.mat,file_brain_AXT2_205_6000091,AXT2,8,TRAIN,Success
file_brain_AXT2_205_6000091/processed/slice_9.mat,file_brain_AXT2_205_6000091,AXT2,9,TRAIN,Success
file_brain_AXT2_205_6000091/processed/slice_10.mat,file_brain_AXT2_205_6000091,AXT2,10,TRAIN,Success
file_brain_AXT2_205_6000091/processed/slice_11.mat,file_brain_AXT2_205_6000091,AXT2,11,TRAIN,Success
file_brain_AXT2_205_6000091/processed/slice_12.mat,file_brain_AXT2_205_6000091,AXT2,12,TRAIN,Success
file_brain_AXT2_205_6000091/processed/slice_13.mat,file_brain_AXT2_205_6000091,AXT2,13,TRAIN,Success
file_brain_AXT2_205_6000091/processed/slice_14.mat,file_brain_AXT2_205_6000091,AXT2,14,TRAIN,Success
file_brain_AXT2_206_2060003/processed/slice_1.mat,file_brain_AXT2_206_2060003,AXT2,1,VAL,Success
file_brain_AXT2_206_2060003/processed/slice_2.mat,file_brain_AXT2_206_2060003,AXT2,2,VAL,Success
file_brain_AXT2_206_2060003/processed/slice_3.mat,file_brain_AXT2_206_2060003,AXT2,3,VAL,Success
file_brain_AXT2_206_2060003/processed/slice_4.mat,file_brain_AXT2_206_2060003,AXT2,4,VAL,Success
file_brain_AXT2_206_2060003/processed/slice_5.mat,file_brain_AXT2_206_2060003,AXT2,5,VAL,Success
file_brain_AXT2_206_2060003/processed/slice_6.mat,file_brain_AXT2_206_2060003,AXT2,6,VAL,Success
file_brain_AXT2_206_2060003/processed/slice_7.mat,file_brain_AXT2_206_2060003,AXT2,7,VAL,Success
file_brain_AXT2_206_2060003/processed/slice_8.mat,file_brain_AXT2_206_2060003,AXT2,8,VAL,Success
file_brain_AXT2_206_2060003/processed/slice_9.mat,file_brain_AXT2_206_2060003,AXT2,9,VAL,Success
file_brain_AXT2_206_2060003/processed/slice_10.mat,file_brain_AXT2_206_2060003,AXT2,10,VAL,Success
file_brain_AXT2_206_2060003/processed/slice_11.mat,file_brain_AXT2_206_2060003,AXT2,11,VAL,Success
file_brain_AXT2_206_2060003/processed/slice_12.mat,file_brain_AXT2_206_2060003,AXT2,12,VAL,Success
file_brain_AXT2_206_2060003/processed/slice_13.mat,file_brain_AXT2_206_2060003,AXT2,13,VAL,Success
file_brain_AXT2_206_2060003/processed/slice_14.mat,file_brain_AXT2_206_2060003,AXT2,14,VAL,Success
file_brain_AXT2_206_2060003/processed/slice_15.mat,file_brain_AXT2_206_2060003,AXT2,15,VAL,Success
file_brain_AXT2_206_2060003/processed/slice_16.mat,file_brain_AXT2_206_2060003,AXT2,16,VAL,Success
file_brain_AXT2_206_2060013/processed/slice_1.mat,file_brain_AXT2_206_2060013,AXT2,1,TRAIN,Success
file_brain_AXT2_206_2060013/processed/slice_2.mat,file_brain_AXT2_206_2060013,AXT2,2,TRAIN,Success
file_brain_AXT2_206_2060013/processed/slice_3.mat,file_brain_AXT2_206_2060013,AXT2,3,TRAIN,Success
file_brain_AXT2_206_2060013/processed/slice_4.mat,file_brain_AXT2_206_2060013,AXT2,4,TRAIN,Success
file_brain_AXT2_206_2060013/processed/slice_5.mat,file_brain_AXT2_206_2060013,AXT2,5,TRAIN,Success
file_brain_AXT2_206_2060013/processed/slice_6.mat,file_brain_AXT2_206_2060013,AXT2,6,TRAIN,Success
file_brain_AXT2_206_2060013/processed/slice_7.mat,file_brain_AXT2_206_2060013,AXT2,7,TRAIN,Success
file_brain_AXT2_206_2060013/processed/slice_8.mat,file_brain_AXT2_206_2060013,AXT2,8,TRAIN,Success
file_brain_AXT2_206_2060013/processed/slice_9.mat,file_brain_AXT2_206_2060013,AXT2,9,TRAIN,Success
file_brain_AXT2_206_2060013/processed/slice_10.mat,file_brain_AXT2_206_2060013,AXT2,10,TRAIN,Success
file_brain_AXT2_206_2060013/processed/slice_11.mat,file_brain_AXT2_206_2060013,AXT2,11,TRAIN,Success
file_brain_AXT2_206_2060013/processed/slice_12.mat,file_brain_AXT2_206_2060013,AXT2,12,TRAIN,Success
file_brain_AXT2_206_2060013/processed/slice_13.mat,file_brain_AXT2_206_2060013,AXT2,13,TRAIN,Success
file_brain_AXT2_206_2060013/processed/slice_14.mat,file_brain_AXT2_206_2060013,AXT2,14,TRAIN,Success
file_brain_AXT2_206_2060013/processed/slice_15.mat,file_brain_AXT2_206_2060013,AXT2,15,TRAIN,Success
file_brain_AXT2_206_2060013/processed/slice_16.mat,file_brain_AXT2_206_2060013,AXT2,16,TRAIN,Success
file_brain_AXT2_206_2060027/processed/slice_1.mat,file_brain_AXT2_206_2060027,AXT2,1,TRAIN,Success
file_brain_AXT2_206_2060027/processed/slice_2.mat,file_brain_AXT2_206_2060027,AXT2,2,TRAIN,Success
file_brain_AXT2_206_2060027/processed/slice_3.mat,file_brain_AXT2_206_2060027,AXT2,3,TRAIN,Success
file_brain_AXT2_206_2060027/processed/slice_4.mat,file_brain_AXT2_206_2060027,AXT2,4,TRAIN,Success
file_brain_AXT2_206_2060027/processed/slice_5.mat,file_brain_AXT2_206_2060027,AXT2,5,TRAIN,Success
file_brain_AXT2_206_2060027/processed/slice_6.mat,file_brain_AXT2_206_2060027,AXT2,6,TRAIN,Success
file_brain_AXT2_206_2060027/processed/slice_7.mat,file_brain_AXT2_206_2060027,AXT2,7,TRAIN,Success
file_brain_AXT2_206_2060027/processed/slice_8.mat,file_brain_AXT2_206_2060027,AXT2,8,TRAIN,Success
file_brain_AXT2_206_2060027/processed/slice_9.mat,file_brain_AXT2_206_2060027,AXT2,9,TRAIN,Success
file_brain_AXT2_206_2060027/processed/slice_10.mat,file_brain_AXT2_206_2060027,AXT2,10,TRAIN,Success
file_brain_AXT2_206_2060027/processed/slice_11.mat,file_brain_AXT2_206_2060027,AXT2,11,TRAIN,Success
file_brain_AXT2_206_2060027/processed/slice_12.mat,file_brain_AXT2_206_2060027,AXT2,12,TRAIN,Success
file_brain_AXT2_206_2060027/processed/slice_13.mat,file_brain_AXT2_206_2060027,AXT2,13,TRAIN,Success
file_brain_AXT2_206_2060027/processed/slice_14.mat,file_brain_AXT2_206_2060027,AXT2,14,TRAIN,Success
file_brain_AXT2_206_2060027/processed/slice_15.mat,file_brain_AXT2_206_2060027,AXT2,15,TRAIN,Success
file_brain_AXT2_206_2060027/processed/slice_16.mat,file_brain_AXT2_206_2060027,AXT2,16,TRAIN,Success
file_brain_AXT2_206_2060029/processed/slice_1.mat,file_brain_AXT2_206_2060029,AXT2,1,TRAIN,Success
file_brain_AXT2_206_2060029/processed/slice_2.mat,file_brain_AXT2_206_2060029,AXT2,2,TRAIN,Success
file_brain_AXT2_206_2060029/processed/slice_3.mat,file_brain_AXT2_206_2060029,AXT2,3,TRAIN,Success
file_brain_AXT2_206_2060029/processed/slice_4.mat,file_brain_AXT2_206_2060029,AXT2,4,TRAIN,Success
file_brain_AXT2_206_2060029/processed/slice_5.mat,file_brain_AXT2_206_2060029,AXT2,5,TRAIN,Success
file_brain_AXT2_206_2060029/processed/slice_6.mat,file_brain_AXT2_206_2060029,AXT2,6,TRAIN,Success
file_brain_AXT2_206_2060029/processed/slice_7.mat,file_brain_AXT2_206_2060029,AXT2,7,TRAIN,Success
file_brain_AXT2_206_2060029/processed/slice_8.mat,file_brain_AXT2_206_2060029,AXT2,8,TRAIN,Success
file_brain_AXT2_206_2060029/processed/slice_9.mat,file_brain_AXT2_206_2060029,AXT2,9,TRAIN,Success
file_brain_AXT2_206_2060029/processed/slice_10.mat,file_brain_AXT2_206_2060029,AXT2,10,TRAIN,Success
file_brain_AXT2_206_2060029/processed/slice_11.mat,file_brain_AXT2_206_2060029,AXT2,11,TRAIN,Success
file_brain_AXT2_206_2060029/processed/slice_12.mat,file_brain_AXT2_206_2060029,AXT2,12,TRAIN,Success
file_brain_AXT2_206_2060029/processed/slice_13.mat,file_brain_AXT2_206_2060029,AXT2,13,TRAIN,Success
file_brain_AXT2_206_2060029/processed/slice_14.mat,file_brain_AXT2_206_2060029,AXT2,14,TRAIN,Success
file_brain_AXT2_206_2060029/processed/slice_15.mat,file_brain_AXT2_206_2060029,AXT2,15,TRAIN,Success
file_brain_AXT2_206_2060029/processed/slice_16.mat,file_brain_AXT2_206_2060029,AXT2,16,TRAIN,Success
file_brain_AXT2_206_2060058/processed/slice_1.mat,file_brain_AXT2_206_2060058,AXT2,1,TRAIN,Success
file_brain_AXT2_206_2060058/processed/slice_2.mat,file_brain_AXT2_206_2060058,AXT2,2,TRAIN,Success
file_brain_AXT2_206_2060058/processed/slice_3.mat,file_brain_AXT2_206_2060058,AXT2,3,TRAIN,Success
file_brain_AXT2_206_2060058/processed/slice_4.mat,file_brain_AXT2_206_2060058,AXT2,4,TRAIN,Success
file_brain_AXT2_206_2060058/processed/slice_5.mat,file_brain_AXT2_206_2060058,AXT2,5,TRAIN,Success
file_brain_AXT2_206_2060058/processed/slice_6.mat,file_brain_AXT2_206_2060058,AXT2,6,TRAIN,Success
file_brain_AXT2_206_2060058/processed/slice_7.mat,file_brain_AXT2_206_2060058,AXT2,7,TRAIN,Success
file_brain_AXT2_206_2060058/processed/slice_8.mat,file_brain_AXT2_206_2060058,AXT2,8,TRAIN,Success
file_brain_AXT2_206_2060058/processed/slice_9.mat,file_brain_AXT2_206_2060058,AXT2,9,TRAIN,Success
file_brain_AXT2_206_2060058/processed/slice_10.mat,file_brain_AXT2_206_2060058,AXT2,10,TRAIN,Success
file_brain_AXT2_206_2060058/processed/slice_11.mat,file_brain_AXT2_206_2060058,AXT2,11,TRAIN,Success
file_brain_AXT2_206_2060058/processed/slice_12.mat,file_brain_AXT2_206_2060058,AXT2,12,TRAIN,Success
file_brain_AXT2_206_2060058/processed/slice_13.mat,file_brain_AXT2_206_2060058,AXT2,13,TRAIN,Success
file_brain_AXT2_206_2060058/processed/slice_14.mat,file_brain_AXT2_206_2060058,AXT2,14,TRAIN,Success
file_brain_AXT2_206_2060058/processed/slice_15.mat,file_brain_AXT2_206_2060058,AXT2,15,TRAIN,Success
file_brain_AXT2_206_2060058/processed/slice_16.mat,file_brain_AXT2_206_2060058,AXT2,16,TRAIN,Success
file_brain_AXT2_206_2060070/processed/slice_1.mat,file_brain_AXT2_206_2060070,AXT2,1,TEST,Success
file_brain_AXT2_206_2060070/processed/slice_2.mat,file_brain_AXT2_206_2060070,AXT2,2,TEST,Success
file_brain_AXT2_206_2060070/processed/slice_3.mat,file_brain_AXT2_206_2060070,AXT2,3,TEST,Success
file_brain_AXT2_206_2060070/processed/slice_4.mat,file_brain_AXT2_206_2060070,AXT2,4,TEST,Success
file_brain_AXT2_206_2060070/processed/slice_5.mat,file_brain_AXT2_206_2060070,AXT2,5,TEST,Success
file_brain_AXT2_206_2060070/processed/slice_6.mat,file_brain_AXT2_206_2060070,AXT2,6,TEST,Success
file_brain_AXT2_206_2060070/processed/slice_7.mat,file_brain_AXT2_206_2060070,AXT2,7,TEST,Success
file_brain_AXT2_206_2060070/processed/slice_8.mat,file_brain_AXT2_206_2060070,AXT2,8,TEST,Success
file_brain_AXT2_206_2060070/processed/slice_9.mat,file_brain_AXT2_206_2060070,AXT2,9,TEST,Success
file_brain_AXT2_206_2060070/processed/slice_10.mat,file_brain_AXT2_206_2060070,AXT2,10,TEST,Success
file_brain_AXT2_206_2060070/processed/slice_11.mat,file_brain_AXT2_206_2060070,AXT2,11,TEST,Success
file_brain_AXT2_206_2060070/processed/slice_12.mat,file_brain_AXT2_206_2060070,AXT2,12,TEST,Success
file_brain_AXT2_206_2060070/processed/slice_13.mat,file_brain_AXT2_206_2060070,AXT2,13,TEST,Success
file_brain_AXT2_206_2060070/processed/slice_14.mat,file_brain_AXT2_206_2060070,AXT2,14,TEST,Success
file_brain_AXT2_206_2060070/processed/slice_15.mat,file_brain_AXT2_206_2060070,AXT2,15,TEST,Success
file_brain_AXT2_206_2060070/processed/slice_16.mat,file_brain_AXT2_206_2060070,AXT2,16,TEST,Success
file_brain_AXT2_206_2060079/processed/slice_1.mat,file_brain_AXT2_206_2060079,AXT2,1,VAL,Success
file_brain_AXT2_206_2060079/processed/slice_2.mat,file_brain_AXT2_206_2060079,AXT2,2,VAL,Success
file_brain_AXT2_206_2060079/processed/slice_3.mat,file_brain_AXT2_206_2060079,AXT2,3,VAL,Success
file_brain_AXT2_206_2060079/processed/slice_4.mat,file_brain_AXT2_206_2060079,AXT2,4,VAL,Success
file_brain_AXT2_206_2060079/processed/slice_5.mat,file_brain_AXT2_206_2060079,AXT2,5,VAL,Success
file_brain_AXT2_206_2060079/processed/slice_6.mat,file_brain_AXT2_206_2060079,AXT2,6,VAL,Success
file_brain_AXT2_206_2060079/processed/slice_7.mat,file_brain_AXT2_206_2060079,AXT2,7,VAL,Success
file_brain_AXT2_206_2060079/processed/slice_8.mat,file_brain_AXT2_206_2060079,AXT2,8,VAL,Success
file_brain_AXT2_206_2060079/processed/slice_9.mat,file_brain_AXT2_206_2060079,AXT2,9,VAL,Success
file_brain_AXT2_206_2060079/processed/slice_10.mat,file_brain_AXT2_206_2060079,AXT2,10,VAL,Success
file_brain_AXT2_206_2060079/processed/slice_11.mat,file_brain_AXT2_206_2060079,AXT2,11,VAL,Success
file_brain_AXT2_206_2060079/processed/slice_12.mat,file_brain_AXT2_206_2060079,AXT2,12,VAL,Success
file_brain_AXT2_206_2060079/processed/slice_13.mat,file_brain_AXT2_206_2060079,AXT2,13,VAL,Success
file_brain_AXT2_206_2060079/processed/slice_14.mat,file_brain_AXT2_206_2060079,AXT2,14,VAL,Success
file_brain_AXT2_206_2060079/processed/slice_15.mat,file_brain_AXT2_206_2060079,AXT2,15,VAL,Success
file_brain_AXT2_206_2060079/processed/slice_16.mat,file_brain_AXT2_206_2060079,AXT2,16,VAL,Success
file_brain_AXT2_207_2070039/processed/slice_1.mat,file_brain_AXT2_207_2070039,AXT2,1,TRAIN,Success
file_brain_AXT2_207_2070039/processed/slice_2.mat,file_brain_AXT2_207_2070039,AXT2,2,TRAIN,Success
file_brain_AXT2_207_2070039/processed/slice_3.mat,file_brain_AXT2_207_2070039,AXT2,3,TRAIN,Success
file_brain_AXT2_207_2070039/processed/slice_4.mat,file_brain_AXT2_207_2070039,AXT2,4,TRAIN,Success
file_brain_AXT2_207_2070039/processed/slice_5.mat,file_brain_AXT2_207_2070039,AXT2,5,TRAIN,Success
file_brain_AXT2_207_2070039/processed/slice_6.mat,file_brain_AXT2_207_2070039,AXT2,6,TRAIN,Success
file_brain_AXT2_207_2070039/processed/slice_7.mat,file_brain_AXT2_207_2070039,AXT2,7,TRAIN,Success
file_brain_AXT2_207_2070039/processed/slice_8.mat,file_brain_AXT2_207_2070039,AXT2,8,TRAIN,Success
file_brain_AXT2_207_2070039/processed/slice_9.mat,file_brain_AXT2_207_2070039,AXT2,9,TRAIN,Success
file_brain_AXT2_207_2070039/processed/slice_10.mat,file_brain_AXT2_207_2070039,AXT2,10,TRAIN,Success
file_brain_AXT2_207_2070039/processed/slice_11.mat,file_brain_AXT2_207_2070039,AXT2,11,TRAIN,Success
file_brain_AXT2_207_2070039/processed/slice_12.mat,file_brain_AXT2_207_2070039,AXT2,12,TRAIN,Success
file_brain_AXT2_207_2070039/processed/slice_13.mat,file_brain_AXT2_207_2070039,AXT2,13,TRAIN,Success
file_brain_AXT2_207_2070039/processed/slice_14.mat,file_brain_AXT2_207_2070039,AXT2,14,TRAIN,Success
file_brain_AXT2_207_2070039/processed/slice_15.mat,file_brain_AXT2_207_2070039,AXT2,15,TRAIN,Success
file_brain_AXT2_207_2070039/processed/slice_16.mat,file_brain_AXT2_207_2070039,AXT2,16,TRAIN,Success
file_brain_AXT2_207_2070054/processed/slice_1.mat,file_brain_AXT2_207_2070054,AXT2,1,TRAIN,Success
file_brain_AXT2_207_2070054/processed/slice_2.mat,file_brain_AXT2_207_2070054,AXT2,2,TRAIN,Success
file_brain_AXT2_207_2070054/processed/slice_3.mat,file_brain_AXT2_207_2070054,AXT2,3,TRAIN,Success
file_brain_AXT2_207_2070054/processed/slice_4.mat,file_brain_AXT2_207_2070054,AXT2,4,TRAIN,Success
file_brain_AXT2_207_2070054/processed/slice_5.mat,file_brain_AXT2_207_2070054,AXT2,5,TRAIN,Success
file_brain_AXT2_207_2070054/processed/slice_6.mat,file_brain_AXT2_207_2070054,AXT2,6,TRAIN,Success
file_brain_AXT2_207_2070054/processed/slice_7.mat,file_brain_AXT2_207_2070054,AXT2,7,TRAIN,Success
file_brain_AXT2_207_2070054/processed/slice_8.mat,file_brain_AXT2_207_2070054,AXT2,8,TRAIN,Success
file_brain_AXT2_207_2070054/processed/slice_9.mat,file_brain_AXT2_207_2070054,AXT2,9,TRAIN,Success
file_brain_AXT2_207_2070054/processed/slice_10.mat,file_brain_AXT2_207_2070054,AXT2,10,TRAIN,Success
file_brain_AXT2_207_2070054/processed/slice_11.mat,file_brain_AXT2_207_2070054,AXT2,11,TRAIN,Success
file_brain_AXT2_207_2070054/processed/slice_12.mat,file_brain_AXT2_207_2070054,AXT2,12,TRAIN,Success
file_brain_AXT2_207_2070054/processed/slice_13.mat,file_brain_AXT2_207_2070054,AXT2,13,TRAIN,Success
file_brain_AXT2_207_2070054/processed/slice_14.mat,file_brain_AXT2_207_2070054,AXT2,14,TRAIN,Success
file_brain_AXT2_207_2070054/processed/slice_15.mat,file_brain_AXT2_207_2070054,AXT2,15,TRAIN,Success
file_brain_AXT2_207_2070054/processed/slice_16.mat,file_brain_AXT2_207_2070054,AXT2,16,TRAIN,Success
file_brain_AXT2_207_2070090/processed/slice_1.mat,file_brain_AXT2_207_2070090,AXT2,1,TRAIN,Success
file_brain_AXT2_207_2070090/processed/slice_2.mat,file_brain_AXT2_207_2070090,AXT2,2,TRAIN,Success
file_brain_AXT2_207_2070090/processed/slice_3.mat,file_brain_AXT2_207_2070090,AXT2,3,TRAIN,Success
file_brain_AXT2_207_2070090/processed/slice_4.mat,file_brain_AXT2_207_2070090,AXT2,4,TRAIN,Success
file_brain_AXT2_207_2070090/processed/slice_5.mat,file_brain_AXT2_207_2070090,AXT2,5,TRAIN,Success
file_brain_AXT2_207_2070090/processed/slice_6.mat,file_brain_AXT2_207_2070090,AXT2,6,TRAIN,Success
file_brain_AXT2_207_2070090/processed/slice_7.mat,file_brain_AXT2_207_2070090,AXT2,7,TRAIN,Success
file_brain_AXT2_207_2070090/processed/slice_8.mat,file_brain_AXT2_207_2070090,AXT2,8,TRAIN,Success
file_brain_AXT2_207_2070090/processed/slice_9.mat,file_brain_AXT2_207_2070090,AXT2,9,TRAIN,Success
file_brain_AXT2_207_2070090/processed/slice_10.mat,file_brain_AXT2_207_2070090,AXT2,10,TRAIN,Success
file_brain_AXT2_207_2070090/processed/slice_11.mat,file_brain_AXT2_207_2070090,AXT2,11,TRAIN,Success
file_brain_AXT2_207_2070090/processed/slice_12.mat,file_brain_AXT2_207_2070090,AXT2,12,TRAIN,Success
file_brain_AXT2_207_2070090/processed/slice_13.mat,file_brain_AXT2_207_2070090,AXT2,13,TRAIN,Success
file_brain_AXT2_207_2070090/processed/slice_14.mat,file_brain_AXT2_207_2070090,AXT2,14,TRAIN,Success
file_brain_AXT2_207_2070090/processed/slice_15.mat,file_brain_AXT2_207_2070090,AXT2,15,TRAIN,Success
file_brain_AXT2_207_2070090/processed/slice_16.mat,file_brain_AXT2_207_2070090,AXT2,16,TRAIN,Success
file_brain_AXT2_207_2070100/processed/slice_1.mat,file_brain_AXT2_207_2070100,AXT2,1,TRAIN,Success
file_brain_AXT2_207_2070100/processed/slice_2.mat,file_brain_AXT2_207_2070100,AXT2,2,TRAIN,Success
file_brain_AXT2_207_2070100/processed/slice_3.mat,file_brain_AXT2_207_2070100,AXT2,3,TRAIN,Success
file_brain_AXT2_207_2070100/processed/slice_4.mat,file_brain_AXT2_207_2070100,AXT2,4,TRAIN,Success
file_brain_AXT2_207_2070100/processed/slice_5.mat,file_brain_AXT2_207_2070100,AXT2,5,TRAIN,Success
file_brain_AXT2_207_2070100/processed/slice_6.mat,file_brain_AXT2_207_2070100,AXT2,6,TRAIN,Success
file_brain_AXT2_207_2070100/processed/slice_7.mat,file_brain_AXT2_207_2070100,AXT2,7,TRAIN,Success
file_brain_AXT2_207_2070100/processed/slice_8.mat,file_brain_AXT2_207_2070100,AXT2,8,TRAIN,Success
file_brain_AXT2_207_2070100/processed/slice_9.mat,file_brain_AXT2_207_2070100,AXT2,9,TRAIN,Success
file_brain_AXT2_207_2070100/processed/slice_10.mat,file_brain_AXT2_207_2070100,AXT2,10,TRAIN,Success
file_brain_AXT2_207_2070100/processed/slice_11.mat,file_brain_AXT2_207_2070100,AXT2,11,TRAIN,Success
file_brain_AXT2_207_2070100/processed/slice_12.mat,file_brain_AXT2_207_2070100,AXT2,12,TRAIN,Success
file_brain_AXT2_207_2070100/processed/slice_13.mat,file_brain_AXT2_207_2070100,AXT2,13,TRAIN,Success
file_brain_AXT2_207_2070100/processed/slice_14.mat,file_brain_AXT2_207_2070100,AXT2,14,TRAIN,Success
file_brain_AXT2_207_2070100/processed/slice_15.mat,file_brain_AXT2_207_2070100,AXT2,15,TRAIN,Success
file_brain_AXT2_207_2070100/processed/slice_16.mat,file_brain_AXT2_207_2070100,AXT2,16,TRAIN,Success
file_brain_AXT2_207_2070145/processed/slice_1.mat,file_brain_AXT2_207_2070145,AXT2,1,TRAIN,Success
file_brain_AXT2_207_2070145/processed/slice_2.mat,file_brain_AXT2_207_2070145,AXT2,2,TRAIN,Success
file_brain_AXT2_207_2070145/processed/slice_3.mat,file_brain_AXT2_207_2070145,AXT2,3,TRAIN,Success
file_brain_AXT2_207_2070145/processed/slice_4.mat,file_brain_AXT2_207_2070145,AXT2,4,TRAIN,Success
file_brain_AXT2_207_2070145/processed/slice_5.mat,file_brain_AXT2_207_2070145,AXT2,5,TRAIN,Success
file_brain_AXT2_207_2070145/processed/slice_6.mat,file_brain_AXT2_207_2070145,AXT2,6,TRAIN,Success
file_brain_AXT2_207_2070145/processed/slice_7.mat,file_brain_AXT2_207_2070145,AXT2,7,TRAIN,Success
file_brain_AXT2_207_2070145/processed/slice_8.mat,file_brain_AXT2_207_2070145,AXT2,8,TRAIN,Success
file_brain_AXT2_207_2070145/processed/slice_9.mat,file_brain_AXT2_207_2070145,AXT2,9,TRAIN,Success
file_brain_AXT2_207_2070145/processed/slice_10.mat,file_brain_AXT2_207_2070145,AXT2,10,TRAIN,Success
file_brain_AXT2_207_2070145/processed/slice_11.mat,file_brain_AXT2_207_2070145,AXT2,11,TRAIN,Success
file_brain_AXT2_207_2070145/processed/slice_12.mat,file_brain_AXT2_207_2070145,AXT2,12,TRAIN,Success
file_brain_AXT2_207_2070145/processed/slice_13.mat,file_brain_AXT2_207_2070145,AXT2,13,TRAIN,Success
file_brain_AXT2_207_2070145/processed/slice_14.mat,file_brain_AXT2_207_2070145,AXT2,14,TRAIN,Success
file_brain_AXT2_207_2070145/processed/slice_15.mat,file_brain_AXT2_207_2070145,AXT2,15,TRAIN,Success
file_brain_AXT2_207_2070145/processed/slice_16.mat,file_brain_AXT2_207_2070145,AXT2,16,TRAIN,Success
file_brain_AXT2_207_2070165/processed/slice_1.mat,file_brain_AXT2_207_2070165,AXT2,1,TRAIN,Success
file_brain_AXT2_207_2070165/processed/slice_2.mat,file_brain_AXT2_207_2070165,AXT2,2,TRAIN,Success
file_brain_AXT2_207_2070165/processed/slice_3.mat,file_brain_AXT2_207_2070165,AXT2,3,TRAIN,Success
file_brain_AXT2_207_2070165/processed/slice_4.mat,file_brain_AXT2_207_2070165,AXT2,4,TRAIN,Success
file_brain_AXT2_207_2070165/processed/slice_5.mat,file_brain_AXT2_207_2070165,AXT2,5,TRAIN,Success
file_brain_AXT2_207_2070165/processed/slice_6.mat,file_brain_AXT2_207_2070165,AXT2,6,TRAIN,Success
file_brain_AXT2_207_2070165/processed/slice_7.mat,file_brain_AXT2_207_2070165,AXT2,7,TRAIN,Success
file_brain_AXT2_207_2070165/processed/slice_8.mat,file_brain_AXT2_207_2070165,AXT2,8,TRAIN,Success
file_brain_AXT2_207_2070165/processed/slice_9.mat,file_brain_AXT2_207_2070165,AXT2,9,TRAIN,Success
file_brain_AXT2_207_2070165/processed/slice_10.mat,file_brain_AXT2_207_2070165,AXT2,10,TRAIN,Success
file_brain_AXT2_207_2070165/processed/slice_11.mat,file_brain_AXT2_207_2070165,AXT2,11,TRAIN,Success
file_brain_AXT2_207_2070165/processed/slice_12.mat,file_brain_AXT2_207_2070165,AXT2,12,TRAIN,Success
file_brain_AXT2_207_2070165/processed/slice_13.mat,file_brain_AXT2_207_2070165,AXT2,13,TRAIN,Success
file_brain_AXT2_207_2070165/processed/slice_14.mat,file_brain_AXT2_207_2070165,AXT2,14,TRAIN,Success
file_brain_AXT2_207_2070165/processed/slice_15.mat,file_brain_AXT2_207_2070165,AXT2,15,TRAIN,Success
file_brain_AXT2_207_2070165/processed/slice_16.mat,file_brain_AXT2_207_2070165,AXT2,16,TRAIN,Success
file_brain_AXT2_207_2070194/processed/slice_1.mat,file_brain_AXT2_207_2070194,AXT2,1,VAL,Success
file_brain_AXT2_207_2070194/processed/slice_2.mat,file_brain_AXT2_207_2070194,AXT2,2,VAL,Success
file_brain_AXT2_207_2070194/processed/slice_3.mat,file_brain_AXT2_207_2070194,AXT2,3,VAL,Success
file_brain_AXT2_207_2070194/processed/slice_4.mat,file_brain_AXT2_207_2070194,AXT2,4,VAL,Success
file_brain_AXT2_207_2070194/processed/slice_5.mat,file_brain_AXT2_207_2070194,AXT2,5,VAL,Success
file_brain_AXT2_207_2070194/processed/slice_6.mat,file_brain_AXT2_207_2070194,AXT2,6,VAL,Success
file_brain_AXT2_207_2070194/processed/slice_7.mat,file_brain_AXT2_207_2070194,AXT2,7,VAL,Success
file_brain_AXT2_207_2070194/processed/slice_8.mat,file_brain_AXT2_207_2070194,AXT2,8,VAL,Success
file_brain_AXT2_207_2070194/processed/slice_9.mat,file_brain_AXT2_207_2070194,AXT2,9,VAL,Success
file_brain_AXT2_207_2070194/processed/slice_10.mat,file_brain_AXT2_207_2070194,AXT2,10,VAL,Success
file_brain_AXT2_207_2070194/processed/slice_11.mat,file_brain_AXT2_207_2070194,AXT2,11,VAL,Success
file_brain_AXT2_207_2070194/processed/slice_12.mat,file_brain_AXT2_207_2070194,AXT2,12,VAL,Success
file_brain_AXT2_207_2070194/processed/slice_13.mat,file_brain_AXT2_207_2070194,AXT2,13,VAL,Success
file_brain_AXT2_207_2070194/processed/slice_14.mat,file_brain_AXT2_207_2070194,AXT2,14,VAL,Success
file_brain_AXT2_207_2070194/processed/slice_15.mat,file_brain_AXT2_207_2070194,AXT2,15,VAL,Success
file_brain_AXT2_207_2070194/processed/slice_16.mat,file_brain_AXT2_207_2070194,AXT2,16,VAL,Success
file_brain_AXT2_207_2070198/processed/slice_1.mat,file_brain_AXT2_207_2070198,AXT2,1,TRAIN,Success
file_brain_AXT2_207_2070198/processed/slice_2.mat,file_brain_AXT2_207_2070198,AXT2,2,TRAIN,Success
file_brain_AXT2_207_2070198/processed/slice_3.mat,file_brain_AXT2_207_2070198,AXT2,3,TRAIN,Success
file_brain_AXT2_207_2070198/processed/slice_4.mat,file_brain_AXT2_207_2070198,AXT2,4,TRAIN,Success
file_brain_AXT2_207_2070198/processed/slice_5.mat,file_brain_AXT2_207_2070198,AXT2,5,TRAIN,Success
file_brain_AXT2_207_2070198/processed/slice_6.mat,file_brain_AXT2_207_2070198,AXT2,6,TRAIN,Success
file_brain_AXT2_207_2070198/processed/slice_7.mat,file_brain_AXT2_207_2070198,AXT2,7,TRAIN,Success
file_brain_AXT2_207_2070198/processed/slice_8.mat,file_brain_AXT2_207_2070198,AXT2,8,TRAIN,Success
file_brain_AXT2_207_2070198/processed/slice_9.mat,file_brain_AXT2_207_2070198,AXT2,9,TRAIN,Success
file_brain_AXT2_207_2070198/processed/slice_10.mat,file_brain_AXT2_207_2070198,AXT2,10,TRAIN,Success
file_brain_AXT2_207_2070198/processed/slice_11.mat,file_brain_AXT2_207_2070198,AXT2,11,TRAIN,Success
file_brain_AXT2_207_2070198/processed/slice_12.mat,file_brain_AXT2_207_2070198,AXT2,12,TRAIN,Success
file_brain_AXT2_207_2070198/processed/slice_13.mat,file_brain_AXT2_207_2070198,AXT2,13,TRAIN,Success
file_brain_AXT2_207_2070198/processed/slice_14.mat,file_brain_AXT2_207_2070198,AXT2,14,TRAIN,Success
file_brain_AXT2_207_2070198/processed/slice_15.mat,file_brain_AXT2_207_2070198,AXT2,15,TRAIN,Success
file_brain_AXT2_207_2070198/processed/slice_16.mat,file_brain_AXT2_207_2070198,AXT2,16,TRAIN,Success
file_brain_AXT2_207_2070208/processed/slice_1.mat,file_brain_AXT2_207_2070208,AXT2,1,TRAIN,Success
file_brain_AXT2_207_2070208/processed/slice_2.mat,file_brain_AXT2_207_2070208,AXT2,2,TRAIN,Success
file_brain_AXT2_207_2070208/processed/slice_3.mat,file_brain_AXT2_207_2070208,AXT2,3,TRAIN,Success
file_brain_AXT2_207_2070208/processed/slice_4.mat,file_brain_AXT2_207_2070208,AXT2,4,TRAIN,Success
file_brain_AXT2_207_2070208/processed/slice_5.mat,file_brain_AXT2_207_2070208,AXT2,5,TRAIN,Success
file_brain_AXT2_207_2070208/processed/slice_6.mat,file_brain_AXT2_207_2070208,AXT2,6,TRAIN,Success
file_brain_AXT2_207_2070208/processed/slice_7.mat,file_brain_AXT2_207_2070208,AXT2,7,TRAIN,Success
file_brain_AXT2_207_2070208/processed/slice_8.mat,file_brain_AXT2_207_2070208,AXT2,8,TRAIN,Success
file_brain_AXT2_207_2070208/processed/slice_9.mat,file_brain_AXT2_207_2070208,AXT2,9,TRAIN,Success
file_brain_AXT2_207_2070208/processed/slice_10.mat,file_brain_AXT2_207_2070208,AXT2,10,TRAIN,Success
file_brain_AXT2_207_2070208/processed/slice_11.mat,file_brain_AXT2_207_2070208,AXT2,11,TRAIN,Success
file_brain_AXT2_207_2070208/processed/slice_12.mat,file_brain_AXT2_207_2070208,AXT2,12,TRAIN,Success
file_brain_AXT2_207_2070208/processed/slice_13.mat,file_brain_AXT2_207_2070208,AXT2,13,TRAIN,Success
file_brain_AXT2_207_2070208/processed/slice_14.mat,file_brain_AXT2_207_2070208,AXT2,14,TRAIN,Success
file_brain_AXT2_207_2070208/processed/slice_15.mat,file_brain_AXT2_207_2070208,AXT2,15,TRAIN,Success
file_brain_AXT2_207_2070208/processed/slice_16.mat,file_brain_AXT2_207_2070208,AXT2,16,TRAIN,Success
file_brain_AXT2_207_2070249/processed/slice_1.mat,file_brain_AXT2_207_2070249,AXT2,1,TEST,Success
file_brain_AXT2_207_2070249/processed/slice_2.mat,file_brain_AXT2_207_2070249,AXT2,2,TEST,Success
file_brain_AXT2_207_2070249/processed/slice_3.mat,file_brain_AXT2_207_2070249,AXT2,3,TEST,Success
file_brain_AXT2_207_2070249/processed/slice_4.mat,file_brain_AXT2_207_2070249,AXT2,4,TEST,Success
file_brain_AXT2_207_2070249/processed/slice_5.mat,file_brain_AXT2_207_2070249,AXT2,5,TEST,Success
file_brain_AXT2_207_2070249/processed/slice_6.mat,file_brain_AXT2_207_2070249,AXT2,6,TEST,Success
file_brain_AXT2_207_2070249/processed/slice_7.mat,file_brain_AXT2_207_2070249,AXT2,7,TEST,Success
file_brain_AXT2_207_2070249/processed/slice_8.mat,file_brain_AXT2_207_2070249,AXT2,8,TEST,Success
file_brain_AXT2_207_2070249/processed/slice_9.mat,file_brain_AXT2_207_2070249,AXT2,9,TEST,Success
file_brain_AXT2_207_2070249/processed/slice_10.mat,file_brain_AXT2_207_2070249,AXT2,10,TEST,Success
file_brain_AXT2_207_2070249/processed/slice_11.mat,file_brain_AXT2_207_2070249,AXT2,11,TEST,Success
file_brain_AXT2_207_2070249/processed/slice_12.mat,file_brain_AXT2_207_2070249,AXT2,12,TEST,Success
file_brain_AXT2_207_2070249/processed/slice_13.mat,file_brain_AXT2_207_2070249,AXT2,13,TEST,Success
file_brain_AXT2_207_2070249/processed/slice_14.mat,file_brain_AXT2_207_2070249,AXT2,14,TEST,Success
file_brain_AXT2_207_2070249/processed/slice_15.mat,file_brain_AXT2_207_2070249,AXT2,15,TEST,Success
file_brain_AXT2_207_2070249/processed/slice_16.mat,file_brain_AXT2_207_2070249,AXT2,16,TEST,Success
file_brain_AXT2_207_2070280/processed/slice_1.mat,file_brain_AXT2_207_2070280,AXT2,1,VAL,Success
file_brain_AXT2_207_2070280/processed/slice_2.mat,file_brain_AXT2_207_2070280,AXT2,2,VAL,Success
file_brain_AXT2_207_2070280/processed/slice_3.mat,file_brain_AXT2_207_2070280,AXT2,3,VAL,Success
file_brain_AXT2_207_2070280/processed/slice_4.mat,file_brain_AXT2_207_2070280,AXT2,4,VAL,Success
file_brain_AXT2_207_2070280/processed/slice_5.mat,file_brain_AXT2_207_2070280,AXT2,5,VAL,Success
file_brain_AXT2_207_2070280/processed/slice_6.mat,file_brain_AXT2_207_2070280,AXT2,6,VAL,Success
file_brain_AXT2_207_2070280/processed/slice_7.mat,file_brain_AXT2_207_2070280,AXT2,7,VAL,Success
file_brain_AXT2_207_2070280/processed/slice_8.mat,file_brain_AXT2_207_2070280,AXT2,8,VAL,Success
file_brain_AXT2_207_2070280/processed/slice_9.mat,file_brain_AXT2_207_2070280,AXT2,9,VAL,Success
file_brain_AXT2_207_2070280/processed/slice_10.mat,file_brain_AXT2_207_2070280,AXT2,10,VAL,Success
file_brain_AXT2_207_2070280/processed/slice_11.mat,file_brain_AXT2_207_2070280,AXT2,11,VAL,Success
file_brain_AXT2_207_2070280/processed/slice_12.mat,file_brain_AXT2_207_2070280,AXT2,12,VAL,Success
file_brain_AXT2_207_2070280/processed/slice_13.mat,file_brain_AXT2_207_2070280,AXT2,13,VAL,Success
file_brain_AXT2_207_2070280/processed/slice_14.mat,file_brain_AXT2_207_2070280,AXT2,14,VAL,Success
file_brain_AXT2_207_2070280/processed/slice_15.mat,file_brain_AXT2_207_2070280,AXT2,15,VAL,Success
file_brain_AXT2_207_2070280/processed/slice_16.mat,file_brain_AXT2_207_2070280,AXT2,16,VAL,Success
file_brain_AXT2_207_2070325/processed/slice_1.mat,file_brain_AXT2_207_2070325,AXT2,1,TRAIN,Success
file_brain_AXT2_207_2070325/processed/slice_2.mat,file_brain_AXT2_207_2070325,AXT2,2,TRAIN,Success
file_brain_AXT2_207_2070325/processed/slice_3.mat,file_brain_AXT2_207_2070325,AXT2,3,TRAIN,Success
file_brain_AXT2_207_2070325/processed/slice_4.mat,file_brain_AXT2_207_2070325,AXT2,4,TRAIN,Success
file_brain_AXT2_207_2070325/processed/slice_5.mat,file_brain_AXT2_207_2070325,AXT2,5,TRAIN,Success
file_brain_AXT2_207_2070325/processed/slice_6.mat,file_brain_AXT2_207_2070325,AXT2,6,TRAIN,Success
file_brain_AXT2_207_2070325/processed/slice_7.mat,file_brain_AXT2_207_2070325,AXT2,7,TRAIN,Success
file_brain_AXT2_207_2070325/processed/slice_8.mat,file_brain_AXT2_207_2070325,AXT2,8,TRAIN,Success
file_brain_AXT2_207_2070325/processed/slice_9.mat,file_brain_AXT2_207_2070325,AXT2,9,TRAIN,Success
file_brain_AXT2_207_2070325/processed/slice_10.mat,file_brain_AXT2_207_2070325,AXT2,10,TRAIN,Success
file_brain_AXT2_207_2070325/processed/slice_11.mat,file_brain_AXT2_207_2070325,AXT2,11,TRAIN,Success
file_brain_AXT2_207_2070325/processed/slice_12.mat,file_brain_AXT2_207_2070325,AXT2,12,TRAIN,Success
file_brain_AXT2_207_2070325/processed/slice_13.mat,file_brain_AXT2_207_2070325,AXT2,13,TRAIN,Success
file_brain_AXT2_207_2070325/processed/slice_14.mat,file_brain_AXT2_207_2070325,AXT2,14,TRAIN,Success
file_brain_AXT2_207_2070325/processed/slice_15.mat,file_brain_AXT2_207_2070325,AXT2,15,TRAIN,Success
file_brain_AXT2_207_2070325/processed/slice_16.mat,file_brain_AXT2_207_2070325,AXT2,16,TRAIN,Success
file_brain_AXT2_207_2070352/processed/slice_1.mat,file_brain_AXT2_207_2070352,AXT2,1,TRAIN,Success
file_brain_AXT2_207_2070352/processed/slice_2.mat,file_brain_AXT2_207_2070352,AXT2,2,TRAIN,Success
file_brain_AXT2_207_2070352/processed/slice_3.mat,file_brain_AXT2_207_2070352,AXT2,3,TRAIN,Success
file_brain_AXT2_207_2070352/processed/slice_4.mat,file_brain_AXT2_207_2070352,AXT2,4,TRAIN,Success
file_brain_AXT2_207_2070352/processed/slice_5.mat,file_brain_AXT2_207_2070352,AXT2,5,TRAIN,Success
file_brain_AXT2_207_2070352/processed/slice_6.mat,file_brain_AXT2_207_2070352,AXT2,6,TRAIN,Success
file_brain_AXT2_207_2070352/processed/slice_7.mat,file_brain_AXT2_207_2070352,AXT2,7,TRAIN,Success
file_brain_AXT2_207_2070352/processed/slice_8.mat,file_brain_AXT2_207_2070352,AXT2,8,TRAIN,Success
file_brain_AXT2_207_2070352/processed/slice_9.mat,file_brain_AXT2_207_2070352,AXT2,9,TRAIN,Success
file_brain_AXT2_207_2070352/processed/slice_10.mat,file_brain_AXT2_207_2070352,AXT2,10,TRAIN,Success
file_brain_AXT2_207_2070352/processed/slice_11.mat,file_brain_AXT2_207_2070352,AXT2,11,TRAIN,Success
file_brain_AXT2_207_2070352/processed/slice_12.mat,file_brain_AXT2_207_2070352,AXT2,12,TRAIN,Success
file_brain_AXT2_207_2070352/processed/slice_13.mat,file_brain_AXT2_207_2070352,AXT2,13,TRAIN,Success
file_brain_AXT2_207_2070352/processed/slice_14.mat,file_brain_AXT2_207_2070352,AXT2,14,TRAIN,Success
file_brain_AXT2_207_2070352/processed/slice_15.mat,file_brain_AXT2_207_2070352,AXT2,15,TRAIN,Success
file_brain_AXT2_207_2070352/processed/slice_16.mat,file_brain_AXT2_207_2070352,AXT2,16,TRAIN,Success
file_brain_AXT2_207_2070417/processed/slice_1.mat,file_brain_AXT2_207_2070417,AXT2,1,TRAIN,Success
file_brain_AXT2_207_2070417/processed/slice_2.mat,file_brain_AXT2_207_2070417,AXT2,2,TRAIN,Success
file_brain_AXT2_207_2070417/processed/slice_3.mat,file_brain_AXT2_207_2070417,AXT2,3,TRAIN,Success
file_brain_AXT2_207_2070417/processed/slice_4.mat,file_brain_AXT2_207_2070417,AXT2,4,TRAIN,Success
file_brain_AXT2_207_2070417/processed/slice_5.mat,file_brain_AXT2_207_2070417,AXT2,5,TRAIN,Success
file_brain_AXT2_207_2070417/processed/slice_6.mat,file_brain_AXT2_207_2070417,AXT2,6,TRAIN,Success
file_brain_AXT2_207_2070417/processed/slice_7.mat,file_brain_AXT2_207_2070417,AXT2,7,TRAIN,Success
file_brain_AXT2_207_2070417/processed/slice_8.mat,file_brain_AXT2_207_2070417,AXT2,8,TRAIN,Success
file_brain_AXT2_207_2070417/processed/slice_9.mat,file_brain_AXT2_207_2070417,AXT2,9,TRAIN,Success
file_brain_AXT2_207_2070417/processed/slice_10.mat,file_brain_AXT2_207_2070417,AXT2,10,TRAIN,Success
file_brain_AXT2_207_2070417/processed/slice_11.mat,file_brain_AXT2_207_2070417,AXT2,11,TRAIN,Success
file_brain_AXT2_207_2070417/processed/slice_12.mat,file_brain_AXT2_207_2070417,AXT2,12,TRAIN,Success
file_brain_AXT2_207_2070417/processed/slice_13.mat,file_brain_AXT2_207_2070417,AXT2,13,TRAIN,Success
file_brain_AXT2_207_2070417/processed/slice_14.mat,file_brain_AXT2_207_2070417,AXT2,14,TRAIN,Success
file_brain_AXT2_207_2070417/processed/slice_15.mat,file_brain_AXT2_207_2070417,AXT2,15,TRAIN,Success
file_brain_AXT2_207_2070417/processed/slice_16.mat,file_brain_AXT2_207_2070417,AXT2,16,TRAIN,Success
file_brain_AXT2_207_2070422/processed/slice_1.mat,file_brain_AXT2_207_2070422,AXT2,1,TRAIN,Success
file_brain_AXT2_207_2070422/processed/slice_2.mat,file_brain_AXT2_207_2070422,AXT2,2,TRAIN,Success
file_brain_AXT2_207_2070422/processed/slice_3.mat,file_brain_AXT2_207_2070422,AXT2,3,TRAIN,Success
file_brain_AXT2_207_2070422/processed/slice_4.mat,file_brain_AXT2_207_2070422,AXT2,4,TRAIN,Success
file_brain_AXT2_207_2070422/processed/slice_5.mat,file_brain_AXT2_207_2070422,AXT2,5,TRAIN,Success
file_brain_AXT2_207_2070422/processed/slice_6.mat,file_brain_AXT2_207_2070422,AXT2,6,TRAIN,Success
file_brain_AXT2_207_2070422/processed/slice_7.mat,file_brain_AXT2_207_2070422,AXT2,7,TRAIN,Success
file_brain_AXT2_207_2070422/processed/slice_8.mat,file_brain_AXT2_207_2070422,AXT2,8,TRAIN,Success
file_brain_AXT2_207_2070422/processed/slice_9.mat,file_brain_AXT2_207_2070422,AXT2,9,TRAIN,Success
file_brain_AXT2_207_2070422/processed/slice_10.mat,file_brain_AXT2_207_2070422,AXT2,10,TRAIN,Success
file_brain_AXT2_207_2070422/processed/slice_11.mat,file_brain_AXT2_207_2070422,AXT2,11,TRAIN,Success
file_brain_AXT2_207_2070422/processed/slice_12.mat,file_brain_AXT2_207_2070422,AXT2,12,TRAIN,Success
file_brain_AXT2_207_2070422/processed/slice_13.mat,file_brain_AXT2_207_2070422,AXT2,13,TRAIN,Success
file_brain_AXT2_207_2070422/processed/slice_14.mat,file_brain_AXT2_207_2070422,AXT2,14,TRAIN,Success
file_brain_AXT2_207_2070422/processed/slice_15.mat,file_brain_AXT2_207_2070422,AXT2,15,TRAIN,Success
file_brain_AXT2_207_2070422/processed/slice_16.mat,file_brain_AXT2_207_2070422,AXT2,16,TRAIN,Success
file_brain_AXT2_207_2070458/processed/slice_1.mat,file_brain_AXT2_207_2070458,AXT2,1,TRAIN,Success
file_brain_AXT2_207_2070458/processed/slice_2.mat,file_brain_AXT2_207_2070458,AXT2,2,TRAIN,Success
file_brain_AXT2_207_2070458/processed/slice_3.mat,file_brain_AXT2_207_2070458,AXT2,3,TRAIN,Success
file_brain_AXT2_207_2070458/processed/slice_4.mat,file_brain_AXT2_207_2070458,AXT2,4,TRAIN,Success
file_brain_AXT2_207_2070458/processed/slice_5.mat,file_brain_AXT2_207_2070458,AXT2,5,TRAIN,Success
file_brain_AXT2_207_2070458/processed/slice_6.mat,file_brain_AXT2_207_2070458,AXT2,6,TRAIN,Success
file_brain_AXT2_207_2070458/processed/slice_7.mat,file_brain_AXT2_207_2070458,AXT2,7,TRAIN,Success
file_brain_AXT2_207_2070458/processed/slice_8.mat,file_brain_AXT2_207_2070458,AXT2,8,TRAIN,Success
file_brain_AXT2_207_2070458/processed/slice_9.mat,file_brain_AXT2_207_2070458,AXT2,9,TRAIN,Success
file_brain_AXT2_207_2070458/processed/slice_10.mat,file_brain_AXT2_207_2070458,AXT2,10,TRAIN,Success
file_brain_AXT2_207_2070458/processed/slice_11.mat,file_brain_AXT2_207_2070458,AXT2,11,TRAIN,Success
file_brain_AXT2_207_2070458/processed/slice_12.mat,file_brain_AXT2_207_2070458,AXT2,12,TRAIN,Success
file_brain_AXT2_207_2070458/processed/slice_13.mat,file_brain_AXT2_207_2070458,AXT2,13,TRAIN,Success
file_brain_AXT2_207_2070458/processed/slice_14.mat,file_brain_AXT2_207_2070458,AXT2,14,TRAIN,Success
file_brain_AXT2_207_2070458/processed/slice_15.mat,file_brain_AXT2_207_2070458,AXT2,15,TRAIN,Success
file_brain_AXT2_207_2070458/processed/slice_16.mat,file_brain_AXT2_207_2070458,AXT2,16,TRAIN,Success
file_brain_AXT2_207_2070460/processed/slice_1.mat,file_brain_AXT2_207_2070460,AXT2,1,VAL,Success
file_brain_AXT2_207_2070460/processed/slice_2.mat,file_brain_AXT2_207_2070460,AXT2,2,VAL,Success
file_brain_AXT2_207_2070460/processed/slice_3.mat,file_brain_AXT2_207_2070460,AXT2,3,VAL,Success
file_brain_AXT2_207_2070460/processed/slice_4.mat,file_brain_AXT2_207_2070460,AXT2,4,VAL,Success
file_brain_AXT2_207_2070460/processed/slice_5.mat,file_brain_AXT2_207_2070460,AXT2,5,VAL,Success
file_brain_AXT2_207_2070460/processed/slice_6.mat,file_brain_AXT2_207_2070460,AXT2,6,VAL,Success
file_brain_AXT2_207_2070460/processed/slice_7.mat,file_brain_AXT2_207_2070460,AXT2,7,VAL,Success
file_brain_AXT2_207_2070460/processed/slice_8.mat,file_brain_AXT2_207_2070460,AXT2,8,VAL,Success
file_brain_AXT2_207_2070460/processed/slice_9.mat,file_brain_AXT2_207_2070460,AXT2,9,VAL,Success
file_brain_AXT2_207_2070460/processed/slice_10.mat,file_brain_AXT2_207_2070460,AXT2,10,VAL,Success
file_brain_AXT2_207_2070460/processed/slice_11.mat,file_brain_AXT2_207_2070460,AXT2,11,VAL,Success
file_brain_AXT2_207_2070460/processed/slice_12.mat,file_brain_AXT2_207_2070460,AXT2,12,VAL,Success
file_brain_AXT2_207_2070460/processed/slice_13.mat,file_brain_AXT2_207_2070460,AXT2,13,VAL,Success
file_brain_AXT2_207_2070460/processed/slice_14.mat,file_brain_AXT2_207_2070460,AXT2,14,VAL,Success
file_brain_AXT2_207_2070460/processed/slice_15.mat,file_brain_AXT2_207_2070460,AXT2,15,VAL,Success
file_brain_AXT2_207_2070460/processed/slice_16.mat,file_brain_AXT2_207_2070460,AXT2,16,VAL,Success
file_brain_AXT2_207_2070484/processed/slice_1.mat,file_brain_AXT2_207_2070484,AXT2,1,TRAIN,Success
file_brain_AXT2_207_2070484/processed/slice_2.mat,file_brain_AXT2_207_2070484,AXT2,2,TRAIN,Success
file_brain_AXT2_207_2070484/processed/slice_3.mat,file_brain_AXT2_207_2070484,AXT2,3,TRAIN,Success
file_brain_AXT2_207_2070484/processed/slice_4.mat,file_brain_AXT2_207_2070484,AXT2,4,TRAIN,Success
file_brain_AXT2_207_2070484/processed/slice_5.mat,file_brain_AXT2_207_2070484,AXT2,5,TRAIN,Success
file_brain_AXT2_207_2070484/processed/slice_6.mat,file_brain_AXT2_207_2070484,AXT2,6,TRAIN,Success
file_brain_AXT2_207_2070484/processed/slice_7.mat,file_brain_AXT2_207_2070484,AXT2,7,TRAIN,Success
file_brain_AXT2_207_2070484/processed/slice_8.mat,file_brain_AXT2_207_2070484,AXT2,8,TRAIN,Success
file_brain_AXT2_207_2070484/processed/slice_9.mat,file_brain_AXT2_207_2070484,AXT2,9,TRAIN,Success
file_brain_AXT2_207_2070484/processed/slice_10.mat,file_brain_AXT2_207_2070484,AXT2,10,TRAIN,Success
file_brain_AXT2_207_2070484/processed/slice_11.mat,file_brain_AXT2_207_2070484,AXT2,11,TRAIN,Success
file_brain_AXT2_207_2070484/processed/slice_12.mat,file_brain_AXT2_207_2070484,AXT2,12,TRAIN,Success
file_brain_AXT2_207_2070484/processed/slice_13.mat,file_brain_AXT2_207_2070484,AXT2,13,TRAIN,Success
file_brain_AXT2_207_2070484/processed/slice_14.mat,file_brain_AXT2_207_2070484,AXT2,14,TRAIN,Success
file_brain_AXT2_207_2070484/processed/slice_15.mat,file_brain_AXT2_207_2070484,AXT2,15,TRAIN,Success
file_brain_AXT2_207_2070484/processed/slice_16.mat,file_brain_AXT2_207_2070484,AXT2,16,TRAIN,Success
file_brain_AXT2_207_2070500/processed/slice_1.mat,file_brain_AXT2_207_2070500,AXT2,1,TRAIN,Success
file_brain_AXT2_207_2070500/processed/slice_2.mat,file_brain_AXT2_207_2070500,AXT2,2,TRAIN,Success
file_brain_AXT2_207_2070500/processed/slice_3.mat,file_brain_AXT2_207_2070500,AXT2,3,TRAIN,Success
file_brain_AXT2_207_2070500/processed/slice_4.mat,file_brain_AXT2_207_2070500,AXT2,4,TRAIN,Success
file_brain_AXT2_207_2070500/processed/slice_5.mat,file_brain_AXT2_207_2070500,AXT2,5,TRAIN,Success
file_brain_AXT2_207_2070500/processed/slice_6.mat,file_brain_AXT2_207_2070500,AXT2,6,TRAIN,Success
file_brain_AXT2_207_2070500/processed/slice_7.mat,file_brain_AXT2_207_2070500,AXT2,7,TRAIN,Success
file_brain_AXT2_207_2070500/processed/slice_8.mat,file_brain_AXT2_207_2070500,AXT2,8,TRAIN,Success
file_brain_AXT2_207_2070500/processed/slice_9.mat,file_brain_AXT2_207_2070500,AXT2,9,TRAIN,Success
file_brain_AXT2_207_2070500/processed/slice_10.mat,file_brain_AXT2_207_2070500,AXT2,10,TRAIN,Success
file_brain_AXT2_207_2070500/processed/slice_11.mat,file_brain_AXT2_207_2070500,AXT2,11,TRAIN,Success
file_brain_AXT2_207_2070500/processed/slice_12.mat,file_brain_AXT2_207_2070500,AXT2,12,TRAIN,Success
file_brain_AXT2_207_2070500/processed/slice_13.mat,file_brain_AXT2_207_2070500,AXT2,13,TRAIN,Success
file_brain_AXT2_207_2070500/processed/slice_14.mat,file_brain_AXT2_207_2070500,AXT2,14,TRAIN,Success
file_brain_AXT2_207_2070500/processed/slice_15.mat,file_brain_AXT2_207_2070500,AXT2,15,TRAIN,Success
file_brain_AXT2_207_2070500/processed/slice_16.mat,file_brain_AXT2_207_2070500,AXT2,16,TRAIN,Success
file_brain_AXT2_207_2070562/processed/slice_1.mat,file_brain_AXT2_207_2070562,AXT2,1,TRAIN,Success
file_brain_AXT2_207_2070562/processed/slice_2.mat,file_brain_AXT2_207_2070562,AXT2,2,TRAIN,Success
file_brain_AXT2_207_2070562/processed/slice_3.mat,file_brain_AXT2_207_2070562,AXT2,3,TRAIN,Success
file_brain_AXT2_207_2070562/processed/slice_4.mat,file_brain_AXT2_207_2070562,AXT2,4,TRAIN,Success
file_brain_AXT2_207_2070562/processed/slice_5.mat,file_brain_AXT2_207_2070562,AXT2,5,TRAIN,Success
file_brain_AXT2_207_2070562/processed/slice_6.mat,file_brain_AXT2_207_2070562,AXT2,6,TRAIN,Success
file_brain_AXT2_207_2070562/processed/slice_7.mat,file_brain_AXT2_207_2070562,AXT2,7,TRAIN,Success
file_brain_AXT2_207_2070562/processed/slice_8.mat,file_brain_AXT2_207_2070562,AXT2,8,TRAIN,Success
file_brain_AXT2_207_2070562/processed/slice_9.mat,file_brain_AXT2_207_2070562,AXT2,9,TRAIN,Success
file_brain_AXT2_207_2070562/processed/slice_10.mat,file_brain_AXT2_207_2070562,AXT2,10,TRAIN,Success
file_brain_AXT2_207_2070562/processed/slice_11.mat,file_brain_AXT2_207_2070562,AXT2,11,TRAIN,Success
file_brain_AXT2_207_2070562/processed/slice_12.mat,file_brain_AXT2_207_2070562,AXT2,12,TRAIN,Success
file_brain_AXT2_207_2070562/processed/slice_13.mat,file_brain_AXT2_207_2070562,AXT2,13,TRAIN,Success
file_brain_AXT2_207_2070562/processed/slice_14.mat,file_brain_AXT2_207_2070562,AXT2,14,TRAIN,Success
file_brain_AXT2_207_2070562/processed/slice_15.mat,file_brain_AXT2_207_2070562,AXT2,15,TRAIN,Success
file_brain_AXT2_207_2070562/processed/slice_16.mat,file_brain_AXT2_207_2070562,AXT2,16,TRAIN,Success
file_brain_AXT2_207_2070581/processed/slice_1.mat,file_brain_AXT2_207_2070581,AXT2,1,TRAIN,Success
file_brain_AXT2_207_2070581/processed/slice_2.mat,file_brain_AXT2_207_2070581,AXT2,2,TRAIN,Success
file_brain_AXT2_207_2070581/processed/slice_3.mat,file_brain_AXT2_207_2070581,AXT2,3,TRAIN,Success
file_brain_AXT2_207_2070581/processed/slice_4.mat,file_brain_AXT2_207_2070581,AXT2,4,TRAIN,Success
file_brain_AXT2_207_2070581/processed/slice_5.mat,file_brain_AXT2_207_2070581,AXT2,5,TRAIN,Success
file_brain_AXT2_207_2070581/processed/slice_6.mat,file_brain_AXT2_207_2070581,AXT2,6,TRAIN,Success
file_brain_AXT2_207_2070581/processed/slice_7.mat,file_brain_AXT2_207_2070581,AXT2,7,TRAIN,Success
file_brain_AXT2_207_2070581/processed/slice_8.mat,file_brain_AXT2_207_2070581,AXT2,8,TRAIN,Success
file_brain_AXT2_207_2070581/processed/slice_9.mat,file_brain_AXT2_207_2070581,AXT2,9,TRAIN,Success
file_brain_AXT2_207_2070581/processed/slice_10.mat,file_brain_AXT2_207_2070581,AXT2,10,TRAIN,Success
file_brain_AXT2_207_2070581/processed/slice_11.mat,file_brain_AXT2_207_2070581,AXT2,11,TRAIN,Success
file_brain_AXT2_207_2070581/processed/slice_12.mat,file_brain_AXT2_207_2070581,AXT2,12,TRAIN,Success
file_brain_AXT2_207_2070581/processed/slice_13.mat,file_brain_AXT2_207_2070581,AXT2,13,TRAIN,Success
file_brain_AXT2_207_2070581/processed/slice_14.mat,file_brain_AXT2_207_2070581,AXT2,14,TRAIN,Success
file_brain_AXT2_207_2070581/processed/slice_15.mat,file_brain_AXT2_207_2070581,AXT2,15,TRAIN,Success
file_brain_AXT2_207_2070581/processed/slice_16.mat,file_brain_AXT2_207_2070581,AXT2,16,TRAIN,Success
file_brain_AXT2_207_2070590/processed/slice_1.mat,file_brain_AXT2_207_2070590,AXT2,1,VAL,Success
file_brain_AXT2_207_2070590/processed/slice_2.mat,file_brain_AXT2_207_2070590,AXT2,2,VAL,Success
file_brain_AXT2_207_2070590/processed/slice_3.mat,file_brain_AXT2_207_2070590,AXT2,3,VAL,Success
file_brain_AXT2_207_2070590/processed/slice_4.mat,file_brain_AXT2_207_2070590,AXT2,4,VAL,Success
file_brain_AXT2_207_2070590/processed/slice_5.mat,file_brain_AXT2_207_2070590,AXT2,5,VAL,Success
file_brain_AXT2_207_2070590/processed/slice_6.mat,file_brain_AXT2_207_2070590,AXT2,6,VAL,Success
file_brain_AXT2_207_2070590/processed/slice_7.mat,file_brain_AXT2_207_2070590,AXT2,7,VAL,Success
file_brain_AXT2_207_2070590/processed/slice_8.mat,file_brain_AXT2_207_2070590,AXT2,8,VAL,Success
file_brain_AXT2_207_2070590/processed/slice_9.mat,file_brain_AXT2_207_2070590,AXT2,9,VAL,Success
file_brain_AXT2_207_2070590/processed/slice_10.mat,file_brain_AXT2_207_2070590,AXT2,10,VAL,Success
file_brain_AXT2_207_2070590/processed/slice_11.mat,file_brain_AXT2_207_2070590,AXT2,11,VAL,Success
file_brain_AXT2_207_2070590/processed/slice_12.mat,file_brain_AXT2_207_2070590,AXT2,12,VAL,Success
file_brain_AXT2_207_2070590/processed/slice_13.mat,file_brain_AXT2_207_2070590,AXT2,13,VAL,Success
file_brain_AXT2_207_2070590/processed/slice_14.mat,file_brain_AXT2_207_2070590,AXT2,14,VAL,Success
file_brain_AXT2_207_2070590/processed/slice_15.mat,file_brain_AXT2_207_2070590,AXT2,15,VAL,Success
file_brain_AXT2_207_2070590/processed/slice_16.mat,file_brain_AXT2_207_2070590,AXT2,16,VAL,Success
file_brain_AXT2_207_2070608/processed/slice_1.mat,file_brain_AXT2_207_2070608,AXT2,1,TRAIN,Success
file_brain_AXT2_207_2070608/processed/slice_2.mat,file_brain_AXT2_207_2070608,AXT2,2,TRAIN,Success
file_brain_AXT2_207_2070608/processed/slice_3.mat,file_brain_AXT2_207_2070608,AXT2,3,TRAIN,Success
file_brain_AXT2_207_2070608/processed/slice_4.mat,file_brain_AXT2_207_2070608,AXT2,4,TRAIN,Success
file_brain_AXT2_207_2070608/processed/slice_5.mat,file_brain_AXT2_207_2070608,AXT2,5,TRAIN,Success
file_brain_AXT2_207_2070608/processed/slice_6.mat,file_brain_AXT2_207_2070608,AXT2,6,TRAIN,Success
file_brain_AXT2_207_2070608/processed/slice_7.mat,file_brain_AXT2_207_2070608,AXT2,7,TRAIN,Success
file_brain_AXT2_207_2070608/processed/slice_8.mat,file_brain_AXT2_207_2070608,AXT2,8,TRAIN,Success
file_brain_AXT2_207_2070608/processed/slice_9.mat,file_brain_AXT2_207_2070608,AXT2,9,TRAIN,Success
file_brain_AXT2_207_2070608/processed/slice_10.mat,file_brain_AXT2_207_2070608,AXT2,10,TRAIN,Success
file_brain_AXT2_207_2070608/processed/slice_11.mat,file_brain_AXT2_207_2070608,AXT2,11,TRAIN,Success
file_brain_AXT2_207_2070608/processed/slice_12.mat,file_brain_AXT2_207_2070608,AXT2,12,TRAIN,Success
file_brain_AXT2_207_2070608/processed/slice_13.mat,file_brain_AXT2_207_2070608,AXT2,13,TRAIN,Success
file_brain_AXT2_207_2070608/processed/slice_14.mat,file_brain_AXT2_207_2070608,AXT2,14,TRAIN,Success
file_brain_AXT2_207_2070608/processed/slice_15.mat,file_brain_AXT2_207_2070608,AXT2,15,TRAIN,Success
file_brain_AXT2_207_2070608/processed/slice_16.mat,file_brain_AXT2_207_2070608,AXT2,16,TRAIN,Success
file_brain_AXT2_207_2070611/processed/slice_1.mat,file_brain_AXT2_207_2070611,AXT2,1,TRAIN,Success
file_brain_AXT2_207_2070611/processed/slice_2.mat,file_brain_AXT2_207_2070611,AXT2,2,TRAIN,Success
file_brain_AXT2_207_2070611/processed/slice_3.mat,file_brain_AXT2_207_2070611,AXT2,3,TRAIN,Success
file_brain_AXT2_207_2070611/processed/slice_4.mat,file_brain_AXT2_207_2070611,AXT2,4,TRAIN,Success
file_brain_AXT2_207_2070611/processed/slice_5.mat,file_brain_AXT2_207_2070611,AXT2,5,TRAIN,Success
file_brain_AXT2_207_2070611/processed/slice_6.mat,file_brain_AXT2_207_2070611,AXT2,6,TRAIN,Success
file_brain_AXT2_207_2070611/processed/slice_7.mat,file_brain_AXT2_207_2070611,AXT2,7,TRAIN,Success
file_brain_AXT2_207_2070611/processed/slice_8.mat,file_brain_AXT2_207_2070611,AXT2,8,TRAIN,Success
file_brain_AXT2_207_2070611/processed/slice_9.mat,file_brain_AXT2_207_2070611,AXT2,9,TRAIN,Success
file_brain_AXT2_207_2070611/processed/slice_10.mat,file_brain_AXT2_207_2070611,AXT2,10,TRAIN,Success
file_brain_AXT2_207_2070611/processed/slice_11.mat,file_brain_AXT2_207_2070611,AXT2,11,TRAIN,Success
file_brain_AXT2_207_2070611/processed/slice_12.mat,file_brain_AXT2_207_2070611,AXT2,12,TRAIN,Success
file_brain_AXT2_207_2070611/processed/slice_13.mat,file_brain_AXT2_207_2070611,AXT2,13,TRAIN,Success
file_brain_AXT2_207_2070611/processed/slice_14.mat,file_brain_AXT2_207_2070611,AXT2,14,TRAIN,Success
file_brain_AXT2_207_2070611/processed/slice_15.mat,file_brain_AXT2_207_2070611,AXT2,15,TRAIN,Success
file_brain_AXT2_207_2070611/processed/slice_16.mat,file_brain_AXT2_207_2070611,AXT2,16,TRAIN,Success
file_brain_AXT2_207_2070678/processed/slice_1.mat,file_brain_AXT2_207_2070678,AXT2,1,TRAIN,Success
file_brain_AXT2_207_2070678/processed/slice_2.mat,file_brain_AXT2_207_2070678,AXT2,2,TRAIN,Success
file_brain_AXT2_207_2070678/processed/slice_3.mat,file_brain_AXT2_207_2070678,AXT2,3,TRAIN,Success
file_brain_AXT2_207_2070678/processed/slice_4.mat,file_brain_AXT2_207_2070678,AXT2,4,TRAIN,Success
file_brain_AXT2_207_2070678/processed/slice_5.mat,file_brain_AXT2_207_2070678,AXT2,5,TRAIN,Success
file_brain_AXT2_207_2070678/processed/slice_6.mat,file_brain_AXT2_207_2070678,AXT2,6,TRAIN,Success
file_brain_AXT2_207_2070678/processed/slice_7.mat,file_brain_AXT2_207_2070678,AXT2,7,TRAIN,Success
file_brain_AXT2_207_2070678/processed/slice_8.mat,file_brain_AXT2_207_2070678,AXT2,8,TRAIN,Success
file_brain_AXT2_207_2070678/processed/slice_9.mat,file_brain_AXT2_207_2070678,AXT2,9,TRAIN,Success
file_brain_AXT2_207_2070678/processed/slice_10.mat,file_brain_AXT2_207_2070678,AXT2,10,TRAIN,Success
file_brain_AXT2_207_2070678/processed/slice_11.mat,file_brain_AXT2_207_2070678,AXT2,11,TRAIN,Success
file_brain_AXT2_207_2070678/processed/slice_12.mat,file_brain_AXT2_207_2070678,AXT2,12,TRAIN,Success
file_brain_AXT2_207_2070678/processed/slice_13.mat,file_brain_AXT2_207_2070678,AXT2,13,TRAIN,Success
file_brain_AXT2_207_2070678/processed/slice_14.mat,file_brain_AXT2_207_2070678,AXT2,14,TRAIN,Success
file_brain_AXT2_207_2070678/processed/slice_15.mat,file_brain_AXT2_207_2070678,AXT2,15,TRAIN,Success
file_brain_AXT2_207_2070678/processed/slice_16.mat,file_brain_AXT2_207_2070678,AXT2,16,TRAIN,Success
file_brain_AXT2_207_2070690/processed/slice_1.mat,file_brain_AXT2_207_2070690,AXT2,1,TRAIN,Success
file_brain_AXT2_207_2070690/processed/slice_2.mat,file_brain_AXT2_207_2070690,AXT2,2,TRAIN,Success
file_brain_AXT2_207_2070690/processed/slice_3.mat,file_brain_AXT2_207_2070690,AXT2,3,TRAIN,Success
file_brain_AXT2_207_2070690/processed/slice_4.mat,file_brain_AXT2_207_2070690,AXT2,4,TRAIN,Success
file_brain_AXT2_207_2070690/processed/slice_5.mat,file_brain_AXT2_207_2070690,AXT2,5,TRAIN,Success
file_brain_AXT2_207_2070690/processed/slice_6.mat,file_brain_AXT2_207_2070690,AXT2,6,TRAIN,Success
file_brain_AXT2_207_2070690/processed/slice_7.mat,file_brain_AXT2_207_2070690,AXT2,7,TRAIN,Success
file_brain_AXT2_207_2070690/processed/slice_8.mat,file_brain_AXT2_207_2070690,AXT2,8,TRAIN,Success
file_brain_AXT2_207_2070690/processed/slice_9.mat,file_brain_AXT2_207_2070690,AXT2,9,TRAIN,Success
file_brain_AXT2_207_2070690/processed/slice_10.mat,file_brain_AXT2_207_2070690,AXT2,10,TRAIN,Success
file_brain_AXT2_207_2070690/processed/slice_11.mat,file_brain_AXT2_207_2070690,AXT2,11,TRAIN,Success
file_brain_AXT2_207_2070690/processed/slice_12.mat,file_brain_AXT2_207_2070690,AXT2,12,TRAIN,Success
file_brain_AXT2_207_2070690/processed/slice_13.mat,file_brain_AXT2_207_2070690,AXT2,13,TRAIN,Success
file_brain_AXT2_207_2070690/processed/slice_14.mat,file_brain_AXT2_207_2070690,AXT2,14,TRAIN,Success
file_brain_AXT2_207_2070690/processed/slice_15.mat,file_brain_AXT2_207_2070690,AXT2,15,TRAIN,Success
file_brain_AXT2_207_2070690/processed/slice_16.mat,file_brain_AXT2_207_2070690,AXT2,16,TRAIN,Success
file_brain_AXT2_207_2070692/processed/slice_1.mat,file_brain_AXT2_207_2070692,AXT2,1,TRAIN,Success
file_brain_AXT2_207_2070692/processed/slice_2.mat,file_brain_AXT2_207_2070692,AXT2,2,TRAIN,Success
file_brain_AXT2_207_2070692/processed/slice_3.mat,file_brain_AXT2_207_2070692,AXT2,3,TRAIN,Success
file_brain_AXT2_207_2070692/processed/slice_4.mat,file_brain_AXT2_207_2070692,AXT2,4,TRAIN,Success
file_brain_AXT2_207_2070692/processed/slice_5.mat,file_brain_AXT2_207_2070692,AXT2,5,TRAIN,Success
file_brain_AXT2_207_2070692/processed/slice_6.mat,file_brain_AXT2_207_2070692,AXT2,6,TRAIN,Success
file_brain_AXT2_207_2070692/processed/slice_7.mat,file_brain_AXT2_207_2070692,AXT2,7,TRAIN,Success
file_brain_AXT2_207_2070692/processed/slice_8.mat,file_brain_AXT2_207_2070692,AXT2,8,TRAIN,Success
file_brain_AXT2_207_2070692/processed/slice_9.mat,file_brain_AXT2_207_2070692,AXT2,9,TRAIN,Success
file_brain_AXT2_207_2070692/processed/slice_10.mat,file_brain_AXT2_207_2070692,AXT2,10,TRAIN,Success
file_brain_AXT2_207_2070692/processed/slice_11.mat,file_brain_AXT2_207_2070692,AXT2,11,TRAIN,Success
file_brain_AXT2_207_2070692/processed/slice_12.mat,file_brain_AXT2_207_2070692,AXT2,12,TRAIN,Success
file_brain_AXT2_207_2070692/processed/slice_13.mat,file_brain_AXT2_207_2070692,AXT2,13,TRAIN,Success
file_brain_AXT2_207_2070692/processed/slice_14.mat,file_brain_AXT2_207_2070692,AXT2,14,TRAIN,Success
file_brain_AXT2_207_2070692/processed/slice_15.mat,file_brain_AXT2_207_2070692,AXT2,15,TRAIN,Success
file_brain_AXT2_207_2070692/processed/slice_16.mat,file_brain_AXT2_207_2070692,AXT2,16,TRAIN,Success
file_brain_AXT2_207_2070703/processed/slice_1.mat,file_brain_AXT2_207_2070703,AXT2,1,TRAIN,Success
file_brain_AXT2_207_2070703/processed/slice_2.mat,file_brain_AXT2_207_2070703,AXT2,2,TRAIN,Success
file_brain_AXT2_207_2070703/processed/slice_3.mat,file_brain_AXT2_207_2070703,AXT2,3,TRAIN,Success
file_brain_AXT2_207_2070703/processed/slice_4.mat,file_brain_AXT2_207_2070703,AXT2,4,TRAIN,Success
file_brain_AXT2_207_2070703/processed/slice_5.mat,file_brain_AXT2_207_2070703,AXT2,5,TRAIN,Success
file_brain_AXT2_207_2070703/processed/slice_6.mat,file_brain_AXT2_207_2070703,AXT2,6,TRAIN,Success
file_brain_AXT2_207_2070703/processed/slice_7.mat,file_brain_AXT2_207_2070703,AXT2,7,TRAIN,Success
file_brain_AXT2_207_2070703/processed/slice_8.mat,file_brain_AXT2_207_2070703,AXT2,8,TRAIN,Success
file_brain_AXT2_207_2070703/processed/slice_9.mat,file_brain_AXT2_207_2070703,AXT2,9,TRAIN,Success
file_brain_AXT2_207_2070703/processed/slice_10.mat,file_brain_AXT2_207_2070703,AXT2,10,TRAIN,Success
file_brain_AXT2_207_2070703/processed/slice_11.mat,file_brain_AXT2_207_2070703,AXT2,11,TRAIN,Success
file_brain_AXT2_207_2070703/processed/slice_12.mat,file_brain_AXT2_207_2070703,AXT2,12,TRAIN,Success
file_brain_AXT2_207_2070703/processed/slice_13.mat,file_brain_AXT2_207_2070703,AXT2,13,TRAIN,Success
file_brain_AXT2_207_2070703/processed/slice_14.mat,file_brain_AXT2_207_2070703,AXT2,14,TRAIN,Success
file_brain_AXT2_207_2070703/processed/slice_15.mat,file_brain_AXT2_207_2070703,AXT2,15,TRAIN,Success
file_brain_AXT2_207_2070703/processed/slice_16.mat,file_brain_AXT2_207_2070703,AXT2,16,TRAIN,Success
file_brain_AXT2_207_2070709/processed/slice_1.mat,file_brain_AXT2_207_2070709,AXT2,1,TRAIN,Success
file_brain_AXT2_207_2070709/processed/slice_2.mat,file_brain_AXT2_207_2070709,AXT2,2,TRAIN,Success
file_brain_AXT2_207_2070709/processed/slice_3.mat,file_brain_AXT2_207_2070709,AXT2,3,TRAIN,Success
file_brain_AXT2_207_2070709/processed/slice_4.mat,file_brain_AXT2_207_2070709,AXT2,4,TRAIN,Success
file_brain_AXT2_207_2070709/processed/slice_5.mat,file_brain_AXT2_207_2070709,AXT2,5,TRAIN,Success
file_brain_AXT2_207_2070709/processed/slice_6.mat,file_brain_AXT2_207_2070709,AXT2,6,TRAIN,Success
file_brain_AXT2_207_2070709/processed/slice_7.mat,file_brain_AXT2_207_2070709,AXT2,7,TRAIN,Success
file_brain_AXT2_207_2070709/processed/slice_8.mat,file_brain_AXT2_207_2070709,AXT2,8,TRAIN,Success
file_brain_AXT2_207_2070709/processed/slice_9.mat,file_brain_AXT2_207_2070709,AXT2,9,TRAIN,Success
file_brain_AXT2_207_2070709/processed/slice_10.mat,file_brain_AXT2_207_2070709,AXT2,10,TRAIN,Success
file_brain_AXT2_207_2070709/processed/slice_11.mat,file_brain_AXT2_207_2070709,AXT2,11,TRAIN,Success
file_brain_AXT2_207_2070709/processed/slice_12.mat,file_brain_AXT2_207_2070709,AXT2,12,TRAIN,Success
file_brain_AXT2_207_2070709/processed/slice_13.mat,file_brain_AXT2_207_2070709,AXT2,13,TRAIN,Success
file_brain_AXT2_207_2070709/processed/slice_14.mat,file_brain_AXT2_207_2070709,AXT2,14,TRAIN,Success
file_brain_AXT2_207_2070716/processed/slice_1.mat,file_brain_AXT2_207_2070716,AXT2,1,TRAIN,Success
file_brain_AXT2_207_2070716/processed/slice_2.mat,file_brain_AXT2_207_2070716,AXT2,2,TRAIN,Success
file_brain_AXT2_207_2070716/processed/slice_3.mat,file_brain_AXT2_207_2070716,AXT2,3,TRAIN,Success
file_brain_AXT2_207_2070716/processed/slice_4.mat,file_brain_AXT2_207_2070716,AXT2,4,TRAIN,Success
file_brain_AXT2_207_2070716/processed/slice_5.mat,file_brain_AXT2_207_2070716,AXT2,5,TRAIN,Success
file_brain_AXT2_207_2070716/processed/slice_6.mat,file_brain_AXT2_207_2070716,AXT2,6,TRAIN,Success
file_brain_AXT2_207_2070716/processed/slice_7.mat,file_brain_AXT2_207_2070716,AXT2,7,TRAIN,Success
file_brain_AXT2_207_2070716/processed/slice_8.mat,file_brain_AXT2_207_2070716,AXT2,8,TRAIN,Success
file_brain_AXT2_207_2070716/processed/slice_9.mat,file_brain_AXT2_207_2070716,AXT2,9,TRAIN,Success
file_brain_AXT2_207_2070716/processed/slice_10.mat,file_brain_AXT2_207_2070716,AXT2,10,TRAIN,Success
file_brain_AXT2_207_2070716/processed/slice_11.mat,file_brain_AXT2_207_2070716,AXT2,11,TRAIN,Success
file_brain_AXT2_207_2070716/processed/slice_12.mat,file_brain_AXT2_207_2070716,AXT2,12,TRAIN,Success
file_brain_AXT2_207_2070716/processed/slice_13.mat,file_brain_AXT2_207_2070716,AXT2,13,TRAIN,Success
file_brain_AXT2_207_2070716/processed/slice_14.mat,file_brain_AXT2_207_2070716,AXT2,14,TRAIN,Success
file_brain_AXT2_207_2070716/processed/slice_15.mat,file_brain_AXT2_207_2070716,AXT2,15,TRAIN,Success
file_brain_AXT2_207_2070716/processed/slice_16.mat,file_brain_AXT2_207_2070716,AXT2,16,TRAIN,Success
file_brain_AXT2_207_2070770/processed/slice_1.mat,file_brain_AXT2_207_2070770,AXT2,1,TRAIN,Success
file_brain_AXT2_207_2070770/processed/slice_2.mat,file_brain_AXT2_207_2070770,AXT2,2,TRAIN,Success
file_brain_AXT2_207_2070770/processed/slice_3.mat,file_brain_AXT2_207_2070770,AXT2,3,TRAIN,Success
file_brain_AXT2_207_2070770/processed/slice_4.mat,file_brain_AXT2_207_2070770,AXT2,4,TRAIN,Success
file_brain_AXT2_207_2070770/processed/slice_5.mat,file_brain_AXT2_207_2070770,AXT2,5,TRAIN,Success
file_brain_AXT2_207_2070770/processed/slice_6.mat,file_brain_AXT2_207_2070770,AXT2,6,TRAIN,Success
file_brain_AXT2_207_2070770/processed/slice_7.mat,file_brain_AXT2_207_2070770,AXT2,7,TRAIN,Success
file_brain_AXT2_207_2070770/processed/slice_8.mat,file_brain_AXT2_207_2070770,AXT2,8,TRAIN,Success
file_brain_AXT2_207_2070770/processed/slice_9.mat,file_brain_AXT2_207_2070770,AXT2,9,TRAIN,Success
file_brain_AXT2_207_2070770/processed/slice_10.mat,file_brain_AXT2_207_2070770,AXT2,10,TRAIN,Success
file_brain_AXT2_207_2070770/processed/slice_11.mat,file_brain_AXT2_207_2070770,AXT2,11,TRAIN,Success
file_brain_AXT2_207_2070770/processed/slice_12.mat,file_brain_AXT2_207_2070770,AXT2,12,TRAIN,Success
file_brain_AXT2_207_2070770/processed/slice_13.mat,file_brain_AXT2_207_2070770,AXT2,13,TRAIN,Success
file_brain_AXT2_207_2070770/processed/slice_14.mat,file_brain_AXT2_207_2070770,AXT2,14,TRAIN,Success
file_brain_AXT2_207_2070770/processed/slice_15.mat,file_brain_AXT2_207_2070770,AXT2,15,TRAIN,Success
file_brain_AXT2_207_2070770/processed/slice_16.mat,file_brain_AXT2_207_2070770,AXT2,16,TRAIN,Success
file_brain_AXT2_207_2070777/processed/slice_1.mat,file_brain_AXT2_207_2070777,AXT2,1,TRAIN,Success
file_brain_AXT2_207_2070777/processed/slice_2.mat,file_brain_AXT2_207_2070777,AXT2,2,TRAIN,Success
file_brain_AXT2_207_2070777/processed/slice_3.mat,file_brain_AXT2_207_2070777,AXT2,3,TRAIN,Success
file_brain_AXT2_207_2070777/processed/slice_4.mat,file_brain_AXT2_207_2070777,AXT2,4,TRAIN,Success
file_brain_AXT2_207_2070777/processed/slice_5.mat,file_brain_AXT2_207_2070777,AXT2,5,TRAIN,Success
file_brain_AXT2_207_2070777/processed/slice_6.mat,file_brain_AXT2_207_2070777,AXT2,6,TRAIN,Success
file_brain_AXT2_207_2070777/processed/slice_7.mat,file_brain_AXT2_207_2070777,AXT2,7,TRAIN,Success
file_brain_AXT2_207_2070777/processed/slice_8.mat,file_brain_AXT2_207_2070777,AXT2,8,TRAIN,Success
file_brain_AXT2_207_2070777/processed/slice_9.mat,file_brain_AXT2_207_2070777,AXT2,9,TRAIN,Success
file_brain_AXT2_207_2070777/processed/slice_10.mat,file_brain_AXT2_207_2070777,AXT2,10,TRAIN,Success
file_brain_AXT2_207_2070777/processed/slice_11.mat,file_brain_AXT2_207_2070777,AXT2,11,TRAIN,Success
file_brain_AXT2_207_2070777/processed/slice_12.mat,file_brain_AXT2_207_2070777,AXT2,12,TRAIN,Success
file_brain_AXT2_207_2070777/processed/slice_13.mat,file_brain_AXT2_207_2070777,AXT2,13,TRAIN,Success
file_brain_AXT2_207_2070777/processed/slice_14.mat,file_brain_AXT2_207_2070777,AXT2,14,TRAIN,Success
file_brain_AXT2_207_2070777/processed/slice_15.mat,file_brain_AXT2_207_2070777,AXT2,15,TRAIN,Success
file_brain_AXT2_207_2070777/processed/slice_16.mat,file_brain_AXT2_207_2070777,AXT2,16,TRAIN,Success
file_brain_AXT2_207_2070822/processed/slice_1.mat,file_brain_AXT2_207_2070822,AXT2,1,TRAIN,Success
file_brain_AXT2_207_2070822/processed/slice_2.mat,file_brain_AXT2_207_2070822,AXT2,2,TRAIN,Success
file_brain_AXT2_207_2070822/processed/slice_3.mat,file_brain_AXT2_207_2070822,AXT2,3,TRAIN,Success
file_brain_AXT2_207_2070822/processed/slice_4.mat,file_brain_AXT2_207_2070822,AXT2,4,TRAIN,Success
file_brain_AXT2_207_2070822/processed/slice_5.mat,file_brain_AXT2_207_2070822,AXT2,5,TRAIN,Success
file_brain_AXT2_207_2070822/processed/slice_6.mat,file_brain_AXT2_207_2070822,AXT2,6,TRAIN,Success
file_brain_AXT2_207_2070822/processed/slice_7.mat,file_brain_AXT2_207_2070822,AXT2,7,TRAIN,Success
file_brain_AXT2_207_2070822/processed/slice_8.mat,file_brain_AXT2_207_2070822,AXT2,8,TRAIN,Success
file_brain_AXT2_207_2070822/processed/slice_9.mat,file_brain_AXT2_207_2070822,AXT2,9,TRAIN,Success
file_brain_AXT2_207_2070822/processed/slice_10.mat,file_brain_AXT2_207_2070822,AXT2,10,TRAIN,Success
file_brain_AXT2_207_2070822/processed/slice_11.mat,file_brain_AXT2_207_2070822,AXT2,11,TRAIN,Success
file_brain_AXT2_207_2070822/processed/slice_12.mat,file_brain_AXT2_207_2070822,AXT2,12,TRAIN,Success
file_brain_AXT2_207_2070822/processed/slice_13.mat,file_brain_AXT2_207_2070822,AXT2,13,TRAIN,Success
file_brain_AXT2_207_2070822/processed/slice_14.mat,file_brain_AXT2_207_2070822,AXT2,14,TRAIN,Success
file_brain_AXT2_207_2070822/processed/slice_15.mat,file_brain_AXT2_207_2070822,AXT2,15,TRAIN,Success
file_brain_AXT2_207_2070822/processed/slice_16.mat,file_brain_AXT2_207_2070822,AXT2,16,TRAIN,Success
file_brain_AXT2_207_2070834/processed/slice_1.mat,file_brain_AXT2_207_2070834,AXT2,1,TRAIN,Success
file_brain_AXT2_207_2070834/processed/slice_2.mat,file_brain_AXT2_207_2070834,AXT2,2,TRAIN,Success
file_brain_AXT2_207_2070834/processed/slice_3.mat,file_brain_AXT2_207_2070834,AXT2,3,TRAIN,Success
file_brain_AXT2_207_2070834/processed/slice_4.mat,file_brain_AXT2_207_2070834,AXT2,4,TRAIN,Success
file_brain_AXT2_207_2070834/processed/slice_5.mat,file_brain_AXT2_207_2070834,AXT2,5,TRAIN,Success
file_brain_AXT2_207_2070834/processed/slice_6.mat,file_brain_AXT2_207_2070834,AXT2,6,TRAIN,Success
file_brain_AXT2_207_2070834/processed/slice_7.mat,file_brain_AXT2_207_2070834,AXT2,7,TRAIN,Success
file_brain_AXT2_207_2070834/processed/slice_8.mat,file_brain_AXT2_207_2070834,AXT2,8,TRAIN,Success
file_brain_AXT2_207_2070834/processed/slice_9.mat,file_brain_AXT2_207_2070834,AXT2,9,TRAIN,Success
file_brain_AXT2_207_2070834/processed/slice_10.mat,file_brain_AXT2_207_2070834,AXT2,10,TRAIN,Success
file_brain_AXT2_207_2070834/processed/slice_11.mat,file_brain_AXT2_207_2070834,AXT2,11,TRAIN,Success
file_brain_AXT2_207_2070834/processed/slice_12.mat,file_brain_AXT2_207_2070834,AXT2,12,TRAIN,Success
file_brain_AXT2_207_2070834/processed/slice_13.mat,file_brain_AXT2_207_2070834,AXT2,13,TRAIN,Success
file_brain_AXT2_207_2070834/processed/slice_14.mat,file_brain_AXT2_207_2070834,AXT2,14,TRAIN,Success
file_brain_AXT2_207_2070834/processed/slice_15.mat,file_brain_AXT2_207_2070834,AXT2,15,TRAIN,Success
file_brain_AXT2_207_2070834/processed/slice_16.mat,file_brain_AXT2_207_2070834,AXT2,16,TRAIN,Success
file_brain_AXT2_208_2080011/processed/slice_1.mat,file_brain_AXT2_208_2080011,AXT2,1,TRAIN,Success
file_brain_AXT2_208_2080011/processed/slice_2.mat,file_brain_AXT2_208_2080011,AXT2,2,TRAIN,Success
file_brain_AXT2_208_2080011/processed/slice_3.mat,file_brain_AXT2_208_2080011,AXT2,3,TRAIN,Success
file_brain_AXT2_208_2080011/processed/slice_4.mat,file_brain_AXT2_208_2080011,AXT2,4,TRAIN,Success
file_brain_AXT2_208_2080011/processed/slice_5.mat,file_brain_AXT2_208_2080011,AXT2,5,TRAIN,Success
file_brain_AXT2_208_2080011/processed/slice_6.mat,file_brain_AXT2_208_2080011,AXT2,6,TRAIN,Success
file_brain_AXT2_208_2080011/processed/slice_7.mat,file_brain_AXT2_208_2080011,AXT2,7,TRAIN,Success
file_brain_AXT2_208_2080011/processed/slice_8.mat,file_brain_AXT2_208_2080011,AXT2,8,TRAIN,Success
file_brain_AXT2_208_2080011/processed/slice_9.mat,file_brain_AXT2_208_2080011,AXT2,9,TRAIN,Success
file_brain_AXT2_208_2080011/processed/slice_10.mat,file_brain_AXT2_208_2080011,AXT2,10,TRAIN,Success
file_brain_AXT2_208_2080011/processed/slice_11.mat,file_brain_AXT2_208_2080011,AXT2,11,TRAIN,Success
file_brain_AXT2_208_2080011/processed/slice_12.mat,file_brain_AXT2_208_2080011,AXT2,12,TRAIN,Success
file_brain_AXT2_208_2080011/processed/slice_13.mat,file_brain_AXT2_208_2080011,AXT2,13,TRAIN,Success
file_brain_AXT2_208_2080011/processed/slice_14.mat,file_brain_AXT2_208_2080011,AXT2,14,TRAIN,Success
file_brain_AXT2_208_2080011/processed/slice_15.mat,file_brain_AXT2_208_2080011,AXT2,15,TRAIN,Success
file_brain_AXT2_208_2080011/processed/slice_16.mat,file_brain_AXT2_208_2080011,AXT2,16,TRAIN,Success
file_brain_AXT2_208_2080013/processed/slice_1.mat,file_brain_AXT2_208_2080013,AXT2,1,TRAIN,Success
file_brain_AXT2_208_2080013/processed/slice_2.mat,file_brain_AXT2_208_2080013,AXT2,2,TRAIN,Success
file_brain_AXT2_208_2080013/processed/slice_3.mat,file_brain_AXT2_208_2080013,AXT2,3,TRAIN,Success
file_brain_AXT2_208_2080013/processed/slice_4.mat,file_brain_AXT2_208_2080013,AXT2,4,TRAIN,Success
file_brain_AXT2_208_2080013/processed/slice_5.mat,file_brain_AXT2_208_2080013,AXT2,5,TRAIN,Success
file_brain_AXT2_208_2080013/processed/slice_6.mat,file_brain_AXT2_208_2080013,AXT2,6,TRAIN,Success
file_brain_AXT2_208_2080013/processed/slice_7.mat,file_brain_AXT2_208_2080013,AXT2,7,TRAIN,Success
file_brain_AXT2_208_2080013/processed/slice_8.mat,file_brain_AXT2_208_2080013,AXT2,8,TRAIN,Success
file_brain_AXT2_208_2080013/processed/slice_9.mat,file_brain_AXT2_208_2080013,AXT2,9,TRAIN,Success
file_brain_AXT2_208_2080013/processed/slice_10.mat,file_brain_AXT2_208_2080013,AXT2,10,TRAIN,Success
file_brain_AXT2_208_2080013/processed/slice_11.mat,file_brain_AXT2_208_2080013,AXT2,11,TRAIN,Success
file_brain_AXT2_208_2080013/processed/slice_12.mat,file_brain_AXT2_208_2080013,AXT2,12,TRAIN,Success
file_brain_AXT2_208_2080013/processed/slice_13.mat,file_brain_AXT2_208_2080013,AXT2,13,TRAIN,Success
file_brain_AXT2_208_2080013/processed/slice_14.mat,file_brain_AXT2_208_2080013,AXT2,14,TRAIN,Success
file_brain_AXT2_208_2080013/processed/slice_15.mat,file_brain_AXT2_208_2080013,AXT2,15,TRAIN,Success
file_brain_AXT2_208_2080013/processed/slice_16.mat,file_brain_AXT2_208_2080013,AXT2,16,TRAIN,Success
file_brain_AXT2_208_2080050/processed/slice_1.mat,file_brain_AXT2_208_2080050,AXT2,1,VAL,Success
file_brain_AXT2_208_2080050/processed/slice_2.mat,file_brain_AXT2_208_2080050,AXT2,2,VAL,Success
file_brain_AXT2_208_2080050/processed/slice_3.mat,file_brain_AXT2_208_2080050,AXT2,3,VAL,Success
file_brain_AXT2_208_2080050/processed/slice_4.mat,file_brain_AXT2_208_2080050,AXT2,4,VAL,Success
file_brain_AXT2_208_2080050/processed/slice_5.mat,file_brain_AXT2_208_2080050,AXT2,5,VAL,Success
file_brain_AXT2_208_2080050/processed/slice_6.mat,file_brain_AXT2_208_2080050,AXT2,6,VAL,Success
file_brain_AXT2_208_2080050/processed/slice_7.mat,file_brain_AXT2_208_2080050,AXT2,7,VAL,Success
file_brain_AXT2_208_2080050/processed/slice_8.mat,file_brain_AXT2_208_2080050,AXT2,8,VAL,Success
file_brain_AXT2_208_2080050/processed/slice_9.mat,file_brain_AXT2_208_2080050,AXT2,9,VAL,Success
file_brain_AXT2_208_2080050/processed/slice_10.mat,file_brain_AXT2_208_2080050,AXT2,10,VAL,Success
file_brain_AXT2_208_2080050/processed/slice_11.mat,file_brain_AXT2_208_2080050,AXT2,11,VAL,Success
file_brain_AXT2_208_2080050/processed/slice_12.mat,file_brain_AXT2_208_2080050,AXT2,12,VAL,Success
file_brain_AXT2_208_2080050/processed/slice_13.mat,file_brain_AXT2_208_2080050,AXT2,13,VAL,Success
file_brain_AXT2_208_2080050/processed/slice_14.mat,file_brain_AXT2_208_2080050,AXT2,14,VAL,Success
file_brain_AXT2_208_2080050/processed/slice_15.mat,file_brain_AXT2_208_2080050,AXT2,15,VAL,Success
file_brain_AXT2_208_2080050/processed/slice_16.mat,file_brain_AXT2_208_2080050,AXT2,16,VAL,Success
file_brain_AXT2_208_2080051/processed/slice_1.mat,file_brain_AXT2_208_2080051,AXT2,1,TRAIN,Success
file_brain_AXT2_208_2080051/processed/slice_2.mat,file_brain_AXT2_208_2080051,AXT2,2,TRAIN,Success
file_brain_AXT2_208_2080051/processed/slice_3.mat,file_brain_AXT2_208_2080051,AXT2,3,TRAIN,Success
file_brain_AXT2_208_2080051/processed/slice_4.mat,file_brain_AXT2_208_2080051,AXT2,4,TRAIN,Success
file_brain_AXT2_208_2080051/processed/slice_5.mat,file_brain_AXT2_208_2080051,AXT2,5,TRAIN,Success
file_brain_AXT2_208_2080051/processed/slice_6.mat,file_brain_AXT2_208_2080051,AXT2,6,TRAIN,Success
file_brain_AXT2_208_2080051/processed/slice_7.mat,file_brain_AXT2_208_2080051,AXT2,7,TRAIN,Success
file_brain_AXT2_208_2080051/processed/slice_8.mat,file_brain_AXT2_208_2080051,AXT2,8,TRAIN,Success
file_brain_AXT2_208_2080051/processed/slice_9.mat,file_brain_AXT2_208_2080051,AXT2,9,TRAIN,Success
file_brain_AXT2_208_2080051/processed/slice_10.mat,file_brain_AXT2_208_2080051,AXT2,10,TRAIN,Success
file_brain_AXT2_208_2080051/processed/slice_11.mat,file_brain_AXT2_208_2080051,AXT2,11,TRAIN,Success
file_brain_AXT2_208_2080051/processed/slice_12.mat,file_brain_AXT2_208_2080051,AXT2,12,TRAIN,Success
file_brain_AXT2_208_2080051/processed/slice_13.mat,file_brain_AXT2_208_2080051,AXT2,13,TRAIN,Success
file_brain_AXT2_208_2080051/processed/slice_14.mat,file_brain_AXT2_208_2080051,AXT2,14,TRAIN,Success
file_brain_AXT2_208_2080051/processed/slice_15.mat,file_brain_AXT2_208_2080051,AXT2,15,TRAIN,Success
file_brain_AXT2_208_2080051/processed/slice_16.mat,file_brain_AXT2_208_2080051,AXT2,16,TRAIN,Success
file_brain_AXT2_208_2080091/processed/slice_1.mat,file_brain_AXT2_208_2080091,AXT2,1,TRAIN,Success
file_brain_AXT2_208_2080091/processed/slice_2.mat,file_brain_AXT2_208_2080091,AXT2,2,TRAIN,Success
file_brain_AXT2_208_2080091/processed/slice_3.mat,file_brain_AXT2_208_2080091,AXT2,3,TRAIN,Success
file_brain_AXT2_208_2080091/processed/slice_4.mat,file_brain_AXT2_208_2080091,AXT2,4,TRAIN,Success
file_brain_AXT2_208_2080091/processed/slice_5.mat,file_brain_AXT2_208_2080091,AXT2,5,TRAIN,Success
file_brain_AXT2_208_2080091/processed/slice_6.mat,file_brain_AXT2_208_2080091,AXT2,6,TRAIN,Success
file_brain_AXT2_208_2080091/processed/slice_7.mat,file_brain_AXT2_208_2080091,AXT2,7,TRAIN,Success
file_brain_AXT2_208_2080091/processed/slice_8.mat,file_brain_AXT2_208_2080091,AXT2,8,TRAIN,Success
file_brain_AXT2_208_2080091/processed/slice_9.mat,file_brain_AXT2_208_2080091,AXT2,9,TRAIN,Success
file_brain_AXT2_208_2080091/processed/slice_10.mat,file_brain_AXT2_208_2080091,AXT2,10,TRAIN,Success
file_brain_AXT2_208_2080091/processed/slice_11.mat,file_brain_AXT2_208_2080091,AXT2,11,TRAIN,Success
file_brain_AXT2_208_2080091/processed/slice_12.mat,file_brain_AXT2_208_2080091,AXT2,12,TRAIN,Success
file_brain_AXT2_208_2080091/processed/slice_13.mat,file_brain_AXT2_208_2080091,AXT2,13,TRAIN,Success
file_brain_AXT2_208_2080091/processed/slice_14.mat,file_brain_AXT2_208_2080091,AXT2,14,TRAIN,Success
file_brain_AXT2_208_2080091/processed/slice_15.mat,file_brain_AXT2_208_2080091,AXT2,15,TRAIN,Success
file_brain_AXT2_208_2080091/processed/slice_16.mat,file_brain_AXT2_208_2080091,AXT2,16,TRAIN,Success
file_brain_AXT2_208_2080099/processed/slice_1.mat,file_brain_AXT2_208_2080099,AXT2,1,TRAIN,Success
file_brain_AXT2_208_2080099/processed/slice_2.mat,file_brain_AXT2_208_2080099,AXT2,2,TRAIN,Success
file_brain_AXT2_208_2080099/processed/slice_3.mat,file_brain_AXT2_208_2080099,AXT2,3,TRAIN,Success
file_brain_AXT2_208_2080099/processed/slice_4.mat,file_brain_AXT2_208_2080099,AXT2,4,TRAIN,Success
file_brain_AXT2_208_2080099/processed/slice_5.mat,file_brain_AXT2_208_2080099,AXT2,5,TRAIN,Success
file_brain_AXT2_208_2080099/processed/slice_6.mat,file_brain_AXT2_208_2080099,AXT2,6,TRAIN,Success
file_brain_AXT2_208_2080099/processed/slice_7.mat,file_brain_AXT2_208_2080099,AXT2,7,TRAIN,Success
file_brain_AXT2_208_2080099/processed/slice_8.mat,file_brain_AXT2_208_2080099,AXT2,8,TRAIN,Success
file_brain_AXT2_208_2080099/processed/slice_9.mat,file_brain_AXT2_208_2080099,AXT2,9,TRAIN,Success
file_brain_AXT2_208_2080099/processed/slice_10.mat,file_brain_AXT2_208_2080099,AXT2,10,TRAIN,Success
file_brain_AXT2_208_2080099/processed/slice_11.mat,file_brain_AXT2_208_2080099,AXT2,11,TRAIN,Success
file_brain_AXT2_208_2080099/processed/slice_12.mat,file_brain_AXT2_208_2080099,AXT2,12,TRAIN,Success
file_brain_AXT2_208_2080099/processed/slice_13.mat,file_brain_AXT2_208_2080099,AXT2,13,TRAIN,Success
file_brain_AXT2_208_2080099/processed/slice_14.mat,file_brain_AXT2_208_2080099,AXT2,14,TRAIN,Success
file_brain_AXT2_208_2080099/processed/slice_15.mat,file_brain_AXT2_208_2080099,AXT2,15,TRAIN,Success
file_brain_AXT2_208_2080099/processed/slice_16.mat,file_brain_AXT2_208_2080099,AXT2,16,TRAIN,Success
file_brain_AXT2_208_2080126/processed/slice_1.mat,file_brain_AXT2_208_2080126,AXT2,1,TRAIN,Success
file_brain_AXT2_208_2080126/processed/slice_2.mat,file_brain_AXT2_208_2080126,AXT2,2,TRAIN,Success
file_brain_AXT2_208_2080126/processed/slice_3.mat,file_brain_AXT2_208_2080126,AXT2,3,TRAIN,Success
file_brain_AXT2_208_2080126/processed/slice_4.mat,file_brain_AXT2_208_2080126,AXT2,4,TRAIN,Success
file_brain_AXT2_208_2080126/processed/slice_5.mat,file_brain_AXT2_208_2080126,AXT2,5,TRAIN,Success
file_brain_AXT2_208_2080126/processed/slice_6.mat,file_brain_AXT2_208_2080126,AXT2,6,TRAIN,Success
file_brain_AXT2_208_2080126/processed/slice_7.mat,file_brain_AXT2_208_2080126,AXT2,7,TRAIN,Success
file_brain_AXT2_208_2080126/processed/slice_8.mat,file_brain_AXT2_208_2080126,AXT2,8,TRAIN,Success
file_brain_AXT2_208_2080126/processed/slice_9.mat,file_brain_AXT2_208_2080126,AXT2,9,TRAIN,Success
file_brain_AXT2_208_2080126/processed/slice_10.mat,file_brain_AXT2_208_2080126,AXT2,10,TRAIN,Success
file_brain_AXT2_208_2080126/processed/slice_11.mat,file_brain_AXT2_208_2080126,AXT2,11,TRAIN,Success
file_brain_AXT2_208_2080126/processed/slice_12.mat,file_brain_AXT2_208_2080126,AXT2,12,TRAIN,Success
file_brain_AXT2_208_2080126/processed/slice_13.mat,file_brain_AXT2_208_2080126,AXT2,13,TRAIN,Success
file_brain_AXT2_208_2080126/processed/slice_14.mat,file_brain_AXT2_208_2080126,AXT2,14,TRAIN,Success
file_brain_AXT2_208_2080126/processed/slice_15.mat,file_brain_AXT2_208_2080126,AXT2,15,TRAIN,Success
file_brain_AXT2_208_2080126/processed/slice_16.mat,file_brain_AXT2_208_2080126,AXT2,16,TRAIN,Success
file_brain_AXT2_208_2080186/processed/slice_1.mat,file_brain_AXT2_208_2080186,AXT2,1,TRAIN,Success
file_brain_AXT2_208_2080186/processed/slice_2.mat,file_brain_AXT2_208_2080186,AXT2,2,TRAIN,Success
file_brain_AXT2_208_2080186/processed/slice_3.mat,file_brain_AXT2_208_2080186,AXT2,3,TRAIN,Success
file_brain_AXT2_208_2080186/processed/slice_4.mat,file_brain_AXT2_208_2080186,AXT2,4,TRAIN,Success
file_brain_AXT2_208_2080186/processed/slice_5.mat,file_brain_AXT2_208_2080186,AXT2,5,TRAIN,Success
file_brain_AXT2_208_2080186/processed/slice_6.mat,file_brain_AXT2_208_2080186,AXT2,6,TRAIN,Success
file_brain_AXT2_208_2080186/processed/slice_7.mat,file_brain_AXT2_208_2080186,AXT2,7,TRAIN,Success
file_brain_AXT2_208_2080186/processed/slice_8.mat,file_brain_AXT2_208_2080186,AXT2,8,TRAIN,Success
file_brain_AXT2_208_2080186/processed/slice_9.mat,file_brain_AXT2_208_2080186,AXT2,9,TRAIN,Success
file_brain_AXT2_208_2080186/processed/slice_10.mat,file_brain_AXT2_208_2080186,AXT2,10,TRAIN,Success
file_brain_AXT2_208_2080186/processed/slice_11.mat,file_brain_AXT2_208_2080186,AXT2,11,TRAIN,Success
file_brain_AXT2_208_2080186/processed/slice_12.mat,file_brain_AXT2_208_2080186,AXT2,12,TRAIN,Success
file_brain_AXT2_208_2080186/processed/slice_13.mat,file_brain_AXT2_208_2080186,AXT2,13,TRAIN,Success
file_brain_AXT2_208_2080186/processed/slice_14.mat,file_brain_AXT2_208_2080186,AXT2,14,TRAIN,Success
file_brain_AXT2_208_2080186/processed/slice_15.mat,file_brain_AXT2_208_2080186,AXT2,15,TRAIN,Success
file_brain_AXT2_208_2080186/processed/slice_16.mat,file_brain_AXT2_208_2080186,AXT2,16,TRAIN,Success
file_brain_AXT2_208_2080192/processed/slice_1.mat,file_brain_AXT2_208_2080192,AXT2,1,TRAIN,Success
file_brain_AXT2_208_2080192/processed/slice_2.mat,file_brain_AXT2_208_2080192,AXT2,2,TRAIN,Success
file_brain_AXT2_208_2080192/processed/slice_3.mat,file_brain_AXT2_208_2080192,AXT2,3,TRAIN,Success
file_brain_AXT2_208_2080192/processed/slice_4.mat,file_brain_AXT2_208_2080192,AXT2,4,TRAIN,Success
file_brain_AXT2_208_2080192/processed/slice_5.mat,file_brain_AXT2_208_2080192,AXT2,5,TRAIN,Success
file_brain_AXT2_208_2080192/processed/slice_6.mat,file_brain_AXT2_208_2080192,AXT2,6,TRAIN,Success
file_brain_AXT2_208_2080192/processed/slice_7.mat,file_brain_AXT2_208_2080192,AXT2,7,TRAIN,Success
file_brain_AXT2_208_2080192/processed/slice_8.mat,file_brain_AXT2_208_2080192,AXT2,8,TRAIN,Success
file_brain_AXT2_208_2080192/processed/slice_9.mat,file_brain_AXT2_208_2080192,AXT2,9,TRAIN,Success
file_brain_AXT2_208_2080192/processed/slice_10.mat,file_brain_AXT2_208_2080192,AXT2,10,TRAIN,Success
file_brain_AXT2_208_2080192/processed/slice_11.mat,file_brain_AXT2_208_2080192,AXT2,11,TRAIN,Success
file_brain_AXT2_208_2080192/processed/slice_12.mat,file_brain_AXT2_208_2080192,AXT2,12,TRAIN,Success
file_brain_AXT2_208_2080192/processed/slice_13.mat,file_brain_AXT2_208_2080192,AXT2,13,TRAIN,Success
file_brain_AXT2_208_2080192/processed/slice_14.mat,file_brain_AXT2_208_2080192,AXT2,14,TRAIN,Success
file_brain_AXT2_208_2080192/processed/slice_15.mat,file_brain_AXT2_208_2080192,AXT2,15,TRAIN,Success
file_brain_AXT2_208_2080192/processed/slice_16.mat,file_brain_AXT2_208_2080192,AXT2,16,TRAIN,Success
file_brain_AXT2_208_2080228/processed/slice_1.mat,file_brain_AXT2_208_2080228,AXT2,1,TEST,Success
file_brain_AXT2_208_2080228/processed/slice_2.mat,file_brain_AXT2_208_2080228,AXT2,2,TEST,Success
file_brain_AXT2_208_2080228/processed/slice_3.mat,file_brain_AXT2_208_2080228,AXT2,3,TEST,Success
file_brain_AXT2_208_2080228/processed/slice_4.mat,file_brain_AXT2_208_2080228,AXT2,4,TEST,Success
file_brain_AXT2_208_2080228/processed/slice_5.mat,file_brain_AXT2_208_2080228,AXT2,5,TEST,Success
file_brain_AXT2_208_2080228/processed/slice_6.mat,file_brain_AXT2_208_2080228,AXT2,6,TEST,Success
file_brain_AXT2_208_2080228/processed/slice_7.mat,file_brain_AXT2_208_2080228,AXT2,7,TEST,Success
file_brain_AXT2_208_2080228/processed/slice_8.mat,file_brain_AXT2_208_2080228,AXT2,8,TEST,Success
file_brain_AXT2_208_2080228/processed/slice_9.mat,file_brain_AXT2_208_2080228,AXT2,9,TEST,Success
file_brain_AXT2_208_2080228/processed/slice_10.mat,file_brain_AXT2_208_2080228,AXT2,10,TEST,Success
file_brain_AXT2_208_2080228/processed/slice_11.mat,file_brain_AXT2_208_2080228,AXT2,11,TEST,Success
file_brain_AXT2_208_2080228/processed/slice_12.mat,file_brain_AXT2_208_2080228,AXT2,12,TEST,Success
file_brain_AXT2_208_2080228/processed/slice_13.mat,file_brain_AXT2_208_2080228,AXT2,13,TEST,Success
file_brain_AXT2_208_2080228/processed/slice_14.mat,file_brain_AXT2_208_2080228,AXT2,14,TEST,Success
file_brain_AXT2_208_2080228/processed/slice_15.mat,file_brain_AXT2_208_2080228,AXT2,15,TEST,Success
file_brain_AXT2_208_2080228/processed/slice_16.mat,file_brain_AXT2_208_2080228,AXT2,16,TEST,Success
file_brain_AXT2_208_2080277/processed/slice_1.mat,file_brain_AXT2_208_2080277,AXT2,1,TRAIN,Success
file_brain_AXT2_208_2080277/processed/slice_2.mat,file_brain_AXT2_208_2080277,AXT2,2,TRAIN,Success
file_brain_AXT2_208_2080277/processed/slice_3.mat,file_brain_AXT2_208_2080277,AXT2,3,TRAIN,Success
file_brain_AXT2_208_2080277/processed/slice_4.mat,file_brain_AXT2_208_2080277,AXT2,4,TRAIN,Success
file_brain_AXT2_208_2080277/processed/slice_5.mat,file_brain_AXT2_208_2080277,AXT2,5,TRAIN,Success
file_brain_AXT2_208_2080277/processed/slice_6.mat,file_brain_AXT2_208_2080277,AXT2,6,TRAIN,Success
file_brain_AXT2_208_2080277/processed/slice_7.mat,file_brain_AXT2_208_2080277,AXT2,7,TRAIN,Success
file_brain_AXT2_208_2080277/processed/slice_8.mat,file_brain_AXT2_208_2080277,AXT2,8,TRAIN,Success
file_brain_AXT2_208_2080277/processed/slice_9.mat,file_brain_AXT2_208_2080277,AXT2,9,TRAIN,Success
file_brain_AXT2_208_2080277/processed/slice_10.mat,file_brain_AXT2_208_2080277,AXT2,10,TRAIN,Success
file_brain_AXT2_208_2080277/processed/slice_11.mat,file_brain_AXT2_208_2080277,AXT2,11,TRAIN,Success
file_brain_AXT2_208_2080277/processed/slice_12.mat,file_brain_AXT2_208_2080277,AXT2,12,TRAIN,Success
file_brain_AXT2_208_2080277/processed/slice_13.mat,file_brain_AXT2_208_2080277,AXT2,13,TRAIN,Success
file_brain_AXT2_208_2080277/processed/slice_14.mat,file_brain_AXT2_208_2080277,AXT2,14,TRAIN,Success
file_brain_AXT2_208_2080277/processed/slice_15.mat,file_brain_AXT2_208_2080277,AXT2,15,TRAIN,Success
file_brain_AXT2_208_2080277/processed/slice_16.mat,file_brain_AXT2_208_2080277,AXT2,16,TRAIN,Success
file_brain_AXT2_208_2080303/processed/slice_1.mat,file_brain_AXT2_208_2080303,AXT2,1,TRAIN,Success
file_brain_AXT2_208_2080303/processed/slice_2.mat,file_brain_AXT2_208_2080303,AXT2,2,TRAIN,Success
file_brain_AXT2_208_2080303/processed/slice_3.mat,file_brain_AXT2_208_2080303,AXT2,3,TRAIN,Success
file_brain_AXT2_208_2080303/processed/slice_4.mat,file_brain_AXT2_208_2080303,AXT2,4,TRAIN,Success
file_brain_AXT2_208_2080303/processed/slice_5.mat,file_brain_AXT2_208_2080303,AXT2,5,TRAIN,Success
file_brain_AXT2_208_2080303/processed/slice_6.mat,file_brain_AXT2_208_2080303,AXT2,6,TRAIN,Success
file_brain_AXT2_208_2080303/processed/slice_7.mat,file_brain_AXT2_208_2080303,AXT2,7,TRAIN,Success
file_brain_AXT2_208_2080303/processed/slice_8.mat,file_brain_AXT2_208_2080303,AXT2,8,TRAIN,Success
file_brain_AXT2_208_2080303/processed/slice_9.mat,file_brain_AXT2_208_2080303,AXT2,9,TRAIN,Success
file_brain_AXT2_208_2080303/processed/slice_10.mat,file_brain_AXT2_208_2080303,AXT2,10,TRAIN,Success
file_brain_AXT2_208_2080303/processed/slice_11.mat,file_brain_AXT2_208_2080303,AXT2,11,TRAIN,Success
file_brain_AXT2_208_2080303/processed/slice_12.mat,file_brain_AXT2_208_2080303,AXT2,12,TRAIN,Success
file_brain_AXT2_208_2080303/processed/slice_13.mat,file_brain_AXT2_208_2080303,AXT2,13,TRAIN,Success
file_brain_AXT2_208_2080303/processed/slice_14.mat,file_brain_AXT2_208_2080303,AXT2,14,TRAIN,Success
file_brain_AXT2_208_2080303/processed/slice_15.mat,file_brain_AXT2_208_2080303,AXT2,15,TRAIN,Success
file_brain_AXT2_208_2080303/processed/slice_16.mat,file_brain_AXT2_208_2080303,AXT2,16,TRAIN,Success
file_brain_AXT2_208_2080329/processed/slice_1.mat,file_brain_AXT2_208_2080329,AXT2,1,TRAIN,Success
file_brain_AXT2_208_2080329/processed/slice_2.mat,file_brain_AXT2_208_2080329,AXT2,2,TRAIN,Success
file_brain_AXT2_208_2080329/processed/slice_3.mat,file_brain_AXT2_208_2080329,AXT2,3,TRAIN,Success
file_brain_AXT2_208_2080329/processed/slice_4.mat,file_brain_AXT2_208_2080329,AXT2,4,TRAIN,Success
file_brain_AXT2_208_2080329/processed/slice_5.mat,file_brain_AXT2_208_2080329,AXT2,5,TRAIN,Success
file_brain_AXT2_208_2080329/processed/slice_6.mat,file_brain_AXT2_208_2080329,AXT2,6,TRAIN,Success
file_brain_AXT2_208_2080329/processed/slice_7.mat,file_brain_AXT2_208_2080329,AXT2,7,TRAIN,Success
file_brain_AXT2_208_2080329/processed/slice_8.mat,file_brain_AXT2_208_2080329,AXT2,8,TRAIN,Success
file_brain_AXT2_208_2080329/processed/slice_9.mat,file_brain_AXT2_208_2080329,AXT2,9,TRAIN,Success
file_brain_AXT2_208_2080329/processed/slice_10.mat,file_brain_AXT2_208_2080329,AXT2,10,TRAIN,Success
file_brain_AXT2_208_2080329/processed/slice_11.mat,file_brain_AXT2_208_2080329,AXT2,11,TRAIN,Success
file_brain_AXT2_208_2080329/processed/slice_12.mat,file_brain_AXT2_208_2080329,AXT2,12,TRAIN,Success
file_brain_AXT2_208_2080329/processed/slice_13.mat,file_brain_AXT2_208_2080329,AXT2,13,TRAIN,Success
file_brain_AXT2_208_2080329/processed/slice_14.mat,file_brain_AXT2_208_2080329,AXT2,14,TRAIN,Success
file_brain_AXT2_208_2080333/processed/slice_1.mat,file_brain_AXT2_208_2080333,AXT2,1,TRAIN,Success
file_brain_AXT2_208_2080333/processed/slice_2.mat,file_brain_AXT2_208_2080333,AXT2,2,TRAIN,Success
file_brain_AXT2_208_2080333/processed/slice_3.mat,file_brain_AXT2_208_2080333,AXT2,3,TRAIN,Success
file_brain_AXT2_208_2080333/processed/slice_4.mat,file_brain_AXT2_208_2080333,AXT2,4,TRAIN,Success
file_brain_AXT2_208_2080333/processed/slice_5.mat,file_brain_AXT2_208_2080333,AXT2,5,TRAIN,Success
file_brain_AXT2_208_2080333/processed/slice_6.mat,file_brain_AXT2_208_2080333,AXT2,6,TRAIN,Success
file_brain_AXT2_208_2080333/processed/slice_7.mat,file_brain_AXT2_208_2080333,AXT2,7,TRAIN,Success
file_brain_AXT2_208_2080333/processed/slice_8.mat,file_brain_AXT2_208_2080333,AXT2,8,TRAIN,Success
file_brain_AXT2_208_2080333/processed/slice_9.mat,file_brain_AXT2_208_2080333,AXT2,9,TRAIN,Success
file_brain_AXT2_208_2080333/processed/slice_10.mat,file_brain_AXT2_208_2080333,AXT2,10,TRAIN,Success
file_brain_AXT2_208_2080333/processed/slice_11.mat,file_brain_AXT2_208_2080333,AXT2,11,TRAIN,Success
file_brain_AXT2_208_2080333/processed/slice_12.mat,file_brain_AXT2_208_2080333,AXT2,12,TRAIN,Success
file_brain_AXT2_208_2080333/processed/slice_13.mat,file_brain_AXT2_208_2080333,AXT2,13,TRAIN,Success
file_brain_AXT2_208_2080333/processed/slice_14.mat,file_brain_AXT2_208_2080333,AXT2,14,TRAIN,Success
file_brain_AXT2_208_2080333/processed/slice_15.mat,file_brain_AXT2_208_2080333,AXT2,15,TRAIN,Success
file_brain_AXT2_208_2080333/processed/slice_16.mat,file_brain_AXT2_208_2080333,AXT2,16,TRAIN,Success
file_brain_AXT2_208_2080354/processed/slice_1.mat,file_brain_AXT2_208_2080354,AXT2,1,TRAIN,Success
file_brain_AXT2_208_2080354/processed/slice_2.mat,file_brain_AXT2_208_2080354,AXT2,2,TRAIN,Success
file_brain_AXT2_208_2080354/processed/slice_3.mat,file_brain_AXT2_208_2080354,AXT2,3,TRAIN,Success
file_brain_AXT2_208_2080354/processed/slice_4.mat,file_brain_AXT2_208_2080354,AXT2,4,TRAIN,Success
file_brain_AXT2_208_2080354/processed/slice_5.mat,file_brain_AXT2_208_2080354,AXT2,5,TRAIN,Success
file_brain_AXT2_208_2080354/processed/slice_6.mat,file_brain_AXT2_208_2080354,AXT2,6,TRAIN,Success
file_brain_AXT2_208_2080354/processed/slice_7.mat,file_brain_AXT2_208_2080354,AXT2,7,TRAIN,Success
file_brain_AXT2_208_2080354/processed/slice_8.mat,file_brain_AXT2_208_2080354,AXT2,8,TRAIN,Success
file_brain_AXT2_208_2080354/processed/slice_9.mat,file_brain_AXT2_208_2080354,AXT2,9,TRAIN,Success
file_brain_AXT2_208_2080354/processed/slice_10.mat,file_brain_AXT2_208_2080354,AXT2,10,TRAIN,Success
file_brain_AXT2_208_2080354/processed/slice_11.mat,file_brain_AXT2_208_2080354,AXT2,11,TRAIN,Success
file_brain_AXT2_208_2080354/processed/slice_12.mat,file_brain_AXT2_208_2080354,AXT2,12,TRAIN,Success
file_brain_AXT2_208_2080354/processed/slice_13.mat,file_brain_AXT2_208_2080354,AXT2,13,TRAIN,Success
file_brain_AXT2_208_2080354/processed/slice_14.mat,file_brain_AXT2_208_2080354,AXT2,14,TRAIN,Success
file_brain_AXT2_208_2080354/processed/slice_15.mat,file_brain_AXT2_208_2080354,AXT2,15,TRAIN,Success
file_brain_AXT2_208_2080354/processed/slice_16.mat,file_brain_AXT2_208_2080354,AXT2,16,TRAIN,Success
file_brain_AXT2_208_2080412/processed/slice_1.mat,file_brain_AXT2_208_2080412,AXT2,1,TEST,Success
file_brain_AXT2_208_2080412/processed/slice_2.mat,file_brain_AXT2_208_2080412,AXT2,2,TEST,Success
file_brain_AXT2_208_2080412/processed/slice_3.mat,file_brain_AXT2_208_2080412,AXT2,3,TEST,Success
file_brain_AXT2_208_2080412/processed/slice_4.mat,file_brain_AXT2_208_2080412,AXT2,4,TEST,Success
file_brain_AXT2_208_2080412/processed/slice_5.mat,file_brain_AXT2_208_2080412,AXT2,5,TEST,Success
file_brain_AXT2_208_2080412/processed/slice_6.mat,file_brain_AXT2_208_2080412,AXT2,6,TEST,Success
file_brain_AXT2_208_2080412/processed/slice_7.mat,file_brain_AXT2_208_2080412,AXT2,7,TEST,Success
file_brain_AXT2_208_2080412/processed/slice_8.mat,file_brain_AXT2_208_2080412,AXT2,8,TEST,Success
file_brain_AXT2_208_2080412/processed/slice_9.mat,file_brain_AXT2_208_2080412,AXT2,9,TEST,Success
file_brain_AXT2_208_2080412/processed/slice_10.mat,file_brain_AXT2_208_2080412,AXT2,10,TEST,Success
file_brain_AXT2_208_2080412/processed/slice_11.mat,file_brain_AXT2_208_2080412,AXT2,11,TEST,Success
file_brain_AXT2_208_2080412/processed/slice_12.mat,file_brain_AXT2_208_2080412,AXT2,12,TEST,Success
file_brain_AXT2_208_2080412/processed/slice_13.mat,file_brain_AXT2_208_2080412,AXT2,13,TEST,Success
file_brain_AXT2_208_2080412/processed/slice_14.mat,file_brain_AXT2_208_2080412,AXT2,14,TEST,Success
file_brain_AXT2_208_2080412/processed/slice_15.mat,file_brain_AXT2_208_2080412,AXT2,15,TEST,Success
file_brain_AXT2_208_2080412/processed/slice_16.mat,file_brain_AXT2_208_2080412,AXT2,16,TEST,Success
file_brain_AXT2_208_2080414/processed/slice_1.mat,file_brain_AXT2_208_2080414,AXT2,1,TRAIN,Success
file_brain_AXT2_208_2080414/processed/slice_2.mat,file_brain_AXT2_208_2080414,AXT2,2,TRAIN,Success
file_brain_AXT2_208_2080414/processed/slice_3.mat,file_brain_AXT2_208_2080414,AXT2,3,TRAIN,Success
file_brain_AXT2_208_2080414/processed/slice_4.mat,file_brain_AXT2_208_2080414,AXT2,4,TRAIN,Success
file_brain_AXT2_208_2080414/processed/slice_5.mat,file_brain_AXT2_208_2080414,AXT2,5,TRAIN,Success
file_brain_AXT2_208_2080414/processed/slice_6.mat,file_brain_AXT2_208_2080414,AXT2,6,TRAIN,Success
file_brain_AXT2_208_2080414/processed/slice_7.mat,file_brain_AXT2_208_2080414,AXT2,7,TRAIN,Success
file_brain_AXT2_208_2080414/processed/slice_8.mat,file_brain_AXT2_208_2080414,AXT2,8,TRAIN,Success
file_brain_AXT2_208_2080414/processed/slice_9.mat,file_brain_AXT2_208_2080414,AXT2,9,TRAIN,Success
file_brain_AXT2_208_2080414/processed/slice_10.mat,file_brain_AXT2_208_2080414,AXT2,10,TRAIN,Success
file_brain_AXT2_208_2080414/processed/slice_11.mat,file_brain_AXT2_208_2080414,AXT2,11,TRAIN,Success
file_brain_AXT2_208_2080414/processed/slice_12.mat,file_brain_AXT2_208_2080414,AXT2,12,TRAIN,Success
file_brain_AXT2_208_2080414/processed/slice_13.mat,file_brain_AXT2_208_2080414,AXT2,13,TRAIN,Success
file_brain_AXT2_208_2080414/processed/slice_14.mat,file_brain_AXT2_208_2080414,AXT2,14,TRAIN,Success
file_brain_AXT2_208_2080414/processed/slice_15.mat,file_brain_AXT2_208_2080414,AXT2,15,TRAIN,Success
file_brain_AXT2_208_2080414/processed/slice_16.mat,file_brain_AXT2_208_2080414,AXT2,16,TRAIN,Success
file_brain_AXT2_208_2080445/processed/slice_1.mat,file_brain_AXT2_208_2080445,AXT2,1,TEST,Success
file_brain_AXT2_208_2080445/processed/slice_2.mat,file_brain_AXT2_208_2080445,AXT2,2,TEST,Success
file_brain_AXT2_208_2080445/processed/slice_3.mat,file_brain_AXT2_208_2080445,AXT2,3,TEST,Success
file_brain_AXT2_208_2080445/processed/slice_4.mat,file_brain_AXT2_208_2080445,AXT2,4,TEST,Success
file_brain_AXT2_208_2080445/processed/slice_5.mat,file_brain_AXT2_208_2080445,AXT2,5,TEST,Success
file_brain_AXT2_208_2080445/processed/slice_6.mat,file_brain_AXT2_208_2080445,AXT2,6,TEST,Success
file_brain_AXT2_208_2080445/processed/slice_7.mat,file_brain_AXT2_208_2080445,AXT2,7,TEST,Success
file_brain_AXT2_208_2080445/processed/slice_8.mat,file_brain_AXT2_208_2080445,AXT2,8,TEST,Success
file_brain_AXT2_208_2080445/processed/slice_9.mat,file_brain_AXT2_208_2080445,AXT2,9,TEST,Success
file_brain_AXT2_208_2080445/processed/slice_10.mat,file_brain_AXT2_208_2080445,AXT2,10,TEST,Success
file_brain_AXT2_208_2080445/processed/slice_11.mat,file_brain_AXT2_208_2080445,AXT2,11,TEST,Success
file_brain_AXT2_208_2080445/processed/slice_12.mat,file_brain_AXT2_208_2080445,AXT2,12,TEST,Success
file_brain_AXT2_208_2080445/processed/slice_13.mat,file_brain_AXT2_208_2080445,AXT2,13,TEST,Success
file_brain_AXT2_208_2080445/processed/slice_14.mat,file_brain_AXT2_208_2080445,AXT2,14,TEST,Success
file_brain_AXT2_208_2080445/processed/slice_15.mat,file_brain_AXT2_208_2080445,AXT2,15,TEST,Success
file_brain_AXT2_208_2080445/processed/slice_16.mat,file_brain_AXT2_208_2080445,AXT2,16,TEST,Success
file_brain_AXT2_208_2080475/processed/slice_1.mat,file_brain_AXT2_208_2080475,AXT2,1,TEST,Success
file_brain_AXT2_208_2080475/processed/slice_2.mat,file_brain_AXT2_208_2080475,AXT2,2,TEST,Success
file_brain_AXT2_208_2080475/processed/slice_3.mat,file_brain_AXT2_208_2080475,AXT2,3,TEST,Success
file_brain_AXT2_208_2080475/processed/slice_4.mat,file_brain_AXT2_208_2080475,AXT2,4,TEST,Success
file_brain_AXT2_208_2080475/processed/slice_5.mat,file_brain_AXT2_208_2080475,AXT2,5,TEST,Success
file_brain_AXT2_208_2080475/processed/slice_6.mat,file_brain_AXT2_208_2080475,AXT2,6,TEST,Success
file_brain_AXT2_208_2080475/processed/slice_7.mat,file_brain_AXT2_208_2080475,AXT2,7,TEST,Success
file_brain_AXT2_208_2080475/processed/slice_8.mat,file_brain_AXT2_208_2080475,AXT2,8,TEST,Success
file_brain_AXT2_208_2080475/processed/slice_9.mat,file_brain_AXT2_208_2080475,AXT2,9,TEST,Success
file_brain_AXT2_208_2080475/processed/slice_10.mat,file_brain_AXT2_208_2080475,AXT2,10,TEST,Success
file_brain_AXT2_208_2080475/processed/slice_11.mat,file_brain_AXT2_208_2080475,AXT2,11,TEST,Success
file_brain_AXT2_208_2080475/processed/slice_12.mat,file_brain_AXT2_208_2080475,AXT2,12,TEST,Success
file_brain_AXT2_208_2080475/processed/slice_13.mat,file_brain_AXT2_208_2080475,AXT2,13,TEST,Success
file_brain_AXT2_208_2080475/processed/slice_14.mat,file_brain_AXT2_208_2080475,AXT2,14,TEST,Success
file_brain_AXT2_208_2080505/processed/slice_1.mat,file_brain_AXT2_208_2080505,AXT2,1,TRAIN,Success
file_brain_AXT2_208_2080505/processed/slice_2.mat,file_brain_AXT2_208_2080505,AXT2,2,TRAIN,Success
file_brain_AXT2_208_2080505/processed/slice_3.mat,file_brain_AXT2_208_2080505,AXT2,3,TRAIN,Success
file_brain_AXT2_208_2080505/processed/slice_4.mat,file_brain_AXT2_208_2080505,AXT2,4,TRAIN,Success
file_brain_AXT2_208_2080505/processed/slice_5.mat,file_brain_AXT2_208_2080505,AXT2,5,TRAIN,Success
file_brain_AXT2_208_2080505/processed/slice_6.mat,file_brain_AXT2_208_2080505,AXT2,6,TRAIN,Success
file_brain_AXT2_208_2080505/processed/slice_7.mat,file_brain_AXT2_208_2080505,AXT2,7,TRAIN,Success
file_brain_AXT2_208_2080505/processed/slice_8.mat,file_brain_AXT2_208_2080505,AXT2,8,TRAIN,Success
file_brain_AXT2_208_2080505/processed/slice_9.mat,file_brain_AXT2_208_2080505,AXT2,9,TRAIN,Success
file_brain_AXT2_208_2080505/processed/slice_10.mat,file_brain_AXT2_208_2080505,AXT2,10,TRAIN,Success
file_brain_AXT2_208_2080505/processed/slice_11.mat,file_brain_AXT2_208_2080505,AXT2,11,TRAIN,Success
file_brain_AXT2_208_2080505/processed/slice_12.mat,file_brain_AXT2_208_2080505,AXT2,12,TRAIN,Success
file_brain_AXT2_208_2080505/processed/slice_13.mat,file_brain_AXT2_208_2080505,AXT2,13,TRAIN,Success
file_brain_AXT2_208_2080505/processed/slice_14.mat,file_brain_AXT2_208_2080505,AXT2,14,TRAIN,Success
file_brain_AXT2_208_2080505/processed/slice_15.mat,file_brain_AXT2_208_2080505,AXT2,15,TRAIN,Success
file_brain_AXT2_208_2080505/processed/slice_16.mat,file_brain_AXT2_208_2080505,AXT2,16,TRAIN,Success
file_brain_AXT2_208_2080526/processed/slice_1.mat,file_brain_AXT2_208_2080526,AXT2,1,TRAIN,Success
file_brain_AXT2_208_2080526/processed/slice_2.mat,file_brain_AXT2_208_2080526,AXT2,2,TRAIN,Success
file_brain_AXT2_208_2080526/processed/slice_3.mat,file_brain_AXT2_208_2080526,AXT2,3,TRAIN,Success
file_brain_AXT2_208_2080526/processed/slice_4.mat,file_brain_AXT2_208_2080526,AXT2,4,TRAIN,Success
file_brain_AXT2_208_2080526/processed/slice_5.mat,file_brain_AXT2_208_2080526,AXT2,5,TRAIN,Success
file_brain_AXT2_208_2080526/processed/slice_6.mat,file_brain_AXT2_208_2080526,AXT2,6,TRAIN,Success
file_brain_AXT2_208_2080526/processed/slice_7.mat,file_brain_AXT2_208_2080526,AXT2,7,TRAIN,Success
file_brain_AXT2_208_2080526/processed/slice_8.mat,file_brain_AXT2_208_2080526,AXT2,8,TRAIN,Success
file_brain_AXT2_208_2080526/processed/slice_9.mat,file_brain_AXT2_208_2080526,AXT2,9,TRAIN,Success
file_brain_AXT2_208_2080526/processed/slice_10.mat,file_brain_AXT2_208_2080526,AXT2,10,TRAIN,Success
file_brain_AXT2_208_2080526/processed/slice_11.mat,file_brain_AXT2_208_2080526,AXT2,11,TRAIN,Success
file_brain_AXT2_208_2080526/processed/slice_12.mat,file_brain_AXT2_208_2080526,AXT2,12,TRAIN,Success
file_brain_AXT2_208_2080526/processed/slice_13.mat,file_brain_AXT2_208_2080526,AXT2,13,TRAIN,Success
file_brain_AXT2_208_2080526/processed/slice_14.mat,file_brain_AXT2_208_2080526,AXT2,14,TRAIN,Success
file_brain_AXT2_208_2080526/processed/slice_15.mat,file_brain_AXT2_208_2080526,AXT2,15,TRAIN,Success
file_brain_AXT2_208_2080526/processed/slice_16.mat,file_brain_AXT2_208_2080526,AXT2,16,TRAIN,Success
file_brain_AXT2_208_2080532/processed/slice_1.mat,file_brain_AXT2_208_2080532,AXT2,1,TRAIN,Success
file_brain_AXT2_208_2080532/processed/slice_2.mat,file_brain_AXT2_208_2080532,AXT2,2,TRAIN,Success
file_brain_AXT2_208_2080532/processed/slice_3.mat,file_brain_AXT2_208_2080532,AXT2,3,TRAIN,Success
file_brain_AXT2_208_2080532/processed/slice_4.mat,file_brain_AXT2_208_2080532,AXT2,4,TRAIN,Success
file_brain_AXT2_208_2080532/processed/slice_5.mat,file_brain_AXT2_208_2080532,AXT2,5,TRAIN,Success
file_brain_AXT2_208_2080532/processed/slice_6.mat,file_brain_AXT2_208_2080532,AXT2,6,TRAIN,Success
file_brain_AXT2_208_2080532/processed/slice_7.mat,file_brain_AXT2_208_2080532,AXT2,7,TRAIN,Success
file_brain_AXT2_208_2080532/processed/slice_8.mat,file_brain_AXT2_208_2080532,AXT2,8,TRAIN,Success
file_brain_AXT2_208_2080532/processed/slice_9.mat,file_brain_AXT2_208_2080532,AXT2,9,TRAIN,Success
file_brain_AXT2_208_2080532/processed/slice_10.mat,file_brain_AXT2_208_2080532,AXT2,10,TRAIN,Success
file_brain_AXT2_208_2080532/processed/slice_11.mat,file_brain_AXT2_208_2080532,AXT2,11,TRAIN,Success
file_brain_AXT2_208_2080532/processed/slice_12.mat,file_brain_AXT2_208_2080532,AXT2,12,TRAIN,Success
file_brain_AXT2_208_2080532/processed/slice_13.mat,file_brain_AXT2_208_2080532,AXT2,13,TRAIN,Success
file_brain_AXT2_208_2080532/processed/slice_14.mat,file_brain_AXT2_208_2080532,AXT2,14,TRAIN,Success
file_brain_AXT2_208_2080532/processed/slice_15.mat,file_brain_AXT2_208_2080532,AXT2,15,TRAIN,Success
file_brain_AXT2_208_2080532/processed/slice_16.mat,file_brain_AXT2_208_2080532,AXT2,16,TRAIN,Success
file_brain_AXT2_208_2080585/processed/slice_1.mat,file_brain_AXT2_208_2080585,AXT2,1,TRAIN,Success
file_brain_AXT2_208_2080585/processed/slice_2.mat,file_brain_AXT2_208_2080585,AXT2,2,TRAIN,Success
file_brain_AXT2_208_2080585/processed/slice_3.mat,file_brain_AXT2_208_2080585,AXT2,3,TRAIN,Success
file_brain_AXT2_208_2080585/processed/slice_4.mat,file_brain_AXT2_208_2080585,AXT2,4,TRAIN,Success
file_brain_AXT2_208_2080585/processed/slice_5.mat,file_brain_AXT2_208_2080585,AXT2,5,TRAIN,Success
file_brain_AXT2_208_2080585/processed/slice_6.mat,file_brain_AXT2_208_2080585,AXT2,6,TRAIN,Success
file_brain_AXT2_208_2080585/processed/slice_7.mat,file_brain_AXT2_208_2080585,AXT2,7,TRAIN,Success
file_brain_AXT2_208_2080585/processed/slice_8.mat,file_brain_AXT2_208_2080585,AXT2,8,TRAIN,Success
file_brain_AXT2_208_2080585/processed/slice_9.mat,file_brain_AXT2_208_2080585,AXT2,9,TRAIN,Success
file_brain_AXT2_208_2080585/processed/slice_10.mat,file_brain_AXT2_208_2080585,AXT2,10,TRAIN,Success
file_brain_AXT2_208_2080585/processed/slice_11.mat,file_brain_AXT2_208_2080585,AXT2,11,TRAIN,Success
file_brain_AXT2_208_2080585/processed/slice_12.mat,file_brain_AXT2_208_2080585,AXT2,12,TRAIN,Success
file_brain_AXT2_208_2080585/processed/slice_13.mat,file_brain_AXT2_208_2080585,AXT2,13,TRAIN,Success
file_brain_AXT2_208_2080585/processed/slice_14.mat,file_brain_AXT2_208_2080585,AXT2,14,TRAIN,Success
file_brain_AXT2_208_2080585/processed/slice_15.mat,file_brain_AXT2_208_2080585,AXT2,15,TRAIN,Success
file_brain_AXT2_208_2080585/processed/slice_16.mat,file_brain_AXT2_208_2080585,AXT2,16,TRAIN,Success
file_brain_AXT2_208_2080591/processed/slice_1.mat,file_brain_AXT2_208_2080591,AXT2,1,TRAIN,Success
file_brain_AXT2_208_2080591/processed/slice_2.mat,file_brain_AXT2_208_2080591,AXT2,2,TRAIN,Success
file_brain_AXT2_208_2080591/processed/slice_3.mat,file_brain_AXT2_208_2080591,AXT2,3,TRAIN,Success
file_brain_AXT2_208_2080591/processed/slice_4.mat,file_brain_AXT2_208_2080591,AXT2,4,TRAIN,Success
file_brain_AXT2_208_2080591/processed/slice_5.mat,file_brain_AXT2_208_2080591,AXT2,5,TRAIN,Success
file_brain_AXT2_208_2080591/processed/slice_6.mat,file_brain_AXT2_208_2080591,AXT2,6,TRAIN,Success
file_brain_AXT2_208_2080591/processed/slice_7.mat,file_brain_AXT2_208_2080591,AXT2,7,TRAIN,Success
file_brain_AXT2_208_2080591/processed/slice_8.mat,file_brain_AXT2_208_2080591,AXT2,8,TRAIN,Success
file_brain_AXT2_208_2080591/processed/slice_9.mat,file_brain_AXT2_208_2080591,AXT2,9,TRAIN,Success
file_brain_AXT2_208_2080591/processed/slice_10.mat,file_brain_AXT2_208_2080591,AXT2,10,TRAIN,Success
file_brain_AXT2_208_2080591/processed/slice_11.mat,file_brain_AXT2_208_2080591,AXT2,11,TRAIN,Success
file_brain_AXT2_208_2080591/processed/slice_12.mat,file_brain_AXT2_208_2080591,AXT2,12,TRAIN,Success
file_brain_AXT2_208_2080591/processed/slice_13.mat,file_brain_AXT2_208_2080591,AXT2,13,TRAIN,Success
file_brain_AXT2_208_2080591/processed/slice_14.mat,file_brain_AXT2_208_2080591,AXT2,14,TRAIN,Success
file_brain_AXT2_208_2080591/processed/slice_15.mat,file_brain_AXT2_208_2080591,AXT2,15,TRAIN,Success
file_brain_AXT2_208_2080591/processed/slice_16.mat,file_brain_AXT2_208_2080591,AXT2,16,TRAIN,Success
file_brain_AXT2_208_2080598/processed/slice_1.mat,file_brain_AXT2_208_2080598,AXT2,1,TRAIN,Success
file_brain_AXT2_208_2080598/processed/slice_2.mat,file_brain_AXT2_208_2080598,AXT2,2,TRAIN,Success
file_brain_AXT2_208_2080598/processed/slice_3.mat,file_brain_AXT2_208_2080598,AXT2,3,TRAIN,Success
file_brain_AXT2_208_2080598/processed/slice_4.mat,file_brain_AXT2_208_2080598,AXT2,4,TRAIN,Success
file_brain_AXT2_208_2080598/processed/slice_5.mat,file_brain_AXT2_208_2080598,AXT2,5,TRAIN,Success
file_brain_AXT2_208_2080598/processed/slice_6.mat,file_brain_AXT2_208_2080598,AXT2,6,TRAIN,Success
file_brain_AXT2_208_2080598/processed/slice_7.mat,file_brain_AXT2_208_2080598,AXT2,7,TRAIN,Success
file_brain_AXT2_208_2080598/processed/slice_8.mat,file_brain_AXT2_208_2080598,AXT2,8,TRAIN,Success
file_brain_AXT2_208_2080598/processed/slice_9.mat,file_brain_AXT2_208_2080598,AXT2,9,TRAIN,Success
file_brain_AXT2_208_2080598/processed/slice_10.mat,file_brain_AXT2_208_2080598,AXT2,10,TRAIN,Success
file_brain_AXT2_208_2080598/processed/slice_11.mat,file_brain_AXT2_208_2080598,AXT2,11,TRAIN,Success
file_brain_AXT2_208_2080598/processed/slice_12.mat,file_brain_AXT2_208_2080598,AXT2,12,TRAIN,Success
file_brain_AXT2_208_2080598/processed/slice_13.mat,file_brain_AXT2_208_2080598,AXT2,13,TRAIN,Success
file_brain_AXT2_208_2080598/processed/slice_14.mat,file_brain_AXT2_208_2080598,AXT2,14,TRAIN,Success
file_brain_AXT2_208_2080598/processed/slice_15.mat,file_brain_AXT2_208_2080598,AXT2,15,TRAIN,Success
file_brain_AXT2_208_2080598/processed/slice_16.mat,file_brain_AXT2_208_2080598,AXT2,16,TRAIN,Success
file_brain_AXT2_208_2080601/processed/slice_1.mat,file_brain_AXT2_208_2080601,AXT2,1,TRAIN,Success
file_brain_AXT2_208_2080601/processed/slice_2.mat,file_brain_AXT2_208_2080601,AXT2,2,TRAIN,Success
file_brain_AXT2_208_2080601/processed/slice_3.mat,file_brain_AXT2_208_2080601,AXT2,3,TRAIN,Success
file_brain_AXT2_208_2080601/processed/slice_4.mat,file_brain_AXT2_208_2080601,AXT2,4,TRAIN,Success
file_brain_AXT2_208_2080601/processed/slice_5.mat,file_brain_AXT2_208_2080601,AXT2,5,TRAIN,Success
file_brain_AXT2_208_2080601/processed/slice_6.mat,file_brain_AXT2_208_2080601,AXT2,6,TRAIN,Success
file_brain_AXT2_208_2080601/processed/slice_7.mat,file_brain_AXT2_208_2080601,AXT2,7,TRAIN,Success
file_brain_AXT2_208_2080601/processed/slice_8.mat,file_brain_AXT2_208_2080601,AXT2,8,TRAIN,Success
file_brain_AXT2_208_2080601/processed/slice_9.mat,file_brain_AXT2_208_2080601,AXT2,9,TRAIN,Success
file_brain_AXT2_208_2080601/processed/slice_10.mat,file_brain_AXT2_208_2080601,AXT2,10,TRAIN,Success
file_brain_AXT2_208_2080601/processed/slice_11.mat,file_brain_AXT2_208_2080601,AXT2,11,TRAIN,Success
file_brain_AXT2_208_2080601/processed/slice_12.mat,file_brain_AXT2_208_2080601,AXT2,12,TRAIN,Success
file_brain_AXT2_208_2080601/processed/slice_13.mat,file_brain_AXT2_208_2080601,AXT2,13,TRAIN,Success
file_brain_AXT2_208_2080601/processed/slice_14.mat,file_brain_AXT2_208_2080601,AXT2,14,TRAIN,Success
file_brain_AXT2_208_2080601/processed/slice_15.mat,file_brain_AXT2_208_2080601,AXT2,15,TRAIN,Success
file_brain_AXT2_208_2080601/processed/slice_16.mat,file_brain_AXT2_208_2080601,AXT2,16,TRAIN,Success
file_brain_AXT2_208_2080611/processed/slice_1.mat,file_brain_AXT2_208_2080611,AXT2,1,TRAIN,Success
file_brain_AXT2_208_2080611/processed/slice_2.mat,file_brain_AXT2_208_2080611,AXT2,2,TRAIN,Success
file_brain_AXT2_208_2080611/processed/slice_3.mat,file_brain_AXT2_208_2080611,AXT2,3,TRAIN,Success
file_brain_AXT2_208_2080611/processed/slice_4.mat,file_brain_AXT2_208_2080611,AXT2,4,TRAIN,Success
file_brain_AXT2_208_2080611/processed/slice_5.mat,file_brain_AXT2_208_2080611,AXT2,5,TRAIN,Success
file_brain_AXT2_208_2080611/processed/slice_6.mat,file_brain_AXT2_208_2080611,AXT2,6,TRAIN,Success
file_brain_AXT2_208_2080611/processed/slice_7.mat,file_brain_AXT2_208_2080611,AXT2,7,TRAIN,Success
file_brain_AXT2_208_2080611/processed/slice_8.mat,file_brain_AXT2_208_2080611,AXT2,8,TRAIN,Success
file_brain_AXT2_208_2080611/processed/slice_9.mat,file_brain_AXT2_208_2080611,AXT2,9,TRAIN,Success
file_brain_AXT2_208_2080611/processed/slice_10.mat,file_brain_AXT2_208_2080611,AXT2,10,TRAIN,Success
file_brain_AXT2_208_2080611/processed/slice_11.mat,file_brain_AXT2_208_2080611,AXT2,11,TRAIN,Success
file_brain_AXT2_208_2080611/processed/slice_12.mat,file_brain_AXT2_208_2080611,AXT2,12,TRAIN,Success
file_brain_AXT2_208_2080611/processed/slice_13.mat,file_brain_AXT2_208_2080611,AXT2,13,TRAIN,Success
file_brain_AXT2_208_2080611/processed/slice_14.mat,file_brain_AXT2_208_2080611,AXT2,14,TRAIN,Success
file_brain_AXT2_208_2080611/processed/slice_15.mat,file_brain_AXT2_208_2080611,AXT2,15,TRAIN,Success
file_brain_AXT2_208_2080611/processed/slice_16.mat,file_brain_AXT2_208_2080611,AXT2,16,TRAIN,Success
file_brain_AXT2_208_2080616/processed/slice_1.mat,file_brain_AXT2_208_2080616,AXT2,1,VAL,Success
file_brain_AXT2_208_2080616/processed/slice_2.mat,file_brain_AXT2_208_2080616,AXT2,2,VAL,Success
file_brain_AXT2_208_2080616/processed/slice_3.mat,file_brain_AXT2_208_2080616,AXT2,3,VAL,Success
file_brain_AXT2_208_2080616/processed/slice_4.mat,file_brain_AXT2_208_2080616,AXT2,4,VAL,Success
file_brain_AXT2_208_2080616/processed/slice_5.mat,file_brain_AXT2_208_2080616,AXT2,5,VAL,Success
file_brain_AXT2_208_2080616/processed/slice_6.mat,file_brain_AXT2_208_2080616,AXT2,6,VAL,Success
file_brain_AXT2_208_2080616/processed/slice_7.mat,file_brain_AXT2_208_2080616,AXT2,7,VAL,Success
file_brain_AXT2_208_2080616/processed/slice_8.mat,file_brain_AXT2_208_2080616,AXT2,8,VAL,Success
file_brain_AXT2_208_2080616/processed/slice_9.mat,file_brain_AXT2_208_2080616,AXT2,9,VAL,Success
file_brain_AXT2_208_2080616/processed/slice_10.mat,file_brain_AXT2_208_2080616,AXT2,10,VAL,Success
file_brain_AXT2_208_2080616/processed/slice_11.mat,file_brain_AXT2_208_2080616,AXT2,11,VAL,Success
file_brain_AXT2_208_2080616/processed/slice_12.mat,file_brain_AXT2_208_2080616,AXT2,12,VAL,Success
file_brain_AXT2_208_2080616/processed/slice_13.mat,file_brain_AXT2_208_2080616,AXT2,13,VAL,Success
file_brain_AXT2_208_2080616/processed/slice_14.mat,file_brain_AXT2_208_2080616,AXT2,14,VAL,Success
file_brain_AXT2_208_2080616/processed/slice_15.mat,file_brain_AXT2_208_2080616,AXT2,15,VAL,Success
file_brain_AXT2_208_2080616/processed/slice_16.mat,file_brain_AXT2_208_2080616,AXT2,16,VAL,Success
file_brain_AXT2_208_2080630/processed/slice_1.mat,file_brain_AXT2_208_2080630,AXT2,1,TRAIN,Success
file_brain_AXT2_208_2080630/processed/slice_2.mat,file_brain_AXT2_208_2080630,AXT2,2,TRAIN,Success
file_brain_AXT2_208_2080630/processed/slice_3.mat,file_brain_AXT2_208_2080630,AXT2,3,TRAIN,Success
file_brain_AXT2_208_2080630/processed/slice_4.mat,file_brain_AXT2_208_2080630,AXT2,4,TRAIN,Success
file_brain_AXT2_208_2080630/processed/slice_5.mat,file_brain_AXT2_208_2080630,AXT2,5,TRAIN,Success
file_brain_AXT2_208_2080630/processed/slice_6.mat,file_brain_AXT2_208_2080630,AXT2,6,TRAIN,Success
file_brain_AXT2_208_2080630/processed/slice_7.mat,file_brain_AXT2_208_2080630,AXT2,7,TRAIN,Success
file_brain_AXT2_208_2080630/processed/slice_8.mat,file_brain_AXT2_208_2080630,AXT2,8,TRAIN,Success
file_brain_AXT2_208_2080630/processed/slice_9.mat,file_brain_AXT2_208_2080630,AXT2,9,TRAIN,Success
file_brain_AXT2_208_2080630/processed/slice_10.mat,file_brain_AXT2_208_2080630,AXT2,10,TRAIN,Success
file_brain_AXT2_208_2080630/processed/slice_11.mat,file_brain_AXT2_208_2080630,AXT2,11,TRAIN,Success
file_brain_AXT2_208_2080630/processed/slice_12.mat,file_brain_AXT2_208_2080630,AXT2,12,TRAIN,Success
file_brain_AXT2_208_2080630/processed/slice_13.mat,file_brain_AXT2_208_2080630,AXT2,13,TRAIN,Success
file_brain_AXT2_208_2080630/processed/slice_14.mat,file_brain_AXT2_208_2080630,AXT2,14,TRAIN,Success
file_brain_AXT2_208_2080630/processed/slice_15.mat,file_brain_AXT2_208_2080630,AXT2,15,TRAIN,Success
file_brain_AXT2_208_2080630/processed/slice_16.mat,file_brain_AXT2_208_2080630,AXT2,16,TRAIN,Success
file_brain_AXT2_208_2080635/processed/slice_1.mat,file_brain_AXT2_208_2080635,AXT2,1,VAL,Success
file_brain_AXT2_208_2080635/processed/slice_2.mat,file_brain_AXT2_208_2080635,AXT2,2,VAL,Success
file_brain_AXT2_208_2080635/processed/slice_3.mat,file_brain_AXT2_208_2080635,AXT2,3,VAL,Success
file_brain_AXT2_208_2080635/processed/slice_4.mat,file_brain_AXT2_208_2080635,AXT2,4,VAL,Success
file_brain_AXT2_208_2080635/processed/slice_5.mat,file_brain_AXT2_208_2080635,AXT2,5,VAL,Success
file_brain_AXT2_208_2080635/processed/slice_6.mat,file_brain_AXT2_208_2080635,AXT2,6,VAL,Success
file_brain_AXT2_208_2080635/processed/slice_7.mat,file_brain_AXT2_208_2080635,AXT2,7,VAL,Success
file_brain_AXT2_208_2080635/processed/slice_8.mat,file_brain_AXT2_208_2080635,AXT2,8,VAL,Success
file_brain_AXT2_208_2080635/processed/slice_9.mat,file_brain_AXT2_208_2080635,AXT2,9,VAL,Success
file_brain_AXT2_208_2080635/processed/slice_10.mat,file_brain_AXT2_208_2080635,AXT2,10,VAL,Success
file_brain_AXT2_208_2080635/processed/slice_11.mat,file_brain_AXT2_208_2080635,AXT2,11,VAL,Success
file_brain_AXT2_208_2080635/processed/slice_12.mat,file_brain_AXT2_208_2080635,AXT2,12,VAL,Success
file_brain_AXT2_208_2080635/processed/slice_13.mat,file_brain_AXT2_208_2080635,AXT2,13,VAL,Success
file_brain_AXT2_208_2080635/processed/slice_14.mat,file_brain_AXT2_208_2080635,AXT2,14,VAL,Success
file_brain_AXT2_208_2080713/processed/slice_1.mat,file_brain_AXT2_208_2080713,AXT2,1,TRAIN,Success
file_brain_AXT2_208_2080713/processed/slice_2.mat,file_brain_AXT2_208_2080713,AXT2,2,TRAIN,Success
file_brain_AXT2_208_2080713/processed/slice_3.mat,file_brain_AXT2_208_2080713,AXT2,3,TRAIN,Success
file_brain_AXT2_208_2080713/processed/slice_4.mat,file_brain_AXT2_208_2080713,AXT2,4,TRAIN,Success
file_brain_AXT2_208_2080713/processed/slice_5.mat,file_brain_AXT2_208_2080713,AXT2,5,TRAIN,Success
file_brain_AXT2_208_2080713/processed/slice_6.mat,file_brain_AXT2_208_2080713,AXT2,6,TRAIN,Success
file_brain_AXT2_208_2080713/processed/slice_7.mat,file_brain_AXT2_208_2080713,AXT2,7,TRAIN,Success
file_brain_AXT2_208_2080713/processed/slice_8.mat,file_brain_AXT2_208_2080713,AXT2,8,TRAIN,Success
file_brain_AXT2_208_2080713/processed/slice_9.mat,file_brain_AXT2_208_2080713,AXT2,9,TRAIN,Success
file_brain_AXT2_208_2080713/processed/slice_10.mat,file_brain_AXT2_208_2080713,AXT2,10,TRAIN,Success
file_brain_AXT2_208_2080713/processed/slice_11.mat,file_brain_AXT2_208_2080713,AXT2,11,TRAIN,Success
file_brain_AXT2_208_2080713/processed/slice_12.mat,file_brain_AXT2_208_2080713,AXT2,12,TRAIN,Success
file_brain_AXT2_208_2080713/processed/slice_13.mat,file_brain_AXT2_208_2080713,AXT2,13,TRAIN,Success
file_brain_AXT2_208_2080713/processed/slice_14.mat,file_brain_AXT2_208_2080713,AXT2,14,TRAIN,Success
file_brain_AXT2_208_2080713/processed/slice_15.mat,file_brain_AXT2_208_2080713,AXT2,15,TRAIN,Success
file_brain_AXT2_208_2080713/processed/slice_16.mat,file_brain_AXT2_208_2080713,AXT2,16,TRAIN,Success
file_brain_AXT2_208_2080722/processed/slice_1.mat,file_brain_AXT2_208_2080722,AXT2,1,TRAIN,Success
file_brain_AXT2_208_2080722/processed/slice_2.mat,file_brain_AXT2_208_2080722,AXT2,2,TRAIN,Success
file_brain_AXT2_208_2080722/processed/slice_3.mat,file_brain_AXT2_208_2080722,AXT2,3,TRAIN,Success
file_brain_AXT2_208_2080722/processed/slice_4.mat,file_brain_AXT2_208_2080722,AXT2,4,TRAIN,Success
file_brain_AXT2_208_2080722/processed/slice_5.mat,file_brain_AXT2_208_2080722,AXT2,5,TRAIN,Success
file_brain_AXT2_208_2080722/processed/slice_6.mat,file_brain_AXT2_208_2080722,AXT2,6,TRAIN,Success
file_brain_AXT2_208_2080722/processed/slice_7.mat,file_brain_AXT2_208_2080722,AXT2,7,TRAIN,Success
file_brain_AXT2_208_2080722/processed/slice_8.mat,file_brain_AXT2_208_2080722,AXT2,8,TRAIN,Success
file_brain_AXT2_208_2080722/processed/slice_9.mat,file_brain_AXT2_208_2080722,AXT2,9,TRAIN,Success
file_brain_AXT2_208_2080722/processed/slice_10.mat,file_brain_AXT2_208_2080722,AXT2,10,TRAIN,Success
file_brain_AXT2_208_2080722/processed/slice_11.mat,file_brain_AXT2_208_2080722,AXT2,11,TRAIN,Success
file_brain_AXT2_208_2080722/processed/slice_12.mat,file_brain_AXT2_208_2080722,AXT2,12,TRAIN,Success
file_brain_AXT2_208_2080722/processed/slice_13.mat,file_brain_AXT2_208_2080722,AXT2,13,TRAIN,Success
file_brain_AXT2_208_2080722/processed/slice_14.mat,file_brain_AXT2_208_2080722,AXT2,14,TRAIN,Success
file_brain_AXT2_208_2080722/processed/slice_15.mat,file_brain_AXT2_208_2080722,AXT2,15,TRAIN,Success
file_brain_AXT2_208_2080722/processed/slice_16.mat,file_brain_AXT2_208_2080722,AXT2,16,TRAIN,Success
file_brain_AXT2_209_2090030/processed/slice_1.mat,file_brain_AXT2_209_2090030,AXT2,1,TRAIN,Success
file_brain_AXT2_209_2090030/processed/slice_2.mat,file_brain_AXT2_209_2090030,AXT2,2,TRAIN,Success
file_brain_AXT2_209_2090030/processed/slice_3.mat,file_brain_AXT2_209_2090030,AXT2,3,TRAIN,Success
file_brain_AXT2_209_2090030/processed/slice_4.mat,file_brain_AXT2_209_2090030,AXT2,4,TRAIN,Success
file_brain_AXT2_209_2090030/processed/slice_5.mat,file_brain_AXT2_209_2090030,AXT2,5,TRAIN,Success
file_brain_AXT2_209_2090030/processed/slice_6.mat,file_brain_AXT2_209_2090030,AXT2,6,TRAIN,Success
file_brain_AXT2_209_2090030/processed/slice_7.mat,file_brain_AXT2_209_2090030,AXT2,7,TRAIN,Success
file_brain_AXT2_209_2090030/processed/slice_8.mat,file_brain_AXT2_209_2090030,AXT2,8,TRAIN,Success
file_brain_AXT2_209_2090030/processed/slice_9.mat,file_brain_AXT2_209_2090030,AXT2,9,TRAIN,Success
file_brain_AXT2_209_2090030/processed/slice_10.mat,file_brain_AXT2_209_2090030,AXT2,10,TRAIN,Success
file_brain_AXT2_209_2090030/processed/slice_11.mat,file_brain_AXT2_209_2090030,AXT2,11,TRAIN,Success
file_brain_AXT2_209_2090030/processed/slice_12.mat,file_brain_AXT2_209_2090030,AXT2,12,TRAIN,Success
file_brain_AXT2_209_2090030/processed/slice_13.mat,file_brain_AXT2_209_2090030,AXT2,13,TRAIN,Success
file_brain_AXT2_209_2090030/processed/slice_14.mat,file_brain_AXT2_209_2090030,AXT2,14,TRAIN,Success
file_brain_AXT2_209_2090030/processed/slice_15.mat,file_brain_AXT2_209_2090030,AXT2,15,TRAIN,Success
file_brain_AXT2_209_2090030/processed/slice_16.mat,file_brain_AXT2_209_2090030,AXT2,16,TRAIN,Success
file_brain_AXT2_209_2090077/processed/slice_1.mat,file_brain_AXT2_209_2090077,AXT2,1,TRAIN,Success
file_brain_AXT2_209_2090077/processed/slice_2.mat,file_brain_AXT2_209_2090077,AXT2,2,TRAIN,Success
file_brain_AXT2_209_2090077/processed/slice_3.mat,file_brain_AXT2_209_2090077,AXT2,3,TRAIN,Success
file_brain_AXT2_209_2090077/processed/slice_4.mat,file_brain_AXT2_209_2090077,AXT2,4,TRAIN,Success
file_brain_AXT2_209_2090077/processed/slice_5.mat,file_brain_AXT2_209_2090077,AXT2,5,TRAIN,Success
file_brain_AXT2_209_2090077/processed/slice_6.mat,file_brain_AXT2_209_2090077,AXT2,6,TRAIN,Success
file_brain_AXT2_209_2090077/processed/slice_7.mat,file_brain_AXT2_209_2090077,AXT2,7,TRAIN,Success
file_brain_AXT2_209_2090077/processed/slice_8.mat,file_brain_AXT2_209_2090077,AXT2,8,TRAIN,Success
file_brain_AXT2_209_2090077/processed/slice_9.mat,file_brain_AXT2_209_2090077,AXT2,9,TRAIN,Success
file_brain_AXT2_209_2090077/processed/slice_10.mat,file_brain_AXT2_209_2090077,AXT2,10,TRAIN,Success
file_brain_AXT2_209_2090077/processed/slice_11.mat,file_brain_AXT2_209_2090077,AXT2,11,TRAIN,Success
file_brain_AXT2_209_2090077/processed/slice_12.mat,file_brain_AXT2_209_2090077,AXT2,12,TRAIN,Success
file_brain_AXT2_209_2090077/processed/slice_13.mat,file_brain_AXT2_209_2090077,AXT2,13,TRAIN,Success
file_brain_AXT2_209_2090077/processed/slice_14.mat,file_brain_AXT2_209_2090077,AXT2,14,TRAIN,Success
file_brain_AXT2_209_2090077/processed/slice_15.mat,file_brain_AXT2_209_2090077,AXT2,15,TRAIN,Success
file_brain_AXT2_209_2090077/processed/slice_16.mat,file_brain_AXT2_209_2090077,AXT2,16,TRAIN,Success
file_brain_AXT2_209_2090151/processed/slice_1.mat,file_brain_AXT2_209_2090151,AXT2,1,VAL,Success
file_brain_AXT2_209_2090151/processed/slice_2.mat,file_brain_AXT2_209_2090151,AXT2,2,VAL,Success
file_brain_AXT2_209_2090151/processed/slice_3.mat,file_brain_AXT2_209_2090151,AXT2,3,VAL,Success
file_brain_AXT2_209_2090151/processed/slice_4.mat,file_brain_AXT2_209_2090151,AXT2,4,VAL,Success
file_brain_AXT2_209_2090151/processed/slice_5.mat,file_brain_AXT2_209_2090151,AXT2,5,VAL,Success
file_brain_AXT2_209_2090151/processed/slice_6.mat,file_brain_AXT2_209_2090151,AXT2,6,VAL,Success
file_brain_AXT2_209_2090151/processed/slice_7.mat,file_brain_AXT2_209_2090151,AXT2,7,VAL,Success
file_brain_AXT2_209_2090151/processed/slice_8.mat,file_brain_AXT2_209_2090151,AXT2,8,VAL,Success
file_brain_AXT2_209_2090151/processed/slice_9.mat,file_brain_AXT2_209_2090151,AXT2,9,VAL,Success
file_brain_AXT2_209_2090151/processed/slice_10.mat,file_brain_AXT2_209_2090151,AXT2,10,VAL,Success
file_brain_AXT2_209_2090151/processed/slice_11.mat,file_brain_AXT2_209_2090151,AXT2,11,VAL,Success
file_brain_AXT2_209_2090151/processed/slice_12.mat,file_brain_AXT2_209_2090151,AXT2,12,VAL,Success
file_brain_AXT2_209_2090151/processed/slice_13.mat,file_brain_AXT2_209_2090151,AXT2,13,VAL,Success
file_brain_AXT2_209_2090151/processed/slice_14.mat,file_brain_AXT2_209_2090151,AXT2,14,VAL,Success
file_brain_AXT2_209_2090151/processed/slice_15.mat,file_brain_AXT2_209_2090151,AXT2,15,VAL,Success
file_brain_AXT2_209_2090151/processed/slice_16.mat,file_brain_AXT2_209_2090151,AXT2,16,VAL,Success
file_brain_AXT2_209_2090215/processed/slice_1.mat,file_brain_AXT2_209_2090215,AXT2,1,VAL,Success
file_brain_AXT2_209_2090215/processed/slice_2.mat,file_brain_AXT2_209_2090215,AXT2,2,VAL,Success
file_brain_AXT2_209_2090215/processed/slice_3.mat,file_brain_AXT2_209_2090215,AXT2,3,VAL,Success
file_brain_AXT2_209_2090215/processed/slice_4.mat,file_brain_AXT2_209_2090215,AXT2,4,VAL,Success
file_brain_AXT2_209_2090215/processed/slice_5.mat,file_brain_AXT2_209_2090215,AXT2,5,VAL,Success
file_brain_AXT2_209_2090215/processed/slice_6.mat,file_brain_AXT2_209_2090215,AXT2,6,VAL,Success
file_brain_AXT2_209_2090215/processed/slice_7.mat,file_brain_AXT2_209_2090215,AXT2,7,VAL,Success
file_brain_AXT2_209_2090215/processed/slice_8.mat,file_brain_AXT2_209_2090215,AXT2,8,VAL,Success
file_brain_AXT2_209_2090215/processed/slice_9.mat,file_brain_AXT2_209_2090215,AXT2,9,VAL,Success
file_brain_AXT2_209_2090215/processed/slice_10.mat,file_brain_AXT2_209_2090215,AXT2,10,VAL,Success
file_brain_AXT2_209_2090215/processed/slice_11.mat,file_brain_AXT2_209_2090215,AXT2,11,VAL,Success
file_brain_AXT2_209_2090215/processed/slice_12.mat,file_brain_AXT2_209_2090215,AXT2,12,VAL,Success
file_brain_AXT2_209_2090215/processed/slice_13.mat,file_brain_AXT2_209_2090215,AXT2,13,VAL,Success
file_brain_AXT2_209_2090215/processed/slice_14.mat,file_brain_AXT2_209_2090215,AXT2,14,VAL,Success
file_brain_AXT2_209_2090215/processed/slice_15.mat,file_brain_AXT2_209_2090215,AXT2,15,VAL,Success
file_brain_AXT2_209_2090215/processed/slice_16.mat,file_brain_AXT2_209_2090215,AXT2,16,VAL,Success
file_brain_AXT2_209_2090266/processed/slice_1.mat,file_brain_AXT2_209_2090266,AXT2,1,VAL,Success
file_brain_AXT2_209_2090266/processed/slice_2.mat,file_brain_AXT2_209_2090266,AXT2,2,VAL,Success
file_brain_AXT2_209_2090266/processed/slice_3.mat,file_brain_AXT2_209_2090266,AXT2,3,VAL,Success
file_brain_AXT2_209_2090266/processed/slice_4.mat,file_brain_AXT2_209_2090266,AXT2,4,VAL,Success
file_brain_AXT2_209_2090266/processed/slice_5.mat,file_brain_AXT2_209_2090266,AXT2,5,VAL,Success
file_brain_AXT2_209_2090266/processed/slice_6.mat,file_brain_AXT2_209_2090266,AXT2,6,VAL,Success
file_brain_AXT2_209_2090266/processed/slice_7.mat,file_brain_AXT2_209_2090266,AXT2,7,VAL,Success
file_brain_AXT2_209_2090266/processed/slice_8.mat,file_brain_AXT2_209_2090266,AXT2,8,VAL,Success
file_brain_AXT2_209_2090266/processed/slice_9.mat,file_brain_AXT2_209_2090266,AXT2,9,VAL,Success
file_brain_AXT2_209_2090266/processed/slice_10.mat,file_brain_AXT2_209_2090266,AXT2,10,VAL,Success
file_brain_AXT2_209_2090266/processed/slice_11.mat,file_brain_AXT2_209_2090266,AXT2,11,VAL,Success
file_brain_AXT2_209_2090266/processed/slice_12.mat,file_brain_AXT2_209_2090266,AXT2,12,VAL,Success
file_brain_AXT2_209_2090266/processed/slice_13.mat,file_brain_AXT2_209_2090266,AXT2,13,VAL,Success
file_brain_AXT2_209_2090266/processed/slice_14.mat,file_brain_AXT2_209_2090266,AXT2,14,VAL,Success
file_brain_AXT2_209_2090266/processed/slice_15.mat,file_brain_AXT2_209_2090266,AXT2,15,VAL,Success
file_brain_AXT2_209_2090266/processed/slice_16.mat,file_brain_AXT2_209_2090266,AXT2,16,VAL,Success
file_brain_AXT2_209_2090308/processed/slice_1.mat,file_brain_AXT2_209_2090308,AXT2,1,TRAIN,Success
file_brain_AXT2_209_2090308/processed/slice_2.mat,file_brain_AXT2_209_2090308,AXT2,2,TRAIN,Success
file_brain_AXT2_209_2090308/processed/slice_3.mat,file_brain_AXT2_209_2090308,AXT2,3,TRAIN,Success
file_brain_AXT2_209_2090308/processed/slice_4.mat,file_brain_AXT2_209_2090308,AXT2,4,TRAIN,Success
file_brain_AXT2_209_2090308/processed/slice_5.mat,file_brain_AXT2_209_2090308,AXT2,5,TRAIN,Success
file_brain_AXT2_209_2090308/processed/slice_6.mat,file_brain_AXT2_209_2090308,AXT2,6,TRAIN,Success
file_brain_AXT2_209_2090308/processed/slice_7.mat,file_brain_AXT2_209_2090308,AXT2,7,TRAIN,Success
file_brain_AXT2_209_2090308/processed/slice_8.mat,file_brain_AXT2_209_2090308,AXT2,8,TRAIN,Success
file_brain_AXT2_209_2090308/processed/slice_9.mat,file_brain_AXT2_209_2090308,AXT2,9,TRAIN,Success
file_brain_AXT2_209_2090308/processed/slice_10.mat,file_brain_AXT2_209_2090308,AXT2,10,TRAIN,Success
file_brain_AXT2_209_2090308/processed/slice_11.mat,file_brain_AXT2_209_2090308,AXT2,11,TRAIN,Success
file_brain_AXT2_209_2090308/processed/slice_12.mat,file_brain_AXT2_209_2090308,AXT2,12,TRAIN,Success
file_brain_AXT2_209_2090308/processed/slice_13.mat,file_brain_AXT2_209_2090308,AXT2,13,TRAIN,Success
file_brain_AXT2_209_2090308/processed/slice_14.mat,file_brain_AXT2_209_2090308,AXT2,14,TRAIN,Success
file_brain_AXT2_209_2090308/processed/slice_15.mat,file_brain_AXT2_209_2090308,AXT2,15,TRAIN,Success
file_brain_AXT2_209_2090308/processed/slice_16.mat,file_brain_AXT2_209_2090308,AXT2,16,TRAIN,Success
file_brain_AXT2_209_2090333/processed/slice_1.mat,file_brain_AXT2_209_2090333,AXT2,1,TRAIN,Success
file_brain_AXT2_209_2090333/processed/slice_2.mat,file_brain_AXT2_209_2090333,AXT2,2,TRAIN,Success
file_brain_AXT2_209_2090333/processed/slice_3.mat,file_brain_AXT2_209_2090333,AXT2,3,TRAIN,Success
file_brain_AXT2_209_2090333/processed/slice_4.mat,file_brain_AXT2_209_2090333,AXT2,4,TRAIN,Success
file_brain_AXT2_209_2090333/processed/slice_5.mat,file_brain_AXT2_209_2090333,AXT2,5,TRAIN,Success
file_brain_AXT2_209_2090333/processed/slice_6.mat,file_brain_AXT2_209_2090333,AXT2,6,TRAIN,Success
file_brain_AXT2_209_2090333/processed/slice_7.mat,file_brain_AXT2_209_2090333,AXT2,7,TRAIN,Success
file_brain_AXT2_209_2090333/processed/slice_8.mat,file_brain_AXT2_209_2090333,AXT2,8,TRAIN,Success
file_brain_AXT2_209_2090333/processed/slice_9.mat,file_brain_AXT2_209_2090333,AXT2,9,TRAIN,Success
file_brain_AXT2_209_2090333/processed/slice_10.mat,file_brain_AXT2_209_2090333,AXT2,10,TRAIN,Success
file_brain_AXT2_209_2090333/processed/slice_11.mat,file_brain_AXT2_209_2090333,AXT2,11,TRAIN,Success
file_brain_AXT2_209_2090333/processed/slice_12.mat,file_brain_AXT2_209_2090333,AXT2,12,TRAIN,Success
file_brain_AXT2_209_2090333/processed/slice_13.mat,file_brain_AXT2_209_2090333,AXT2,13,TRAIN,Success
file_brain_AXT2_209_2090333/processed/slice_14.mat,file_brain_AXT2_209_2090333,AXT2,14,TRAIN,Success
file_brain_AXT2_209_2090333/processed/slice_15.mat,file_brain_AXT2_209_2090333,AXT2,15,TRAIN,Success
file_brain_AXT2_209_2090333/processed/slice_16.mat,file_brain_AXT2_209_2090333,AXT2,16,TRAIN,Success
file_brain_AXT2_209_2090339/processed/slice_1.mat,file_brain_AXT2_209_2090339,AXT2,1,VAL,Success
file_brain_AXT2_209_2090339/processed/slice_2.mat,file_brain_AXT2_209_2090339,AXT2,2,VAL,Success
file_brain_AXT2_209_2090339/processed/slice_3.mat,file_brain_AXT2_209_2090339,AXT2,3,VAL,Success
file_brain_AXT2_209_2090339/processed/slice_4.mat,file_brain_AXT2_209_2090339,AXT2,4,VAL,Success
file_brain_AXT2_209_2090339/processed/slice_5.mat,file_brain_AXT2_209_2090339,AXT2,5,VAL,Success
file_brain_AXT2_209_2090339/processed/slice_6.mat,file_brain_AXT2_209_2090339,AXT2,6,VAL,Success
file_brain_AXT2_209_2090339/processed/slice_7.mat,file_brain_AXT2_209_2090339,AXT2,7,VAL,Success
file_brain_AXT2_209_2090339/processed/slice_8.mat,file_brain_AXT2_209_2090339,AXT2,8,VAL,Success
file_brain_AXT2_209_2090339/processed/slice_9.mat,file_brain_AXT2_209_2090339,AXT2,9,VAL,Success
file_brain_AXT2_209_2090339/processed/slice_10.mat,file_brain_AXT2_209_2090339,AXT2,10,VAL,Success
file_brain_AXT2_209_2090339/processed/slice_11.mat,file_brain_AXT2_209_2090339,AXT2,11,VAL,Success
file_brain_AXT2_209_2090339/processed/slice_12.mat,file_brain_AXT2_209_2090339,AXT2,12,VAL,Success
file_brain_AXT2_209_2090339/processed/slice_13.mat,file_brain_AXT2_209_2090339,AXT2,13,VAL,Success
file_brain_AXT2_209_2090339/processed/slice_14.mat,file_brain_AXT2_209_2090339,AXT2,14,VAL,Success
file_brain_AXT2_209_2090339/processed/slice_15.mat,file_brain_AXT2_209_2090339,AXT2,15,VAL,Success
file_brain_AXT2_209_2090339/processed/slice_16.mat,file_brain_AXT2_209_2090339,AXT2,16,VAL,Success
file_brain_AXT2_209_2090358/processed/slice_1.mat,file_brain_AXT2_209_2090358,AXT2,1,VAL,Success
file_brain_AXT2_209_2090358/processed/slice_2.mat,file_brain_AXT2_209_2090358,AXT2,2,VAL,Success
file_brain_AXT2_209_2090358/processed/slice_3.mat,file_brain_AXT2_209_2090358,AXT2,3,VAL,Success
file_brain_AXT2_209_2090358/processed/slice_4.mat,file_brain_AXT2_209_2090358,AXT2,4,VAL,Success
file_brain_AXT2_209_2090358/processed/slice_5.mat,file_brain_AXT2_209_2090358,AXT2,5,VAL,Success
file_brain_AXT2_209_2090358/processed/slice_6.mat,file_brain_AXT2_209_2090358,AXT2,6,VAL,Success
file_brain_AXT2_209_2090358/processed/slice_7.mat,file_brain_AXT2_209_2090358,AXT2,7,VAL,Success
file_brain_AXT2_209_2090358/processed/slice_8.mat,file_brain_AXT2_209_2090358,AXT2,8,VAL,Success
file_brain_AXT2_209_2090358/processed/slice_9.mat,file_brain_AXT2_209_2090358,AXT2,9,VAL,Success
file_brain_AXT2_209_2090358/processed/slice_10.mat,file_brain_AXT2_209_2090358,AXT2,10,VAL,Success
file_brain_AXT2_209_2090358/processed/slice_11.mat,file_brain_AXT2_209_2090358,AXT2,11,VAL,Success
file_brain_AXT2_209_2090358/processed/slice_12.mat,file_brain_AXT2_209_2090358,AXT2,12,VAL,Success
file_brain_AXT2_209_2090358/processed/slice_13.mat,file_brain_AXT2_209_2090358,AXT2,13,VAL,Success
file_brain_AXT2_209_2090358/processed/slice_14.mat,file_brain_AXT2_209_2090358,AXT2,14,VAL,Success
file_brain_AXT2_209_2090358/processed/slice_15.mat,file_brain_AXT2_209_2090358,AXT2,15,VAL,Success
file_brain_AXT2_209_2090358/processed/slice_16.mat,file_brain_AXT2_209_2090358,AXT2,16,VAL,Success
file_brain_AXT2_209_2090406/processed/slice_1.mat,file_brain_AXT2_209_2090406,AXT2,1,TEST,Success
file_brain_AXT2_209_2090406/processed/slice_2.mat,file_brain_AXT2_209_2090406,AXT2,2,TEST,Success
file_brain_AXT2_209_2090406/processed/slice_3.mat,file_brain_AXT2_209_2090406,AXT2,3,TEST,Success
file_brain_AXT2_209_2090406/processed/slice_4.mat,file_brain_AXT2_209_2090406,AXT2,4,TEST,Success
file_brain_AXT2_209_2090406/processed/slice_5.mat,file_brain_AXT2_209_2090406,AXT2,5,TEST,Success
file_brain_AXT2_209_2090406/processed/slice_6.mat,file_brain_AXT2_209_2090406,AXT2,6,TEST,Success
file_brain_AXT2_209_2090406/processed/slice_7.mat,file_brain_AXT2_209_2090406,AXT2,7,TEST,Success
file_brain_AXT2_209_2090406/processed/slice_8.mat,file_brain_AXT2_209_2090406,AXT2,8,TEST,Success
file_brain_AXT2_209_2090406/processed/slice_9.mat,file_brain_AXT2_209_2090406,AXT2,9,TEST,Success
file_brain_AXT2_209_2090406/processed/slice_10.mat,file_brain_AXT2_209_2090406,AXT2,10,TEST,Success
file_brain_AXT2_209_2090406/processed/slice_11.mat,file_brain_AXT2_209_2090406,AXT2,11,TEST,Success
file_brain_AXT2_209_2090406/processed/slice_12.mat,file_brain_AXT2_209_2090406,AXT2,12,TEST,Success
file_brain_AXT2_209_2090406/processed/slice_13.mat,file_brain_AXT2_209_2090406,AXT2,13,TEST,Success
file_brain_AXT2_209_2090406/processed/slice_14.mat,file_brain_AXT2_209_2090406,AXT2,14,TEST,Success
file_brain_AXT2_209_2090406/processed/slice_15.mat,file_brain_AXT2_209_2090406,AXT2,15,TEST,Success
file_brain_AXT2_209_2090406/processed/slice_16.mat,file_brain_AXT2_209_2090406,AXT2,16,TEST,Success
file_brain_AXT2_209_6000981/processed/slice_1.mat,file_brain_AXT2_209_6000981,AXT2,1,TRAIN,Success
file_brain_AXT2_209_6000981/processed/slice_2.mat,file_brain_AXT2_209_6000981,AXT2,2,TRAIN,Success
file_brain_AXT2_209_6000981/processed/slice_3.mat,file_brain_AXT2_209_6000981,AXT2,3,TRAIN,Success
file_brain_AXT2_209_6000981/processed/slice_4.mat,file_brain_AXT2_209_6000981,AXT2,4,TRAIN,Success
file_brain_AXT2_209_6000981/processed/slice_5.mat,file_brain_AXT2_209_6000981,AXT2,5,TRAIN,Success
file_brain_AXT2_209_6000981/processed/slice_6.mat,file_brain_AXT2_209_6000981,AXT2,6,TRAIN,Success
file_brain_AXT2_209_6000981/processed/slice_7.mat,file_brain_AXT2_209_6000981,AXT2,7,TRAIN,Success
file_brain_AXT2_209_6000981/processed/slice_8.mat,file_brain_AXT2_209_6000981,AXT2,8,TRAIN,Success
file_brain_AXT2_209_6000981/processed/slice_9.mat,file_brain_AXT2_209_6000981,AXT2,9,TRAIN,Success
file_brain_AXT2_209_6000981/processed/slice_10.mat,file_brain_AXT2_209_6000981,AXT2,10,TRAIN,Success
file_brain_AXT2_209_6000981/processed/slice_11.mat,file_brain_AXT2_209_6000981,AXT2,11,TRAIN,Success
file_brain_AXT2_209_6000981/processed/slice_12.mat,file_brain_AXT2_209_6000981,AXT2,12,TRAIN,Success
file_brain_AXT2_209_6000981/processed/slice_13.mat,file_brain_AXT2_209_6000981,AXT2,13,TRAIN,Success
file_brain_AXT2_209_6000981/processed/slice_14.mat,file_brain_AXT2_209_6000981,AXT2,14,TRAIN,Success
file_brain_AXT2_209_6000981/processed/slice_15.mat,file_brain_AXT2_209_6000981,AXT2,15,TRAIN,Success
file_brain_AXT2_209_6000981/processed/slice_16.mat,file_brain_AXT2_209_6000981,AXT2,16,TRAIN,Success
file_brain_AXT2_209_6000982/processed/slice_1.mat,file_brain_AXT2_209_6000982,AXT2,1,TRAIN,Success
file_brain_AXT2_209_6000982/processed/slice_2.mat,file_brain_AXT2_209_6000982,AXT2,2,TRAIN,Success
file_brain_AXT2_209_6000982/processed/slice_3.mat,file_brain_AXT2_209_6000982,AXT2,3,TRAIN,Success
file_brain_AXT2_209_6000982/processed/slice_4.mat,file_brain_AXT2_209_6000982,AXT2,4,TRAIN,Success
file_brain_AXT2_209_6000982/processed/slice_5.mat,file_brain_AXT2_209_6000982,AXT2,5,TRAIN,Success
file_brain_AXT2_209_6000982/processed/slice_6.mat,file_brain_AXT2_209_6000982,AXT2,6,TRAIN,Success
file_brain_AXT2_209_6000982/processed/slice_7.mat,file_brain_AXT2_209_6000982,AXT2,7,TRAIN,Success
file_brain_AXT2_209_6000982/processed/slice_8.mat,file_brain_AXT2_209_6000982,AXT2,8,TRAIN,Success
file_brain_AXT2_209_6000982/processed/slice_9.mat,file_brain_AXT2_209_6000982,AXT2,9,TRAIN,Success
file_brain_AXT2_209_6000982/processed/slice_10.mat,file_brain_AXT2_209_6000982,AXT2,10,TRAIN,Success
file_brain_AXT2_209_6000982/processed/slice_11.mat,file_brain_AXT2_209_6000982,AXT2,11,TRAIN,Success
file_brain_AXT2_209_6000982/processed/slice_12.mat,file_brain_AXT2_209_6000982,AXT2,12,TRAIN,Success
file_brain_AXT2_209_6000982/processed/slice_13.mat,file_brain_AXT2_209_6000982,AXT2,13,TRAIN,Success
file_brain_AXT2_209_6000982/processed/slice_14.mat,file_brain_AXT2_209_6000982,AXT2,14,TRAIN,Success
file_brain_AXT2_209_6000982/processed/slice_15.mat,file_brain_AXT2_209_6000982,AXT2,15,TRAIN,Success
file_brain_AXT2_209_6000982/processed/slice_16.mat,file_brain_AXT2_209_6000982,AXT2,16,TRAIN,Success
file_brain_AXT2_209_6001025/processed/slice_1.mat,file_brain_AXT2_209_6001025,AXT2,1,VAL,Success
file_brain_AXT2_209_6001025/processed/slice_2.mat,file_brain_AXT2_209_6001025,AXT2,2,VAL,Success
file_brain_AXT2_209_6001025/processed/slice_3.mat,file_brain_AXT2_209_6001025,AXT2,3,VAL,Success
file_brain_AXT2_209_6001025/processed/slice_4.mat,file_brain_AXT2_209_6001025,AXT2,4,VAL,Success
file_brain_AXT2_209_6001025/processed/slice_5.mat,file_brain_AXT2_209_6001025,AXT2,5,VAL,Success
file_brain_AXT2_209_6001025/processed/slice_6.mat,file_brain_AXT2_209_6001025,AXT2,6,VAL,Success
file_brain_AXT2_209_6001025/processed/slice_7.mat,file_brain_AXT2_209_6001025,AXT2,7,VAL,Success
file_brain_AXT2_209_6001025/processed/slice_8.mat,file_brain_AXT2_209_6001025,AXT2,8,VAL,Success
file_brain_AXT2_209_6001025/processed/slice_9.mat,file_brain_AXT2_209_6001025,AXT2,9,VAL,Success
file_brain_AXT2_209_6001025/processed/slice_10.mat,file_brain_AXT2_209_6001025,AXT2,10,VAL,Success
file_brain_AXT2_209_6001025/processed/slice_11.mat,file_brain_AXT2_209_6001025,AXT2,11,VAL,Success
file_brain_AXT2_209_6001025/processed/slice_12.mat,file_brain_AXT2_209_6001025,AXT2,12,VAL,Success
file_brain_AXT2_209_6001025/processed/slice_13.mat,file_brain_AXT2_209_6001025,AXT2,13,VAL,Success
file_brain_AXT2_209_6001025/processed/slice_14.mat,file_brain_AXT2_209_6001025,AXT2,14,VAL,Success
file_brain_AXT2_209_6001025/processed/slice_15.mat,file_brain_AXT2_209_6001025,AXT2,15,VAL,Success
file_brain_AXT2_209_6001025/processed/slice_16.mat,file_brain_AXT2_209_6001025,AXT2,16,VAL,Success
file_brain_AXT2_209_6001050/processed/slice_1.mat,file_brain_AXT2_209_6001050,AXT2,1,TRAIN,Success
file_brain_AXT2_209_6001050/processed/slice_2.mat,file_brain_AXT2_209_6001050,AXT2,2,TRAIN,Success
file_brain_AXT2_209_6001050/processed/slice_3.mat,file_brain_AXT2_209_6001050,AXT2,3,TRAIN,Success
file_brain_AXT2_209_6001050/processed/slice_4.mat,file_brain_AXT2_209_6001050,AXT2,4,TRAIN,Success
file_brain_AXT2_209_6001050/processed/slice_5.mat,file_brain_AXT2_209_6001050,AXT2,5,TRAIN,Success
file_brain_AXT2_209_6001050/processed/slice_6.mat,file_brain_AXT2_209_6001050,AXT2,6,TRAIN,Success
file_brain_AXT2_209_6001050/processed/slice_7.mat,file_brain_AXT2_209_6001050,AXT2,7,TRAIN,Success
file_brain_AXT2_209_6001050/processed/slice_8.mat,file_brain_AXT2_209_6001050,AXT2,8,TRAIN,Success
file_brain_AXT2_209_6001050/processed/slice_9.mat,file_brain_AXT2_209_6001050,AXT2,9,TRAIN,Success
file_brain_AXT2_209_6001050/processed/slice_10.mat,file_brain_AXT2_209_6001050,AXT2,10,TRAIN,Success
file_brain_AXT2_209_6001050/processed/slice_11.mat,file_brain_AXT2_209_6001050,AXT2,11,TRAIN,Success
file_brain_AXT2_209_6001050/processed/slice_12.mat,file_brain_AXT2_209_6001050,AXT2,12,TRAIN,Success
file_brain_AXT2_209_6001050/processed/slice_13.mat,file_brain_AXT2_209_6001050,AXT2,13,TRAIN,Success
file_brain_AXT2_209_6001050/processed/slice_14.mat,file_brain_AXT2_209_6001050,AXT2,14,TRAIN,Success
file_brain_AXT2_209_6001050/processed/slice_15.mat,file_brain_AXT2_209_6001050,AXT2,15,TRAIN,Success
file_brain_AXT2_209_6001050/processed/slice_16.mat,file_brain_AXT2_209_6001050,AXT2,16,TRAIN,Success
file_brain_AXT2_209_6001228/processed/slice_1.mat,file_brain_AXT2_209_6001228,AXT2,1,TEST,Success
file_brain_AXT2_209_6001228/processed/slice_2.mat,file_brain_AXT2_209_6001228,AXT2,2,TEST,Success
file_brain_AXT2_209_6001228/processed/slice_3.mat,file_brain_AXT2_209_6001228,AXT2,3,TEST,Success
file_brain_AXT2_209_6001228/processed/slice_4.mat,file_brain_AXT2_209_6001228,AXT2,4,TEST,Success
file_brain_AXT2_209_6001228/processed/slice_5.mat,file_brain_AXT2_209_6001228,AXT2,5,TEST,Success
file_brain_AXT2_209_6001228/processed/slice_6.mat,file_brain_AXT2_209_6001228,AXT2,6,TEST,Success
file_brain_AXT2_209_6001228/processed/slice_7.mat,file_brain_AXT2_209_6001228,AXT2,7,TEST,Success
file_brain_AXT2_209_6001228/processed/slice_8.mat,file_brain_AXT2_209_6001228,AXT2,8,TEST,Success
file_brain_AXT2_209_6001228/processed/slice_9.mat,file_brain_AXT2_209_6001228,AXT2,9,TEST,Success
file_brain_AXT2_209_6001228/processed/slice_10.mat,file_brain_AXT2_209_6001228,AXT2,10,TEST,Success
file_brain_AXT2_209_6001228/processed/slice_11.mat,file_brain_AXT2_209_6001228,AXT2,11,TEST,Success
file_brain_AXT2_209_6001228/processed/slice_12.mat,file_brain_AXT2_209_6001228,AXT2,12,TEST,Success
file_brain_AXT2_209_6001228/processed/slice_13.mat,file_brain_AXT2_209_6001228,AXT2,13,TEST,Success
file_brain_AXT2_209_6001228/processed/slice_14.mat,file_brain_AXT2_209_6001228,AXT2,14,TEST,Success
file_brain_AXT2_209_6001228/processed/slice_15.mat,file_brain_AXT2_209_6001228,AXT2,15,TEST,Success
file_brain_AXT2_209_6001228/processed/slice_16.mat,file_brain_AXT2_209_6001228,AXT2,16,TEST,Success
file_brain_AXT2_209_6001248/processed/slice_1.mat,file_brain_AXT2_209_6001248,AXT2,1,VAL,Success
file_brain_AXT2_209_6001248/processed/slice_2.mat,file_brain_AXT2_209_6001248,AXT2,2,VAL,Success
file_brain_AXT2_209_6001248/processed/slice_3.mat,file_brain_AXT2_209_6001248,AXT2,3,VAL,Success
file_brain_AXT2_209_6001248/processed/slice_4.mat,file_brain_AXT2_209_6001248,AXT2,4,VAL,Success
file_brain_AXT2_209_6001248/processed/slice_5.mat,file_brain_AXT2_209_6001248,AXT2,5,VAL,Success
file_brain_AXT2_209_6001248/processed/slice_6.mat,file_brain_AXT2_209_6001248,AXT2,6,VAL,Success
file_brain_AXT2_209_6001248/processed/slice_7.mat,file_brain_AXT2_209_6001248,AXT2,7,VAL,Success
file_brain_AXT2_209_6001248/processed/slice_8.mat,file_brain_AXT2_209_6001248,AXT2,8,VAL,Success
file_brain_AXT2_209_6001248/processed/slice_9.mat,file_brain_AXT2_209_6001248,AXT2,9,VAL,Success
file_brain_AXT2_209_6001248/processed/slice_10.mat,file_brain_AXT2_209_6001248,AXT2,10,VAL,Success
file_brain_AXT2_209_6001248/processed/slice_11.mat,file_brain_AXT2_209_6001248,AXT2,11,VAL,Success
file_brain_AXT2_209_6001248/processed/slice_12.mat,file_brain_AXT2_209_6001248,AXT2,12,VAL,Success
file_brain_AXT2_209_6001248/processed/slice_13.mat,file_brain_AXT2_209_6001248,AXT2,13,VAL,Success
file_brain_AXT2_209_6001248/processed/slice_14.mat,file_brain_AXT2_209_6001248,AXT2,14,VAL,Success
file_brain_AXT2_209_6001248/processed/slice_15.mat,file_brain_AXT2_209_6001248,AXT2,15,VAL,Success
file_brain_AXT2_209_6001248/processed/slice_16.mat,file_brain_AXT2_209_6001248,AXT2,16,VAL,Success
file_brain_AXT2_209_6001261/processed/slice_1.mat,file_brain_AXT2_209_6001261,AXT2,1,TRAIN,Success
file_brain_AXT2_209_6001261/processed/slice_2.mat,file_brain_AXT2_209_6001261,AXT2,2,TRAIN,Success
file_brain_AXT2_209_6001261/processed/slice_3.mat,file_brain_AXT2_209_6001261,AXT2,3,TRAIN,Success
file_brain_AXT2_209_6001261/processed/slice_4.mat,file_brain_AXT2_209_6001261,AXT2,4,TRAIN,Success
file_brain_AXT2_209_6001261/processed/slice_5.mat,file_brain_AXT2_209_6001261,AXT2,5,TRAIN,Success
file_brain_AXT2_209_6001261/processed/slice_6.mat,file_brain_AXT2_209_6001261,AXT2,6,TRAIN,Success
file_brain_AXT2_209_6001261/processed/slice_7.mat,file_brain_AXT2_209_6001261,AXT2,7,TRAIN,Success
file_brain_AXT2_209_6001261/processed/slice_8.mat,file_brain_AXT2_209_6001261,AXT2,8,TRAIN,Success
file_brain_AXT2_209_6001261/processed/slice_9.mat,file_brain_AXT2_209_6001261,AXT2,9,TRAIN,Success
file_brain_AXT2_209_6001261/processed/slice_10.mat,file_brain_AXT2_209_6001261,AXT2,10,TRAIN,Success
file_brain_AXT2_209_6001261/processed/slice_11.mat,file_brain_AXT2_209_6001261,AXT2,11,TRAIN,Success
file_brain_AXT2_209_6001261/processed/slice_12.mat,file_brain_AXT2_209_6001261,AXT2,12,TRAIN,Success
file_brain_AXT2_209_6001261/processed/slice_13.mat,file_brain_AXT2_209_6001261,AXT2,13,TRAIN,Success
file_brain_AXT2_209_6001261/processed/slice_14.mat,file_brain_AXT2_209_6001261,AXT2,14,TRAIN,Success
file_brain_AXT2_209_6001261/processed/slice_15.mat,file_brain_AXT2_209_6001261,AXT2,15,TRAIN,Success
file_brain_AXT2_209_6001261/processed/slice_16.mat,file_brain_AXT2_209_6001261,AXT2,16,TRAIN,Success
file_brain_AXT2_209_6001317/processed/slice_1.mat,file_brain_AXT2_209_6001317,AXT2,1,VAL,Success
file_brain_AXT2_209_6001317/processed/slice_2.mat,file_brain_AXT2_209_6001317,AXT2,2,VAL,Success
file_brain_AXT2_209_6001317/processed/slice_3.mat,file_brain_AXT2_209_6001317,AXT2,3,VAL,Success
file_brain_AXT2_209_6001317/processed/slice_4.mat,file_brain_AXT2_209_6001317,AXT2,4,VAL,Success
file_brain_AXT2_209_6001317/processed/slice_5.mat,file_brain_AXT2_209_6001317,AXT2,5,VAL,Success
file_brain_AXT2_209_6001317/processed/slice_6.mat,file_brain_AXT2_209_6001317,AXT2,6,VAL,Success
file_brain_AXT2_209_6001317/processed/slice_7.mat,file_brain_AXT2_209_6001317,AXT2,7,VAL,Success
file_brain_AXT2_209_6001317/processed/slice_8.mat,file_brain_AXT2_209_6001317,AXT2,8,VAL,Success
file_brain_AXT2_209_6001317/processed/slice_9.mat,file_brain_AXT2_209_6001317,AXT2,9,VAL,Success
file_brain_AXT2_209_6001317/processed/slice_10.mat,file_brain_AXT2_209_6001317,AXT2,10,VAL,Success
file_brain_AXT2_209_6001317/processed/slice_11.mat,file_brain_AXT2_209_6001317,AXT2,11,VAL,Success
file_brain_AXT2_209_6001317/processed/slice_12.mat,file_brain_AXT2_209_6001317,AXT2,12,VAL,Success
file_brain_AXT2_209_6001317/processed/slice_13.mat,file_brain_AXT2_209_6001317,AXT2,13,VAL,Success
file_brain_AXT2_209_6001317/processed/slice_14.mat,file_brain_AXT2_209_6001317,AXT2,14,VAL,Success
file_brain_AXT2_209_6001328/processed/slice_1.mat,file_brain_AXT2_209_6001328,AXT2,1,VAL,Success
file_brain_AXT2_209_6001328/processed/slice_2.mat,file_brain_AXT2_209_6001328,AXT2,2,VAL,Success
file_brain_AXT2_209_6001328/processed/slice_3.mat,file_brain_AXT2_209_6001328,AXT2,3,VAL,Success
file_brain_AXT2_209_6001328/processed/slice_4.mat,file_brain_AXT2_209_6001328,AXT2,4,VAL,Success
file_brain_AXT2_209_6001328/processed/slice_5.mat,file_brain_AXT2_209_6001328,AXT2,5,VAL,Success
file_brain_AXT2_209_6001328/processed/slice_6.mat,file_brain_AXT2_209_6001328,AXT2,6,VAL,Success
file_brain_AXT2_209_6001328/processed/slice_7.mat,file_brain_AXT2_209_6001328,AXT2,7,VAL,Success
file_brain_AXT2_209_6001328/processed/slice_8.mat,file_brain_AXT2_209_6001328,AXT2,8,VAL,Success
file_brain_AXT2_209_6001328/processed/slice_9.mat,file_brain_AXT2_209_6001328,AXT2,9,VAL,Success
file_brain_AXT2_209_6001328/processed/slice_10.mat,file_brain_AXT2_209_6001328,AXT2,10,VAL,Success
file_brain_AXT2_209_6001328/processed/slice_11.mat,file_brain_AXT2_209_6001328,AXT2,11,VAL,Success
file_brain_AXT2_209_6001328/processed/slice_12.mat,file_brain_AXT2_209_6001328,AXT2,12,VAL,Success
file_brain_AXT2_209_6001328/processed/slice_13.mat,file_brain_AXT2_209_6001328,AXT2,13,VAL,Success
file_brain_AXT2_209_6001328/processed/slice_14.mat,file_brain_AXT2_209_6001328,AXT2,14,VAL,Success
file_brain_AXT2_209_6001328/processed/slice_15.mat,file_brain_AXT2_209_6001328,AXT2,15,VAL,Success
file_brain_AXT2_209_6001328/processed/slice_16.mat,file_brain_AXT2_209_6001328,AXT2,16,VAL,Success
file_brain_AXT2_209_6001384/processed/slice_1.mat,file_brain_AXT2_209_6001384,AXT2,1,TRAIN,Success
file_brain_AXT2_209_6001384/processed/slice_2.mat,file_brain_AXT2_209_6001384,AXT2,2,TRAIN,Success
file_brain_AXT2_209_6001384/processed/slice_3.mat,file_brain_AXT2_209_6001384,AXT2,3,TRAIN,Success
file_brain_AXT2_209_6001384/processed/slice_4.mat,file_brain_AXT2_209_6001384,AXT2,4,TRAIN,Success
file_brain_AXT2_209_6001384/processed/slice_5.mat,file_brain_AXT2_209_6001384,AXT2,5,TRAIN,Success
file_brain_AXT2_209_6001384/processed/slice_6.mat,file_brain_AXT2_209_6001384,AXT2,6,TRAIN,Success
file_brain_AXT2_209_6001384/processed/slice_7.mat,file_brain_AXT2_209_6001384,AXT2,7,TRAIN,Success
file_brain_AXT2_209_6001384/processed/slice_8.mat,file_brain_AXT2_209_6001384,AXT2,8,TRAIN,Success
file_brain_AXT2_209_6001384/processed/slice_9.mat,file_brain_AXT2_209_6001384,AXT2,9,TRAIN,Success
file_brain_AXT2_209_6001384/processed/slice_10.mat,file_brain_AXT2_209_6001384,AXT2,10,TRAIN,Success
file_brain_AXT2_209_6001384/processed/slice_11.mat,file_brain_AXT2_209_6001384,AXT2,11,TRAIN,Success
file_brain_AXT2_209_6001384/processed/slice_12.mat,file_brain_AXT2_209_6001384,AXT2,12,TRAIN,Success
file_brain_AXT2_209_6001384/processed/slice_13.mat,file_brain_AXT2_209_6001384,AXT2,13,TRAIN,Success
file_brain_AXT2_209_6001384/processed/slice_14.mat,file_brain_AXT2_209_6001384,AXT2,14,TRAIN,Success
file_brain_AXT2_209_6001384/processed/slice_15.mat,file_brain_AXT2_209_6001384,AXT2,15,TRAIN,Success
file_brain_AXT2_209_6001384/processed/slice_16.mat,file_brain_AXT2_209_6001384,AXT2,16,TRAIN,Success
file_brain_AXT2_209_6001420/processed/slice_1.mat,file_brain_AXT2_209_6001420,AXT2,1,TEST,Success
file_brain_AXT2_209_6001420/processed/slice_2.mat,file_brain_AXT2_209_6001420,AXT2,2,TEST,Success
file_brain_AXT2_209_6001420/processed/slice_3.mat,file_brain_AXT2_209_6001420,AXT2,3,TEST,Success
file_brain_AXT2_209_6001420/processed/slice_4.mat,file_brain_AXT2_209_6001420,AXT2,4,TEST,Success
file_brain_AXT2_209_6001420/processed/slice_5.mat,file_brain_AXT2_209_6001420,AXT2,5,TEST,Success
file_brain_AXT2_209_6001420/processed/slice_6.mat,file_brain_AXT2_209_6001420,AXT2,6,TEST,Success
file_brain_AXT2_209_6001420/processed/slice_7.mat,file_brain_AXT2_209_6001420,AXT2,7,TEST,Success
file_brain_AXT2_209_6001420/processed/slice_8.mat,file_brain_AXT2_209_6001420,AXT2,8,TEST,Success
file_brain_AXT2_209_6001420/processed/slice_9.mat,file_brain_AXT2_209_6001420,AXT2,9,TEST,Success
file_brain_AXT2_209_6001420/processed/slice_10.mat,file_brain_AXT2_209_6001420,AXT2,10,TEST,Success
file_brain_AXT2_209_6001420/processed/slice_11.mat,file_brain_AXT2_209_6001420,AXT2,11,TEST,Success
file_brain_AXT2_209_6001420/processed/slice_12.mat,file_brain_AXT2_209_6001420,AXT2,12,TEST,Success
file_brain_AXT2_209_6001420/processed/slice_13.mat,file_brain_AXT2_209_6001420,AXT2,13,TEST,Success
file_brain_AXT2_209_6001420/processed/slice_14.mat,file_brain_AXT2_209_6001420,AXT2,14,TEST,Success
file_brain_AXT2_209_6001420/processed/slice_15.mat,file_brain_AXT2_209_6001420,AXT2,15,TEST,Success
file_brain_AXT2_209_6001420/processed/slice_16.mat,file_brain_AXT2_209_6001420,AXT2,16,TEST,Success
file_brain_AXT2_209_6001425/processed/slice_1.mat,file_brain_AXT2_209_6001425,AXT2,1,TRAIN,Success
file_brain_AXT2_209_6001425/processed/slice_2.mat,file_brain_AXT2_209_6001425,AXT2,2,TRAIN,Success
file_brain_AXT2_209_6001425/processed/slice_3.mat,file_brain_AXT2_209_6001425,AXT2,3,TRAIN,Success
file_brain_AXT2_209_6001425/processed/slice_4.mat,file_brain_AXT2_209_6001425,AXT2,4,TRAIN,Success
file_brain_AXT2_209_6001425/processed/slice_5.mat,file_brain_AXT2_209_6001425,AXT2,5,TRAIN,Success
file_brain_AXT2_209_6001425/processed/slice_6.mat,file_brain_AXT2_209_6001425,AXT2,6,TRAIN,Success
file_brain_AXT2_209_6001425/processed/slice_7.mat,file_brain_AXT2_209_6001425,AXT2,7,TRAIN,Success
file_brain_AXT2_209_6001425/processed/slice_8.mat,file_brain_AXT2_209_6001425,AXT2,8,TRAIN,Success
file_brain_AXT2_209_6001425/processed/slice_9.mat,file_brain_AXT2_209_6001425,AXT2,9,TRAIN,Success
file_brain_AXT2_209_6001425/processed/slice_10.mat,file_brain_AXT2_209_6001425,AXT2,10,TRAIN,Success
file_brain_AXT2_209_6001425/processed/slice_11.mat,file_brain_AXT2_209_6001425,AXT2,11,TRAIN,Success
file_brain_AXT2_209_6001425/processed/slice_12.mat,file_brain_AXT2_209_6001425,AXT2,12,TRAIN,Success
file_brain_AXT2_209_6001425/processed/slice_13.mat,file_brain_AXT2_209_6001425,AXT2,13,TRAIN,Success
file_brain_AXT2_209_6001425/processed/slice_14.mat,file_brain_AXT2_209_6001425,AXT2,14,TRAIN,Success
file_brain_AXT2_209_6001425/processed/slice_15.mat,file_brain_AXT2_209_6001425,AXT2,15,TRAIN,Success
file_brain_AXT2_209_6001425/processed/slice_16.mat,file_brain_AXT2_209_6001425,AXT2,16,TRAIN,Success
file_brain_AXT2_209_6001432/processed/slice_1.mat,file_brain_AXT2_209_6001432,AXT2,1,VAL,Success
file_brain_AXT2_209_6001432/processed/slice_2.mat,file_brain_AXT2_209_6001432,AXT2,2,VAL,Success
file_brain_AXT2_209_6001432/processed/slice_3.mat,file_brain_AXT2_209_6001432,AXT2,3,VAL,Success
file_brain_AXT2_209_6001432/processed/slice_4.mat,file_brain_AXT2_209_6001432,AXT2,4,VAL,Success
file_brain_AXT2_209_6001432/processed/slice_5.mat,file_brain_AXT2_209_6001432,AXT2,5,VAL,Success
file_brain_AXT2_209_6001432/processed/slice_6.mat,file_brain_AXT2_209_6001432,AXT2,6,VAL,Success
file_brain_AXT2_209_6001432/processed/slice_7.mat,file_brain_AXT2_209_6001432,AXT2,7,VAL,Success
file_brain_AXT2_209_6001432/processed/slice_8.mat,file_brain_AXT2_209_6001432,AXT2,8,VAL,Success
file_brain_AXT2_209_6001432/processed/slice_9.mat,file_brain_AXT2_209_6001432,AXT2,9,VAL,Success
file_brain_AXT2_209_6001432/processed/slice_10.mat,file_brain_AXT2_209_6001432,AXT2,10,VAL,Success
file_brain_AXT2_209_6001432/processed/slice_11.mat,file_brain_AXT2_209_6001432,AXT2,11,VAL,Success
file_brain_AXT2_209_6001432/processed/slice_12.mat,file_brain_AXT2_209_6001432,AXT2,12,VAL,Success
file_brain_AXT2_209_6001432/processed/slice_13.mat,file_brain_AXT2_209_6001432,AXT2,13,VAL,Success
file_brain_AXT2_209_6001432/processed/slice_14.mat,file_brain_AXT2_209_6001432,AXT2,14,VAL,Success
file_brain_AXT2_209_6001432/processed/slice_15.mat,file_brain_AXT2_209_6001432,AXT2,15,VAL,Success
file_brain_AXT2_209_6001432/processed/slice_16.mat,file_brain_AXT2_209_6001432,AXT2,16,VAL,Success
file_brain_AXT2_209_6001436/processed/slice_1.mat,file_brain_AXT2_209_6001436,AXT2,1,TRAIN,Success
file_brain_AXT2_209_6001436/processed/slice_2.mat,file_brain_AXT2_209_6001436,AXT2,2,TRAIN,Success
file_brain_AXT2_209_6001436/processed/slice_3.mat,file_brain_AXT2_209_6001436,AXT2,3,TRAIN,Success
file_brain_AXT2_209_6001436/processed/slice_4.mat,file_brain_AXT2_209_6001436,AXT2,4,TRAIN,Success
file_brain_AXT2_209_6001436/processed/slice_5.mat,file_brain_AXT2_209_6001436,AXT2,5,TRAIN,Success
file_brain_AXT2_209_6001436/processed/slice_6.mat,file_brain_AXT2_209_6001436,AXT2,6,TRAIN,Success
file_brain_AXT2_209_6001436/processed/slice_7.mat,file_brain_AXT2_209_6001436,AXT2,7,TRAIN,Success
file_brain_AXT2_209_6001436/processed/slice_8.mat,file_brain_AXT2_209_6001436,AXT2,8,TRAIN,Success
file_brain_AXT2_209_6001436/processed/slice_9.mat,file_brain_AXT2_209_6001436,AXT2,9,TRAIN,Success
file_brain_AXT2_209_6001436/processed/slice_10.mat,file_brain_AXT2_209_6001436,AXT2,10,TRAIN,Success
file_brain_AXT2_209_6001436/processed/slice_11.mat,file_brain_AXT2_209_6001436,AXT2,11,TRAIN,Success
file_brain_AXT2_209_6001436/processed/slice_12.mat,file_brain_AXT2_209_6001436,AXT2,12,TRAIN,Success
file_brain_AXT2_209_6001436/processed/slice_13.mat,file_brain_AXT2_209_6001436,AXT2,13,TRAIN,Success
file_brain_AXT2_209_6001436/processed/slice_14.mat,file_brain_AXT2_209_6001436,AXT2,14,TRAIN,Success
file_brain_AXT2_209_6001436/processed/slice_15.mat,file_brain_AXT2_209_6001436,AXT2,15,TRAIN,Success
file_brain_AXT2_209_6001436/processed/slice_16.mat,file_brain_AXT2_209_6001436,AXT2,16,TRAIN,Success
file_brain_AXT2_209_6001459/processed/slice_1.mat,file_brain_AXT2_209_6001459,AXT2,1,VAL,Success
file_brain_AXT2_209_6001459/processed/slice_2.mat,file_brain_AXT2_209_6001459,AXT2,2,VAL,Success
file_brain_AXT2_209_6001459/processed/slice_3.mat,file_brain_AXT2_209_6001459,AXT2,3,VAL,Success
file_brain_AXT2_209_6001459/processed/slice_4.mat,file_brain_AXT2_209_6001459,AXT2,4,VAL,Success
file_brain_AXT2_209_6001459/processed/slice_5.mat,file_brain_AXT2_209_6001459,AXT2,5,VAL,Success
file_brain_AXT2_209_6001459/processed/slice_6.mat,file_brain_AXT2_209_6001459,AXT2,6,VAL,Success
file_brain_AXT2_209_6001459/processed/slice_7.mat,file_brain_AXT2_209_6001459,AXT2,7,VAL,Success
file_brain_AXT2_209_6001459/processed/slice_8.mat,file_brain_AXT2_209_6001459,AXT2,8,VAL,Success
file_brain_AXT2_209_6001459/processed/slice_9.mat,file_brain_AXT2_209_6001459,AXT2,9,VAL,Success
file_brain_AXT2_209_6001459/processed/slice_10.mat,file_brain_AXT2_209_6001459,AXT2,10,VAL,Success
file_brain_AXT2_209_6001459/processed/slice_11.mat,file_brain_AXT2_209_6001459,AXT2,11,VAL,Success
file_brain_AXT2_209_6001459/processed/slice_12.mat,file_brain_AXT2_209_6001459,AXT2,12,VAL,Success
file_brain_AXT2_209_6001459/processed/slice_13.mat,file_brain_AXT2_209_6001459,AXT2,13,VAL,Success
file_brain_AXT2_209_6001459/processed/slice_14.mat,file_brain_AXT2_209_6001459,AXT2,14,VAL,Success
file_brain_AXT2_209_6001459/processed/slice_15.mat,file_brain_AXT2_209_6001459,AXT2,15,VAL,Success
file_brain_AXT2_209_6001459/processed/slice_16.mat,file_brain_AXT2_209_6001459,AXT2,16,VAL,Success
file_brain_AXT2_209_6001463/processed/slice_1.mat,file_brain_AXT2_209_6001463,AXT2,1,TRAIN,Success
file_brain_AXT2_209_6001463/processed/slice_2.mat,file_brain_AXT2_209_6001463,AXT2,2,TRAIN,Success
file_brain_AXT2_209_6001463/processed/slice_3.mat,file_brain_AXT2_209_6001463,AXT2,3,TRAIN,Success
file_brain_AXT2_209_6001463/processed/slice_4.mat,file_brain_AXT2_209_6001463,AXT2,4,TRAIN,Success
file_brain_AXT2_209_6001463/processed/slice_5.mat,file_brain_AXT2_209_6001463,AXT2,5,TRAIN,Success
file_brain_AXT2_209_6001463/processed/slice_6.mat,file_brain_AXT2_209_6001463,AXT2,6,TRAIN,Success
file_brain_AXT2_209_6001463/processed/slice_7.mat,file_brain_AXT2_209_6001463,AXT2,7,TRAIN,Success
file_brain_AXT2_209_6001463/processed/slice_8.mat,file_brain_AXT2_209_6001463,AXT2,8,TRAIN,Success
file_brain_AXT2_209_6001463/processed/slice_9.mat,file_brain_AXT2_209_6001463,AXT2,9,TRAIN,Success
file_brain_AXT2_209_6001463/processed/slice_10.mat,file_brain_AXT2_209_6001463,AXT2,10,TRAIN,Success
file_brain_AXT2_209_6001463/processed/slice_11.mat,file_brain_AXT2_209_6001463,AXT2,11,TRAIN,Success
file_brain_AXT2_209_6001463/processed/slice_12.mat,file_brain_AXT2_209_6001463,AXT2,12,TRAIN,Success
file_brain_AXT2_209_6001463/processed/slice_13.mat,file_brain_AXT2_209_6001463,AXT2,13,TRAIN,Success
file_brain_AXT2_209_6001463/processed/slice_14.mat,file_brain_AXT2_209_6001463,AXT2,14,TRAIN,Success
file_brain_AXT2_209_6001463/processed/slice_15.mat,file_brain_AXT2_209_6001463,AXT2,15,TRAIN,Success
file_brain_AXT2_209_6001463/processed/slice_16.mat,file_brain_AXT2_209_6001463,AXT2,16,TRAIN,Success
file_brain_AXT2_210_2100064/processed/slice_1.mat,file_brain_AXT2_210_2100064,AXT2,1,TRAIN,Success
file_brain_AXT2_210_2100064/processed/slice_2.mat,file_brain_AXT2_210_2100064,AXT2,2,TRAIN,Success
file_brain_AXT2_210_2100064/processed/slice_3.mat,file_brain_AXT2_210_2100064,AXT2,3,TRAIN,Success
file_brain_AXT2_210_2100064/processed/slice_4.mat,file_brain_AXT2_210_2100064,AXT2,4,TRAIN,Success
file_brain_AXT2_210_2100064/processed/slice_5.mat,file_brain_AXT2_210_2100064,AXT2,5,TRAIN,Success
file_brain_AXT2_210_2100064/processed/slice_6.mat,file_brain_AXT2_210_2100064,AXT2,6,TRAIN,Success
file_brain_AXT2_210_2100064/processed/slice_7.mat,file_brain_AXT2_210_2100064,AXT2,7,TRAIN,Success
file_brain_AXT2_210_2100064/processed/slice_8.mat,file_brain_AXT2_210_2100064,AXT2,8,TRAIN,Success
file_brain_AXT2_210_2100064/processed/slice_9.mat,file_brain_AXT2_210_2100064,AXT2,9,TRAIN,Success
file_brain_AXT2_210_2100064/processed/slice_10.mat,file_brain_AXT2_210_2100064,AXT2,10,TRAIN,Success
file_brain_AXT2_210_2100064/processed/slice_11.mat,file_brain_AXT2_210_2100064,AXT2,11,TRAIN,Success
file_brain_AXT2_210_2100064/processed/slice_12.mat,file_brain_AXT2_210_2100064,AXT2,12,TRAIN,Success
file_brain_AXT2_210_2100064/processed/slice_13.mat,file_brain_AXT2_210_2100064,AXT2,13,TRAIN,Success
file_brain_AXT2_210_2100064/processed/slice_14.mat,file_brain_AXT2_210_2100064,AXT2,14,TRAIN,Success
file_brain_AXT2_210_2100064/processed/slice_15.mat,file_brain_AXT2_210_2100064,AXT2,15,TRAIN,Success
file_brain_AXT2_210_2100064/processed/slice_16.mat,file_brain_AXT2_210_2100064,AXT2,16,TRAIN,Success
file_brain_AXT2_210_2100075/processed/slice_1.mat,file_brain_AXT2_210_2100075,AXT2,1,TEST,Success
file_brain_AXT2_210_2100075/processed/slice_2.mat,file_brain_AXT2_210_2100075,AXT2,2,TEST,Success
file_brain_AXT2_210_2100075/processed/slice_3.mat,file_brain_AXT2_210_2100075,AXT2,3,TEST,Success
file_brain_AXT2_210_2100075/processed/slice_4.mat,file_brain_AXT2_210_2100075,AXT2,4,TEST,Success
file_brain_AXT2_210_2100075/processed/slice_5.mat,file_brain_AXT2_210_2100075,AXT2,5,TEST,Success
file_brain_AXT2_210_2100075/processed/slice_6.mat,file_brain_AXT2_210_2100075,AXT2,6,TEST,Success
file_brain_AXT2_210_2100075/processed/slice_7.mat,file_brain_AXT2_210_2100075,AXT2,7,TEST,Success
file_brain_AXT2_210_2100075/processed/slice_8.mat,file_brain_AXT2_210_2100075,AXT2,8,TEST,Success
file_brain_AXT2_210_2100075/processed/slice_9.mat,file_brain_AXT2_210_2100075,AXT2,9,TEST,Success
file_brain_AXT2_210_2100075/processed/slice_10.mat,file_brain_AXT2_210_2100075,AXT2,10,TEST,Success
file_brain_AXT2_210_2100075/processed/slice_11.mat,file_brain_AXT2_210_2100075,AXT2,11,TEST,Success
file_brain_AXT2_210_2100075/processed/slice_12.mat,file_brain_AXT2_210_2100075,AXT2,12,TEST,Success
file_brain_AXT2_210_2100075/processed/slice_13.mat,file_brain_AXT2_210_2100075,AXT2,13,TEST,Success
file_brain_AXT2_210_2100075/processed/slice_14.mat,file_brain_AXT2_210_2100075,AXT2,14,TEST,Success
file_brain_AXT2_210_2100075/processed/slice_15.mat,file_brain_AXT2_210_2100075,AXT2,15,TEST,Success
file_brain_AXT2_210_2100075/processed/slice_16.mat,file_brain_AXT2_210_2100075,AXT2,16,TEST,Success
file_brain_AXT2_210_2100079/processed/slice_1.mat,file_brain_AXT2_210_2100079,AXT2,1,TRAIN,Success
file_brain_AXT2_210_2100079/processed/slice_2.mat,file_brain_AXT2_210_2100079,AXT2,2,TRAIN,Success
file_brain_AXT2_210_2100079/processed/slice_3.mat,file_brain_AXT2_210_2100079,AXT2,3,TRAIN,Success
file_brain_AXT2_210_2100079/processed/slice_4.mat,file_brain_AXT2_210_2100079,AXT2,4,TRAIN,Success
file_brain_AXT2_210_2100079/processed/slice_5.mat,file_brain_AXT2_210_2100079,AXT2,5,TRAIN,Success
file_brain_AXT2_210_2100079/processed/slice_6.mat,file_brain_AXT2_210_2100079,AXT2,6,TRAIN,Success
file_brain_AXT2_210_2100079/processed/slice_7.mat,file_brain_AXT2_210_2100079,AXT2,7,TRAIN,Success
file_brain_AXT2_210_2100079/processed/slice_8.mat,file_brain_AXT2_210_2100079,AXT2,8,TRAIN,Success
file_brain_AXT2_210_2100079/processed/slice_9.mat,file_brain_AXT2_210_2100079,AXT2,9,TRAIN,Success
file_brain_AXT2_210_2100079/processed/slice_10.mat,file_brain_AXT2_210_2100079,AXT2,10,TRAIN,Success
file_brain_AXT2_210_2100079/processed/slice_11.mat,file_brain_AXT2_210_2100079,AXT2,11,TRAIN,Success
file_brain_AXT2_210_2100079/processed/slice_12.mat,file_brain_AXT2_210_2100079,AXT2,12,TRAIN,Success
file_brain_AXT2_210_2100079/processed/slice_13.mat,file_brain_AXT2_210_2100079,AXT2,13,TRAIN,Success
file_brain_AXT2_210_2100079/processed/slice_14.mat,file_brain_AXT2_210_2100079,AXT2,14,TRAIN,Success
file_brain_AXT2_210_2100079/processed/slice_15.mat,file_brain_AXT2_210_2100079,AXT2,15,TRAIN,Success
file_brain_AXT2_210_2100079/processed/slice_16.mat,file_brain_AXT2_210_2100079,AXT2,16,TRAIN,Success
file_brain_AXT2_210_2100083/processed/slice_1.mat,file_brain_AXT2_210_2100083,AXT2,1,TRAIN,Success
file_brain_AXT2_210_2100083/processed/slice_2.mat,file_brain_AXT2_210_2100083,AXT2,2,TRAIN,Success
file_brain_AXT2_210_2100083/processed/slice_3.mat,file_brain_AXT2_210_2100083,AXT2,3,TRAIN,Success
file_brain_AXT2_210_2100083/processed/slice_4.mat,file_brain_AXT2_210_2100083,AXT2,4,TRAIN,Success
file_brain_AXT2_210_2100083/processed/slice_5.mat,file_brain_AXT2_210_2100083,AXT2,5,TRAIN,Success
file_brain_AXT2_210_2100083/processed/slice_6.mat,file_brain_AXT2_210_2100083,AXT2,6,TRAIN,Success
file_brain_AXT2_210_2100083/processed/slice_7.mat,file_brain_AXT2_210_2100083,AXT2,7,TRAIN,Success
file_brain_AXT2_210_2100083/processed/slice_8.mat,file_brain_AXT2_210_2100083,AXT2,8,TRAIN,Success
file_brain_AXT2_210_2100083/processed/slice_9.mat,file_brain_AXT2_210_2100083,AXT2,9,TRAIN,Success
file_brain_AXT2_210_2100083/processed/slice_10.mat,file_brain_AXT2_210_2100083,AXT2,10,TRAIN,Success
file_brain_AXT2_210_2100083/processed/slice_11.mat,file_brain_AXT2_210_2100083,AXT2,11,TRAIN,Success
file_brain_AXT2_210_2100083/processed/slice_12.mat,file_brain_AXT2_210_2100083,AXT2,12,TRAIN,Success
file_brain_AXT2_210_2100083/processed/slice_13.mat,file_brain_AXT2_210_2100083,AXT2,13,TRAIN,Success
file_brain_AXT2_210_2100083/processed/slice_14.mat,file_brain_AXT2_210_2100083,AXT2,14,TRAIN,Success
file_brain_AXT2_210_2100083/processed/slice_15.mat,file_brain_AXT2_210_2100083,AXT2,15,TRAIN,Success
file_brain_AXT2_210_2100083/processed/slice_16.mat,file_brain_AXT2_210_2100083,AXT2,16,TRAIN,Success
file_brain_AXT2_210_2100086/processed/slice_1.mat,file_brain_AXT2_210_2100086,AXT2,1,TEST,Success
file_brain_AXT2_210_2100086/processed/slice_2.mat,file_brain_AXT2_210_2100086,AXT2,2,TEST,Success
file_brain_AXT2_210_2100086/processed/slice_3.mat,file_brain_AXT2_210_2100086,AXT2,3,TEST,Success
file_brain_AXT2_210_2100086/processed/slice_4.mat,file_brain_AXT2_210_2100086,AXT2,4,TEST,Success
file_brain_AXT2_210_2100086/processed/slice_5.mat,file_brain_AXT2_210_2100086,AXT2,5,TEST,Success
file_brain_AXT2_210_2100086/processed/slice_6.mat,file_brain_AXT2_210_2100086,AXT2,6,TEST,Success
file_brain_AXT2_210_2100086/processed/slice_7.mat,file_brain_AXT2_210_2100086,AXT2,7,TEST,Success
file_brain_AXT2_210_2100086/processed/slice_8.mat,file_brain_AXT2_210_2100086,AXT2,8,TEST,Success
file_brain_AXT2_210_2100086/processed/slice_9.mat,file_brain_AXT2_210_2100086,AXT2,9,TEST,Success
file_brain_AXT2_210_2100086/processed/slice_10.mat,file_brain_AXT2_210_2100086,AXT2,10,TEST,Success
file_brain_AXT2_210_2100086/processed/slice_11.mat,file_brain_AXT2_210_2100086,AXT2,11,TEST,Success
file_brain_AXT2_210_2100086/processed/slice_12.mat,file_brain_AXT2_210_2100086,AXT2,12,TEST,Success
file_brain_AXT2_210_2100086/processed/slice_13.mat,file_brain_AXT2_210_2100086,AXT2,13,TEST,Success
file_brain_AXT2_210_2100086/processed/slice_14.mat,file_brain_AXT2_210_2100086,AXT2,14,TEST,Success
file_brain_AXT2_210_2100086/processed/slice_15.mat,file_brain_AXT2_210_2100086,AXT2,15,TEST,Success
file_brain_AXT2_210_2100086/processed/slice_16.mat,file_brain_AXT2_210_2100086,AXT2,16,TEST,Success
file_brain_AXT2_210_2100090/processed/slice_1.mat,file_brain_AXT2_210_2100090,AXT2,1,TEST,Success
file_brain_AXT2_210_2100090/processed/slice_2.mat,file_brain_AXT2_210_2100090,AXT2,2,TEST,Success
file_brain_AXT2_210_2100090/processed/slice_3.mat,file_brain_AXT2_210_2100090,AXT2,3,TEST,Success
file_brain_AXT2_210_2100090/processed/slice_4.mat,file_brain_AXT2_210_2100090,AXT2,4,TEST,Success
file_brain_AXT2_210_2100090/processed/slice_5.mat,file_brain_AXT2_210_2100090,AXT2,5,TEST,Success
file_brain_AXT2_210_2100090/processed/slice_6.mat,file_brain_AXT2_210_2100090,AXT2,6,TEST,Success
file_brain_AXT2_210_2100090/processed/slice_7.mat,file_brain_AXT2_210_2100090,AXT2,7,TEST,Success
file_brain_AXT2_210_2100090/processed/slice_8.mat,file_brain_AXT2_210_2100090,AXT2,8,TEST,Success
file_brain_AXT2_210_2100090/processed/slice_9.mat,file_brain_AXT2_210_2100090,AXT2,9,TEST,Success
file_brain_AXT2_210_2100090/processed/slice_10.mat,file_brain_AXT2_210_2100090,AXT2,10,TEST,Success
file_brain_AXT2_210_2100090/processed/slice_11.mat,file_brain_AXT2_210_2100090,AXT2,11,TEST,Success
file_brain_AXT2_210_2100090/processed/slice_12.mat,file_brain_AXT2_210_2100090,AXT2,12,TEST,Success
file_brain_AXT2_210_2100090/processed/slice_13.mat,file_brain_AXT2_210_2100090,AXT2,13,TEST,Success
file_brain_AXT2_210_2100090/processed/slice_14.mat,file_brain_AXT2_210_2100090,AXT2,14,TEST,Success
file_brain_AXT2_210_2100090/processed/slice_15.mat,file_brain_AXT2_210_2100090,AXT2,15,TEST,Success
file_brain_AXT2_210_2100090/processed/slice_16.mat,file_brain_AXT2_210_2100090,AXT2,16,TEST,Success
file_brain_AXT2_210_2100105/processed/slice_1.mat,file_brain_AXT2_210_2100105,AXT2,1,TRAIN,Success
file_brain_AXT2_210_2100105/processed/slice_2.mat,file_brain_AXT2_210_2100105,AXT2,2,TRAIN,Success
file_brain_AXT2_210_2100105/processed/slice_3.mat,file_brain_AXT2_210_2100105,AXT2,3,TRAIN,Success
file_brain_AXT2_210_2100105/processed/slice_4.mat,file_brain_AXT2_210_2100105,AXT2,4,TRAIN,Success
file_brain_AXT2_210_2100105/processed/slice_5.mat,file_brain_AXT2_210_2100105,AXT2,5,TRAIN,Success
file_brain_AXT2_210_2100105/processed/slice_6.mat,file_brain_AXT2_210_2100105,AXT2,6,TRAIN,Success
file_brain_AXT2_210_2100105/processed/slice_7.mat,file_brain_AXT2_210_2100105,AXT2,7,TRAIN,Success
file_brain_AXT2_210_2100105/processed/slice_8.mat,file_brain_AXT2_210_2100105,AXT2,8,TRAIN,Success
file_brain_AXT2_210_2100105/processed/slice_9.mat,file_brain_AXT2_210_2100105,AXT2,9,TRAIN,Success
file_brain_AXT2_210_2100105/processed/slice_10.mat,file_brain_AXT2_210_2100105,AXT2,10,TRAIN,Success
file_brain_AXT2_210_2100105/processed/slice_11.mat,file_brain_AXT2_210_2100105,AXT2,11,TRAIN,Success
file_brain_AXT2_210_2100105/processed/slice_12.mat,file_brain_AXT2_210_2100105,AXT2,12,TRAIN,Success
file_brain_AXT2_210_2100105/processed/slice_13.mat,file_brain_AXT2_210_2100105,AXT2,13,TRAIN,Success
file_brain_AXT2_210_2100105/processed/slice_14.mat,file_brain_AXT2_210_2100105,AXT2,14,TRAIN,Success
file_brain_AXT2_210_2100105/processed/slice_15.mat,file_brain_AXT2_210_2100105,AXT2,15,TRAIN,Success
file_brain_AXT2_210_2100105/processed/slice_16.mat,file_brain_AXT2_210_2100105,AXT2,16,TRAIN,Success
file_brain_AXT2_210_2100135/processed/slice_1.mat,file_brain_AXT2_210_2100135,AXT2,1,TRAIN,Success
file_brain_AXT2_210_2100135/processed/slice_2.mat,file_brain_AXT2_210_2100135,AXT2,2,TRAIN,Success
file_brain_AXT2_210_2100135/processed/slice_3.mat,file_brain_AXT2_210_2100135,AXT2,3,TRAIN,Success
file_brain_AXT2_210_2100135/processed/slice_4.mat,file_brain_AXT2_210_2100135,AXT2,4,TRAIN,Success
file_brain_AXT2_210_2100135/processed/slice_5.mat,file_brain_AXT2_210_2100135,AXT2,5,TRAIN,Success
file_brain_AXT2_210_2100135/processed/slice_6.mat,file_brain_AXT2_210_2100135,AXT2,6,TRAIN,Success
file_brain_AXT2_210_2100135/processed/slice_7.mat,file_brain_AXT2_210_2100135,AXT2,7,TRAIN,Success
file_brain_AXT2_210_2100135/processed/slice_8.mat,file_brain_AXT2_210_2100135,AXT2,8,TRAIN,Success
file_brain_AXT2_210_2100135/processed/slice_9.mat,file_brain_AXT2_210_2100135,AXT2,9,TRAIN,Success
file_brain_AXT2_210_2100135/processed/slice_10.mat,file_brain_AXT2_210_2100135,AXT2,10,TRAIN,Success
file_brain_AXT2_210_2100135/processed/slice_11.mat,file_brain_AXT2_210_2100135,AXT2,11,TRAIN,Success
file_brain_AXT2_210_2100135/processed/slice_12.mat,file_brain_AXT2_210_2100135,AXT2,12,TRAIN,Success
file_brain_AXT2_210_2100135/processed/slice_13.mat,file_brain_AXT2_210_2100135,AXT2,13,TRAIN,Success
file_brain_AXT2_210_2100135/processed/slice_14.mat,file_brain_AXT2_210_2100135,AXT2,14,TRAIN,Success
file_brain_AXT2_210_2100135/processed/slice_15.mat,file_brain_AXT2_210_2100135,AXT2,15,TRAIN,Success
file_brain_AXT2_210_2100135/processed/slice_16.mat,file_brain_AXT2_210_2100135,AXT2,16,TRAIN,Success
file_brain_AXT2_210_2100136/processed/slice_1.mat,file_brain_AXT2_210_2100136,AXT2,1,TRAIN,Success
file_brain_AXT2_210_2100136/processed/slice_2.mat,file_brain_AXT2_210_2100136,AXT2,2,TRAIN,Success
file_brain_AXT2_210_2100136/processed/slice_3.mat,file_brain_AXT2_210_2100136,AXT2,3,TRAIN,Success
file_brain_AXT2_210_2100136/processed/slice_4.mat,file_brain_AXT2_210_2100136,AXT2,4,TRAIN,Success
file_brain_AXT2_210_2100136/processed/slice_5.mat,file_brain_AXT2_210_2100136,AXT2,5,TRAIN,Success
file_brain_AXT2_210_2100136/processed/slice_6.mat,file_brain_AXT2_210_2100136,AXT2,6,TRAIN,Success
file_brain_AXT2_210_2100136/processed/slice_7.mat,file_brain_AXT2_210_2100136,AXT2,7,TRAIN,Success
file_brain_AXT2_210_2100136/processed/slice_8.mat,file_brain_AXT2_210_2100136,AXT2,8,TRAIN,Success
file_brain_AXT2_210_2100136/processed/slice_9.mat,file_brain_AXT2_210_2100136,AXT2,9,TRAIN,Success
file_brain_AXT2_210_2100136/processed/slice_10.mat,file_brain_AXT2_210_2100136,AXT2,10,TRAIN,Success
file_brain_AXT2_210_2100136/processed/slice_11.mat,file_brain_AXT2_210_2100136,AXT2,11,TRAIN,Success
file_brain_AXT2_210_2100136/processed/slice_12.mat,file_brain_AXT2_210_2100136,AXT2,12,TRAIN,Success
file_brain_AXT2_210_2100136/processed/slice_13.mat,file_brain_AXT2_210_2100136,AXT2,13,TRAIN,Success
file_brain_AXT2_210_2100136/processed/slice_14.mat,file_brain_AXT2_210_2100136,AXT2,14,TRAIN,Success
file_brain_AXT2_210_2100136/processed/slice_15.mat,file_brain_AXT2_210_2100136,AXT2,15,TRAIN,Success
file_brain_AXT2_210_2100136/processed/slice_16.mat,file_brain_AXT2_210_2100136,AXT2,16,TRAIN,Success
file_brain_AXT2_210_2100201/processed/slice_1.mat,file_brain_AXT2_210_2100201,AXT2,1,TRAIN,Success
file_brain_AXT2_210_2100201/processed/slice_2.mat,file_brain_AXT2_210_2100201,AXT2,2,TRAIN,Success
file_brain_AXT2_210_2100201/processed/slice_3.mat,file_brain_AXT2_210_2100201,AXT2,3,TRAIN,Success
file_brain_AXT2_210_2100201/processed/slice_4.mat,file_brain_AXT2_210_2100201,AXT2,4,TRAIN,Success
file_brain_AXT2_210_2100201/processed/slice_5.mat,file_brain_AXT2_210_2100201,AXT2,5,TRAIN,Success
file_brain_AXT2_210_2100201/processed/slice_6.mat,file_brain_AXT2_210_2100201,AXT2,6,TRAIN,Success
file_brain_AXT2_210_2100201/processed/slice_7.mat,file_brain_AXT2_210_2100201,AXT2,7,TRAIN,Success
file_brain_AXT2_210_2100201/processed/slice_8.mat,file_brain_AXT2_210_2100201,AXT2,8,TRAIN,Success
file_brain_AXT2_210_2100201/processed/slice_9.mat,file_brain_AXT2_210_2100201,AXT2,9,TRAIN,Success
file_brain_AXT2_210_2100201/processed/slice_10.mat,file_brain_AXT2_210_2100201,AXT2,10,TRAIN,Success
file_brain_AXT2_210_2100201/processed/slice_11.mat,file_brain_AXT2_210_2100201,AXT2,11,TRAIN,Success
file_brain_AXT2_210_2100201/processed/slice_12.mat,file_brain_AXT2_210_2100201,AXT2,12,TRAIN,Success
file_brain_AXT2_210_2100201/processed/slice_13.mat,file_brain_AXT2_210_2100201,AXT2,13,TRAIN,Success
file_brain_AXT2_210_2100201/processed/slice_14.mat,file_brain_AXT2_210_2100201,AXT2,14,TRAIN,Success
file_brain_AXT2_210_2100201/processed/slice_15.mat,file_brain_AXT2_210_2100201,AXT2,15,TRAIN,Success
file_brain_AXT2_210_2100201/processed/slice_16.mat,file_brain_AXT2_210_2100201,AXT2,16,TRAIN,Success
file_brain_AXT2_210_2100225/processed/slice_1.mat,file_brain_AXT2_210_2100225,AXT2,1,TRAIN,Success
file_brain_AXT2_210_2100225/processed/slice_2.mat,file_brain_AXT2_210_2100225,AXT2,2,TRAIN,Success
file_brain_AXT2_210_2100225/processed/slice_3.mat,file_brain_AXT2_210_2100225,AXT2,3,TRAIN,Success
file_brain_AXT2_210_2100225/processed/slice_4.mat,file_brain_AXT2_210_2100225,AXT2,4,TRAIN,Success
file_brain_AXT2_210_2100225/processed/slice_5.mat,file_brain_AXT2_210_2100225,AXT2,5,TRAIN,Success
file_brain_AXT2_210_2100225/processed/slice_6.mat,file_brain_AXT2_210_2100225,AXT2,6,TRAIN,Success
file_brain_AXT2_210_2100225/processed/slice_7.mat,file_brain_AXT2_210_2100225,AXT2,7,TRAIN,Success
file_brain_AXT2_210_2100225/processed/slice_8.mat,file_brain_AXT2_210_2100225,AXT2,8,TRAIN,Success
file_brain_AXT2_210_2100225/processed/slice_9.mat,file_brain_AXT2_210_2100225,AXT2,9,TRAIN,Success
file_brain_AXT2_210_2100225/processed/slice_10.mat,file_brain_AXT2_210_2100225,AXT2,10,TRAIN,Success
file_brain_AXT2_210_2100225/processed/slice_11.mat,file_brain_AXT2_210_2100225,AXT2,11,TRAIN,Success
file_brain_AXT2_210_2100225/processed/slice_12.mat,file_brain_AXT2_210_2100225,AXT2,12,TRAIN,Success
file_brain_AXT2_210_2100225/processed/slice_13.mat,file_brain_AXT2_210_2100225,AXT2,13,TRAIN,Success
file_brain_AXT2_210_2100225/processed/slice_14.mat,file_brain_AXT2_210_2100225,AXT2,14,TRAIN,Success
file_brain_AXT2_210_2100225/processed/slice_15.mat,file_brain_AXT2_210_2100225,AXT2,15,TRAIN,Success
file_brain_AXT2_210_2100225/processed/slice_16.mat,file_brain_AXT2_210_2100225,AXT2,16,TRAIN,Success
file_brain_AXT2_210_2100260/processed/slice_1.mat,file_brain_AXT2_210_2100260,AXT2,1,TRAIN,Success
file_brain_AXT2_210_2100260/processed/slice_2.mat,file_brain_AXT2_210_2100260,AXT2,2,TRAIN,Success
file_brain_AXT2_210_2100260/processed/slice_3.mat,file_brain_AXT2_210_2100260,AXT2,3,TRAIN,Success
file_brain_AXT2_210_2100260/processed/slice_4.mat,file_brain_AXT2_210_2100260,AXT2,4,TRAIN,Success
file_brain_AXT2_210_2100260/processed/slice_5.mat,file_brain_AXT2_210_2100260,AXT2,5,TRAIN,Success
file_brain_AXT2_210_2100260/processed/slice_6.mat,file_brain_AXT2_210_2100260,AXT2,6,TRAIN,Success
file_brain_AXT2_210_2100260/processed/slice_7.mat,file_brain_AXT2_210_2100260,AXT2,7,TRAIN,Success
file_brain_AXT2_210_2100260/processed/slice_8.mat,file_brain_AXT2_210_2100260,AXT2,8,TRAIN,Success
file_brain_AXT2_210_2100260/processed/slice_9.mat,file_brain_AXT2_210_2100260,AXT2,9,TRAIN,Success
file_brain_AXT2_210_2100260/processed/slice_10.mat,file_brain_AXT2_210_2100260,AXT2,10,TRAIN,Success
file_brain_AXT2_210_2100260/processed/slice_11.mat,file_brain_AXT2_210_2100260,AXT2,11,TRAIN,Success
file_brain_AXT2_210_2100260/processed/slice_12.mat,file_brain_AXT2_210_2100260,AXT2,12,TRAIN,Success
file_brain_AXT2_210_2100260/processed/slice_13.mat,file_brain_AXT2_210_2100260,AXT2,13,TRAIN,Success
file_brain_AXT2_210_2100260/processed/slice_14.mat,file_brain_AXT2_210_2100260,AXT2,14,TRAIN,Success
file_brain_AXT2_210_2100260/processed/slice_15.mat,file_brain_AXT2_210_2100260,AXT2,15,TRAIN,Success
file_brain_AXT2_210_2100260/processed/slice_16.mat,file_brain_AXT2_210_2100260,AXT2,16,TRAIN,Success
file_brain_AXT2_210_2100276/processed/slice_1.mat,file_brain_AXT2_210_2100276,AXT2,1,VAL,Success
file_brain_AXT2_210_2100276/processed/slice_2.mat,file_brain_AXT2_210_2100276,AXT2,2,VAL,Success
file_brain_AXT2_210_2100276/processed/slice_3.mat,file_brain_AXT2_210_2100276,AXT2,3,VAL,Success
file_brain_AXT2_210_2100276/processed/slice_4.mat,file_brain_AXT2_210_2100276,AXT2,4,VAL,Success
file_brain_AXT2_210_2100276/processed/slice_5.mat,file_brain_AXT2_210_2100276,AXT2,5,VAL,Success
file_brain_AXT2_210_2100276/processed/slice_6.mat,file_brain_AXT2_210_2100276,AXT2,6,VAL,Success
file_brain_AXT2_210_2100276/processed/slice_7.mat,file_brain_AXT2_210_2100276,AXT2,7,VAL,Success
file_brain_AXT2_210_2100276/processed/slice_8.mat,file_brain_AXT2_210_2100276,AXT2,8,VAL,Success
file_brain_AXT2_210_2100276/processed/slice_9.mat,file_brain_AXT2_210_2100276,AXT2,9,VAL,Success
file_brain_AXT2_210_2100276/processed/slice_10.mat,file_brain_AXT2_210_2100276,AXT2,10,VAL,Success
file_brain_AXT2_210_2100276/processed/slice_11.mat,file_brain_AXT2_210_2100276,AXT2,11,VAL,Success
file_brain_AXT2_210_2100276/processed/slice_12.mat,file_brain_AXT2_210_2100276,AXT2,12,VAL,Success
file_brain_AXT2_210_2100276/processed/slice_13.mat,file_brain_AXT2_210_2100276,AXT2,13,VAL,Success
file_brain_AXT2_210_2100276/processed/slice_14.mat,file_brain_AXT2_210_2100276,AXT2,14,VAL,Success
file_brain_AXT2_210_2100276/processed/slice_15.mat,file_brain_AXT2_210_2100276,AXT2,15,VAL,Success
file_brain_AXT2_210_2100276/processed/slice_16.mat,file_brain_AXT2_210_2100276,AXT2,16,VAL,Success
file_brain_AXT2_210_2100288/processed/slice_1.mat,file_brain_AXT2_210_2100288,AXT2,1,VAL,Success
file_brain_AXT2_210_2100288/processed/slice_2.mat,file_brain_AXT2_210_2100288,AXT2,2,VAL,Success
file_brain_AXT2_210_2100288/processed/slice_3.mat,file_brain_AXT2_210_2100288,AXT2,3,VAL,Success
file_brain_AXT2_210_2100288/processed/slice_4.mat,file_brain_AXT2_210_2100288,AXT2,4,VAL,Success
file_brain_AXT2_210_2100288/processed/slice_5.mat,file_brain_AXT2_210_2100288,AXT2,5,VAL,Success
file_brain_AXT2_210_2100288/processed/slice_6.mat,file_brain_AXT2_210_2100288,AXT2,6,VAL,Success
file_brain_AXT2_210_2100288/processed/slice_7.mat,file_brain_AXT2_210_2100288,AXT2,7,VAL,Success
file_brain_AXT2_210_2100288/processed/slice_8.mat,file_brain_AXT2_210_2100288,AXT2,8,VAL,Success
file_brain_AXT2_210_2100288/processed/slice_9.mat,file_brain_AXT2_210_2100288,AXT2,9,VAL,Success
file_brain_AXT2_210_2100288/processed/slice_10.mat,file_brain_AXT2_210_2100288,AXT2,10,VAL,Success
file_brain_AXT2_210_2100288/processed/slice_11.mat,file_brain_AXT2_210_2100288,AXT2,11,VAL,Success
file_brain_AXT2_210_2100288/processed/slice_12.mat,file_brain_AXT2_210_2100288,AXT2,12,VAL,Success
file_brain_AXT2_210_2100288/processed/slice_13.mat,file_brain_AXT2_210_2100288,AXT2,13,VAL,Success
file_brain_AXT2_210_2100288/processed/slice_14.mat,file_brain_AXT2_210_2100288,AXT2,14,VAL,Success
file_brain_AXT2_210_2100288/processed/slice_15.mat,file_brain_AXT2_210_2100288,AXT2,15,VAL,Success
file_brain_AXT2_210_2100288/processed/slice_16.mat,file_brain_AXT2_210_2100288,AXT2,16,VAL,Success
file_brain_AXT2_210_2100306/processed/slice_1.mat,file_brain_AXT2_210_2100306,AXT2,1,VAL,Success
file_brain_AXT2_210_2100306/processed/slice_2.mat,file_brain_AXT2_210_2100306,AXT2,2,VAL,Success
file_brain_AXT2_210_2100306/processed/slice_3.mat,file_brain_AXT2_210_2100306,AXT2,3,VAL,Success
file_brain_AXT2_210_2100306/processed/slice_4.mat,file_brain_AXT2_210_2100306,AXT2,4,VAL,Success
file_brain_AXT2_210_2100306/processed/slice_5.mat,file_brain_AXT2_210_2100306,AXT2,5,VAL,Success
file_brain_AXT2_210_2100306/processed/slice_6.mat,file_brain_AXT2_210_2100306,AXT2,6,VAL,Success
file_brain_AXT2_210_2100306/processed/slice_7.mat,file_brain_AXT2_210_2100306,AXT2,7,VAL,Success
file_brain_AXT2_210_2100306/processed/slice_8.mat,file_brain_AXT2_210_2100306,AXT2,8,VAL,Success
file_brain_AXT2_210_2100306/processed/slice_9.mat,file_brain_AXT2_210_2100306,AXT2,9,VAL,Success
file_brain_AXT2_210_2100306/processed/slice_10.mat,file_brain_AXT2_210_2100306,AXT2,10,VAL,Success
file_brain_AXT2_210_2100306/processed/slice_11.mat,file_brain_AXT2_210_2100306,AXT2,11,VAL,Success
file_brain_AXT2_210_2100306/processed/slice_12.mat,file_brain_AXT2_210_2100306,AXT2,12,VAL,Success
file_brain_AXT2_210_2100306/processed/slice_13.mat,file_brain_AXT2_210_2100306,AXT2,13,VAL,Success
file_brain_AXT2_210_2100306/processed/slice_14.mat,file_brain_AXT2_210_2100306,AXT2,14,VAL,Success
file_brain_AXT2_210_2100306/processed/slice_15.mat,file_brain_AXT2_210_2100306,AXT2,15,VAL,Success
file_brain_AXT2_210_2100306/processed/slice_16.mat,file_brain_AXT2_210_2100306,AXT2,16,VAL,Success
file_brain_AXT2_210_2100311/processed/slice_1.mat,file_brain_AXT2_210_2100311,AXT2,1,TRAIN,Success
file_brain_AXT2_210_2100311/processed/slice_2.mat,file_brain_AXT2_210_2100311,AXT2,2,TRAIN,Success
file_brain_AXT2_210_2100311/processed/slice_3.mat,file_brain_AXT2_210_2100311,AXT2,3,TRAIN,Success
file_brain_AXT2_210_2100311/processed/slice_4.mat,file_brain_AXT2_210_2100311,AXT2,4,TRAIN,Success
file_brain_AXT2_210_2100311/processed/slice_5.mat,file_brain_AXT2_210_2100311,AXT2,5,TRAIN,Success
file_brain_AXT2_210_2100311/processed/slice_6.mat,file_brain_AXT2_210_2100311,AXT2,6,TRAIN,Success
file_brain_AXT2_210_2100311/processed/slice_7.mat,file_brain_AXT2_210_2100311,AXT2,7,TRAIN,Success
file_brain_AXT2_210_2100311/processed/slice_8.mat,file_brain_AXT2_210_2100311,AXT2,8,TRAIN,Success
file_brain_AXT2_210_2100311/processed/slice_9.mat,file_brain_AXT2_210_2100311,AXT2,9,TRAIN,Success
file_brain_AXT2_210_2100311/processed/slice_10.mat,file_brain_AXT2_210_2100311,AXT2,10,TRAIN,Success
file_brain_AXT2_210_2100311/processed/slice_11.mat,file_brain_AXT2_210_2100311,AXT2,11,TRAIN,Success
file_brain_AXT2_210_2100311/processed/slice_12.mat,file_brain_AXT2_210_2100311,AXT2,12,TRAIN,Success
file_brain_AXT2_210_2100311/processed/slice_13.mat,file_brain_AXT2_210_2100311,AXT2,13,TRAIN,Success
file_brain_AXT2_210_2100311/processed/slice_14.mat,file_brain_AXT2_210_2100311,AXT2,14,TRAIN,Success
file_brain_AXT2_210_2100311/processed/slice_15.mat,file_brain_AXT2_210_2100311,AXT2,15,TRAIN,Success
file_brain_AXT2_210_2100311/processed/slice_16.mat,file_brain_AXT2_210_2100311,AXT2,16,TRAIN,Success
file_brain_AXT2_210_2100334/processed/slice_1.mat,file_brain_AXT2_210_2100334,AXT2,1,TRAIN,Success
file_brain_AXT2_210_2100334/processed/slice_2.mat,file_brain_AXT2_210_2100334,AXT2,2,TRAIN,Success
file_brain_AXT2_210_2100334/processed/slice_3.mat,file_brain_AXT2_210_2100334,AXT2,3,TRAIN,Success
file_brain_AXT2_210_2100334/processed/slice_4.mat,file_brain_AXT2_210_2100334,AXT2,4,TRAIN,Success
file_brain_AXT2_210_2100334/processed/slice_5.mat,file_brain_AXT2_210_2100334,AXT2,5,TRAIN,Success
file_brain_AXT2_210_2100334/processed/slice_6.mat,file_brain_AXT2_210_2100334,AXT2,6,TRAIN,Success
file_brain_AXT2_210_2100334/processed/slice_7.mat,file_brain_AXT2_210_2100334,AXT2,7,TRAIN,Success
file_brain_AXT2_210_2100334/processed/slice_8.mat,file_brain_AXT2_210_2100334,AXT2,8,TRAIN,Success
file_brain_AXT2_210_2100334/processed/slice_9.mat,file_brain_AXT2_210_2100334,AXT2,9,TRAIN,Success
file_brain_AXT2_210_2100334/processed/slice_10.mat,file_brain_AXT2_210_2100334,AXT2,10,TRAIN,Success
file_brain_AXT2_210_2100334/processed/slice_11.mat,file_brain_AXT2_210_2100334,AXT2,11,TRAIN,Success
file_brain_AXT2_210_2100334/processed/slice_12.mat,file_brain_AXT2_210_2100334,AXT2,12,TRAIN,Success
file_brain_AXT2_210_2100334/processed/slice_13.mat,file_brain_AXT2_210_2100334,AXT2,13,TRAIN,Success
file_brain_AXT2_210_2100334/processed/slice_14.mat,file_brain_AXT2_210_2100334,AXT2,14,TRAIN,Success
file_brain_AXT2_210_2100334/processed/slice_15.mat,file_brain_AXT2_210_2100334,AXT2,15,TRAIN,Success
file_brain_AXT2_210_2100334/processed/slice_16.mat,file_brain_AXT2_210_2100334,AXT2,16,TRAIN,Success
file_brain_AXT2_210_2100343/processed/slice_1.mat,file_brain_AXT2_210_2100343,AXT2,1,TRAIN,Success
file_brain_AXT2_210_2100343/processed/slice_2.mat,file_brain_AXT2_210_2100343,AXT2,2,TRAIN,Success
file_brain_AXT2_210_2100343/processed/slice_3.mat,file_brain_AXT2_210_2100343,AXT2,3,TRAIN,Success
file_brain_AXT2_210_2100343/processed/slice_4.mat,file_brain_AXT2_210_2100343,AXT2,4,TRAIN,Success
file_brain_AXT2_210_2100343/processed/slice_5.mat,file_brain_AXT2_210_2100343,AXT2,5,TRAIN,Success
file_brain_AXT2_210_2100343/processed/slice_6.mat,file_brain_AXT2_210_2100343,AXT2,6,TRAIN,Success
file_brain_AXT2_210_2100343/processed/slice_7.mat,file_brain_AXT2_210_2100343,AXT2,7,TRAIN,Success
file_brain_AXT2_210_2100343/processed/slice_8.mat,file_brain_AXT2_210_2100343,AXT2,8,TRAIN,Success
file_brain_AXT2_210_2100343/processed/slice_9.mat,file_brain_AXT2_210_2100343,AXT2,9,TRAIN,Success
file_brain_AXT2_210_2100343/processed/slice_10.mat,file_brain_AXT2_210_2100343,AXT2,10,TRAIN,Success
file_brain_AXT2_210_2100343/processed/slice_11.mat,file_brain_AXT2_210_2100343,AXT2,11,TRAIN,Success
file_brain_AXT2_210_2100343/processed/slice_12.mat,file_brain_AXT2_210_2100343,AXT2,12,TRAIN,Success
file_brain_AXT2_210_2100343/processed/slice_13.mat,file_brain_AXT2_210_2100343,AXT2,13,TRAIN,Success
file_brain_AXT2_210_2100343/processed/slice_14.mat,file_brain_AXT2_210_2100343,AXT2,14,TRAIN,Success
file_brain_AXT2_210_2100343/processed/slice_15.mat,file_brain_AXT2_210_2100343,AXT2,15,TRAIN,Success
file_brain_AXT2_210_2100343/processed/slice_16.mat,file_brain_AXT2_210_2100343,AXT2,16,TRAIN,Success
file_brain_AXT2_210_2100345/processed/slice_1.mat,file_brain_AXT2_210_2100345,AXT2,1,TRAIN,Success
file_brain_AXT2_210_2100345/processed/slice_2.mat,file_brain_AXT2_210_2100345,AXT2,2,TRAIN,Success
file_brain_AXT2_210_2100345/processed/slice_3.mat,file_brain_AXT2_210_2100345,AXT2,3,TRAIN,Success
file_brain_AXT2_210_2100345/processed/slice_4.mat,file_brain_AXT2_210_2100345,AXT2,4,TRAIN,Success
file_brain_AXT2_210_2100345/processed/slice_5.mat,file_brain_AXT2_210_2100345,AXT2,5,TRAIN,Success
file_brain_AXT2_210_2100345/processed/slice_6.mat,file_brain_AXT2_210_2100345,AXT2,6,TRAIN,Success
file_brain_AXT2_210_2100345/processed/slice_7.mat,file_brain_AXT2_210_2100345,AXT2,7,TRAIN,Success
file_brain_AXT2_210_2100345/processed/slice_8.mat,file_brain_AXT2_210_2100345,AXT2,8,TRAIN,Success
file_brain_AXT2_210_2100345/processed/slice_9.mat,file_brain_AXT2_210_2100345,AXT2,9,TRAIN,Success
file_brain_AXT2_210_2100345/processed/slice_10.mat,file_brain_AXT2_210_2100345,AXT2,10,TRAIN,Success
file_brain_AXT2_210_2100345/processed/slice_11.mat,file_brain_AXT2_210_2100345,AXT2,11,TRAIN,Success
file_brain_AXT2_210_2100345/processed/slice_12.mat,file_brain_AXT2_210_2100345,AXT2,12,TRAIN,Success
file_brain_AXT2_210_2100345/processed/slice_13.mat,file_brain_AXT2_210_2100345,AXT2,13,TRAIN,Success
file_brain_AXT2_210_2100345/processed/slice_14.mat,file_brain_AXT2_210_2100345,AXT2,14,TRAIN,Success
file_brain_AXT2_210_2100345/processed/slice_15.mat,file_brain_AXT2_210_2100345,AXT2,15,TRAIN,Success
file_brain_AXT2_210_2100345/processed/slice_16.mat,file_brain_AXT2_210_2100345,AXT2,16,TRAIN,Success
file_brain_AXT2_210_2100365/processed/slice_1.mat,file_brain_AXT2_210_2100365,AXT2,1,TRAIN,Success
file_brain_AXT2_210_2100365/processed/slice_2.mat,file_brain_AXT2_210_2100365,AXT2,2,TRAIN,Success
file_brain_AXT2_210_2100365/processed/slice_3.mat,file_brain_AXT2_210_2100365,AXT2,3,TRAIN,Success
file_brain_AXT2_210_2100365/processed/slice_4.mat,file_brain_AXT2_210_2100365,AXT2,4,TRAIN,Success
file_brain_AXT2_210_2100365/processed/slice_5.mat,file_brain_AXT2_210_2100365,AXT2,5,TRAIN,Success
file_brain_AXT2_210_2100365/processed/slice_6.mat,file_brain_AXT2_210_2100365,AXT2,6,TRAIN,Success
file_brain_AXT2_210_2100365/processed/slice_7.mat,file_brain_AXT2_210_2100365,AXT2,7,TRAIN,Success
file_brain_AXT2_210_2100365/processed/slice_8.mat,file_brain_AXT2_210_2100365,AXT2,8,TRAIN,Success
file_brain_AXT2_210_2100365/processed/slice_9.mat,file_brain_AXT2_210_2100365,AXT2,9,TRAIN,Success
file_brain_AXT2_210_2100365/processed/slice_10.mat,file_brain_AXT2_210_2100365,AXT2,10,TRAIN,Success
file_brain_AXT2_210_2100365/processed/slice_11.mat,file_brain_AXT2_210_2100365,AXT2,11,TRAIN,Success
file_brain_AXT2_210_2100365/processed/slice_12.mat,file_brain_AXT2_210_2100365,AXT2,12,TRAIN,Success
file_brain_AXT2_210_2100365/processed/slice_13.mat,file_brain_AXT2_210_2100365,AXT2,13,TRAIN,Success
file_brain_AXT2_210_2100365/processed/slice_14.mat,file_brain_AXT2_210_2100365,AXT2,14,TRAIN,Success
file_brain_AXT2_210_2100365/processed/slice_15.mat,file_brain_AXT2_210_2100365,AXT2,15,TRAIN,Success
file_brain_AXT2_210_2100365/processed/slice_16.mat,file_brain_AXT2_210_2100365,AXT2,16,TRAIN,Success
file_brain_AXT2_210_2100368/processed/slice_1.mat,file_brain_AXT2_210_2100368,AXT2,1,VAL,Success
file_brain_AXT2_210_2100368/processed/slice_2.mat,file_brain_AXT2_210_2100368,AXT2,2,VAL,Success
file_brain_AXT2_210_2100368/processed/slice_3.mat,file_brain_AXT2_210_2100368,AXT2,3,VAL,Success
file_brain_AXT2_210_2100368/processed/slice_4.mat,file_brain_AXT2_210_2100368,AXT2,4,VAL,Success
file_brain_AXT2_210_2100368/processed/slice_5.mat,file_brain_AXT2_210_2100368,AXT2,5,VAL,Success
file_brain_AXT2_210_2100368/processed/slice_6.mat,file_brain_AXT2_210_2100368,AXT2,6,VAL,Success
file_brain_AXT2_210_2100368/processed/slice_7.mat,file_brain_AXT2_210_2100368,AXT2,7,VAL,Success
file_brain_AXT2_210_2100368/processed/slice_8.mat,file_brain_AXT2_210_2100368,AXT2,8,VAL,Success
file_brain_AXT2_210_2100368/processed/slice_9.mat,file_brain_AXT2_210_2100368,AXT2,9,VAL,Success
file_brain_AXT2_210_2100368/processed/slice_10.mat,file_brain_AXT2_210_2100368,AXT2,10,VAL,Success
file_brain_AXT2_210_2100368/processed/slice_11.mat,file_brain_AXT2_210_2100368,AXT2,11,VAL,Success
file_brain_AXT2_210_2100368/processed/slice_12.mat,file_brain_AXT2_210_2100368,AXT2,12,VAL,Success
file_brain_AXT2_210_2100368/processed/slice_13.mat,file_brain_AXT2_210_2100368,AXT2,13,VAL,Success
file_brain_AXT2_210_2100368/processed/slice_14.mat,file_brain_AXT2_210_2100368,AXT2,14,VAL,Success
file_brain_AXT2_210_2100368/processed/slice_15.mat,file_brain_AXT2_210_2100368,AXT2,15,VAL,Success
file_brain_AXT2_210_2100368/processed/slice_16.mat,file_brain_AXT2_210_2100368,AXT2,16,VAL,Success
file_brain_AXT2_210_6001491/processed/slice_1.mat,file_brain_AXT2_210_6001491,AXT2,1,TRAIN,Success
file_brain_AXT2_210_6001491/processed/slice_2.mat,file_brain_AXT2_210_6001491,AXT2,2,TRAIN,Success
file_brain_AXT2_210_6001491/processed/slice_3.mat,file_brain_AXT2_210_6001491,AXT2,3,TRAIN,Success
file_brain_AXT2_210_6001491/processed/slice_4.mat,file_brain_AXT2_210_6001491,AXT2,4,TRAIN,Success
file_brain_AXT2_210_6001491/processed/slice_5.mat,file_brain_AXT2_210_6001491,AXT2,5,TRAIN,Success
file_brain_AXT2_210_6001491/processed/slice_6.mat,file_brain_AXT2_210_6001491,AXT2,6,TRAIN,Success
file_brain_AXT2_210_6001491/processed/slice_7.mat,file_brain_AXT2_210_6001491,AXT2,7,TRAIN,Success
file_brain_AXT2_210_6001491/processed/slice_8.mat,file_brain_AXT2_210_6001491,AXT2,8,TRAIN,Success
file_brain_AXT2_210_6001491/processed/slice_9.mat,file_brain_AXT2_210_6001491,AXT2,9,TRAIN,Success
file_brain_AXT2_210_6001491/processed/slice_10.mat,file_brain_AXT2_210_6001491,AXT2,10,TRAIN,Success
file_brain_AXT2_210_6001491/processed/slice_11.mat,file_brain_AXT2_210_6001491,AXT2,11,TRAIN,Success
file_brain_AXT2_210_6001491/processed/slice_12.mat,file_brain_AXT2_210_6001491,AXT2,12,TRAIN,Success
file_brain_AXT2_210_6001491/processed/slice_13.mat,file_brain_AXT2_210_6001491,AXT2,13,TRAIN,Success
file_brain_AXT2_210_6001491/processed/slice_14.mat,file_brain_AXT2_210_6001491,AXT2,14,TRAIN,Success
file_brain_AXT2_210_6001491/processed/slice_15.mat,file_brain_AXT2_210_6001491,AXT2,15,TRAIN,Success
file_brain_AXT2_210_6001491/processed/slice_16.mat,file_brain_AXT2_210_6001491,AXT2,16,TRAIN,Success
file_brain_AXT2_210_6001506/processed/slice_1.mat,file_brain_AXT2_210_6001506,AXT2,1,TRAIN,Success
file_brain_AXT2_210_6001506/processed/slice_2.mat,file_brain_AXT2_210_6001506,AXT2,2,TRAIN,Success
file_brain_AXT2_210_6001506/processed/slice_3.mat,file_brain_AXT2_210_6001506,AXT2,3,TRAIN,Success
file_brain_AXT2_210_6001506/processed/slice_4.mat,file_brain_AXT2_210_6001506,AXT2,4,TRAIN,Success
file_brain_AXT2_210_6001506/processed/slice_5.mat,file_brain_AXT2_210_6001506,AXT2,5,TRAIN,Success
file_brain_AXT2_210_6001506/processed/slice_6.mat,file_brain_AXT2_210_6001506,AXT2,6,TRAIN,Success
file_brain_AXT2_210_6001506/processed/slice_7.mat,file_brain_AXT2_210_6001506,AXT2,7,TRAIN,Success
file_brain_AXT2_210_6001506/processed/slice_8.mat,file_brain_AXT2_210_6001506,AXT2,8,TRAIN,Success
file_brain_AXT2_210_6001506/processed/slice_9.mat,file_brain_AXT2_210_6001506,AXT2,9,TRAIN,Success
file_brain_AXT2_210_6001506/processed/slice_10.mat,file_brain_AXT2_210_6001506,AXT2,10,TRAIN,Success
file_brain_AXT2_210_6001506/processed/slice_11.mat,file_brain_AXT2_210_6001506,AXT2,11,TRAIN,Success
file_brain_AXT2_210_6001506/processed/slice_12.mat,file_brain_AXT2_210_6001506,AXT2,12,TRAIN,Success
file_brain_AXT2_210_6001506/processed/slice_13.mat,file_brain_AXT2_210_6001506,AXT2,13,TRAIN,Success
file_brain_AXT2_210_6001506/processed/slice_14.mat,file_brain_AXT2_210_6001506,AXT2,14,TRAIN,Success
file_brain_AXT2_210_6001506/processed/slice_15.mat,file_brain_AXT2_210_6001506,AXT2,15,TRAIN,Success
file_brain_AXT2_210_6001506/processed/slice_16.mat,file_brain_AXT2_210_6001506,AXT2,16,TRAIN,Success
file_brain_AXT2_210_6001515/processed/slice_1.mat,file_brain_AXT2_210_6001515,AXT2,1,TRAIN,Success
file_brain_AXT2_210_6001515/processed/slice_2.mat,file_brain_AXT2_210_6001515,AXT2,2,TRAIN,Success
file_brain_AXT2_210_6001515/processed/slice_3.mat,file_brain_AXT2_210_6001515,AXT2,3,TRAIN,Success
file_brain_AXT2_210_6001515/processed/slice_4.mat,file_brain_AXT2_210_6001515,AXT2,4,TRAIN,Success
file_brain_AXT2_210_6001515/processed/slice_5.mat,file_brain_AXT2_210_6001515,AXT2,5,TRAIN,Success
file_brain_AXT2_210_6001515/processed/slice_6.mat,file_brain_AXT2_210_6001515,AXT2,6,TRAIN,Success
file_brain_AXT2_210_6001515/processed/slice_7.mat,file_brain_AXT2_210_6001515,AXT2,7,TRAIN,Success
file_brain_AXT2_210_6001515/processed/slice_8.mat,file_brain_AXT2_210_6001515,AXT2,8,TRAIN,Success
file_brain_AXT2_210_6001515/processed/slice_9.mat,file_brain_AXT2_210_6001515,AXT2,9,TRAIN,Success
file_brain_AXT2_210_6001515/processed/slice_10.mat,file_brain_AXT2_210_6001515,AXT2,10,TRAIN,Success
file_brain_AXT2_210_6001515/processed/slice_11.mat,file_brain_AXT2_210_6001515,AXT2,11,TRAIN,Success
file_brain_AXT2_210_6001515/processed/slice_12.mat,file_brain_AXT2_210_6001515,AXT2,12,TRAIN,Success
file_brain_AXT2_210_6001515/processed/slice_13.mat,file_brain_AXT2_210_6001515,AXT2,13,TRAIN,Success
file_brain_AXT2_210_6001515/processed/slice_14.mat,file_brain_AXT2_210_6001515,AXT2,14,TRAIN,Success
file_brain_AXT2_210_6001515/processed/slice_15.mat,file_brain_AXT2_210_6001515,AXT2,15,TRAIN,Success
file_brain_AXT2_210_6001515/processed/slice_16.mat,file_brain_AXT2_210_6001515,AXT2,16,TRAIN,Success
file_brain_AXT2_210_6001518/processed/slice_1.mat,file_brain_AXT2_210_6001518,AXT2,1,VAL,Success
file_brain_AXT2_210_6001518/processed/slice_2.mat,file_brain_AXT2_210_6001518,AXT2,2,VAL,Success
file_brain_AXT2_210_6001518/processed/slice_3.mat,file_brain_AXT2_210_6001518,AXT2,3,VAL,Success
file_brain_AXT2_210_6001518/processed/slice_4.mat,file_brain_AXT2_210_6001518,AXT2,4,VAL,Success
file_brain_AXT2_210_6001518/processed/slice_5.mat,file_brain_AXT2_210_6001518,AXT2,5,VAL,Success
file_brain_AXT2_210_6001518/processed/slice_6.mat,file_brain_AXT2_210_6001518,AXT2,6,VAL,Success
file_brain_AXT2_210_6001518/processed/slice_7.mat,file_brain_AXT2_210_6001518,AXT2,7,VAL,Success
file_brain_AXT2_210_6001518/processed/slice_8.mat,file_brain_AXT2_210_6001518,AXT2,8,VAL,Success
file_brain_AXT2_210_6001518/processed/slice_9.mat,file_brain_AXT2_210_6001518,AXT2,9,VAL,Success
file_brain_AXT2_210_6001518/processed/slice_10.mat,file_brain_AXT2_210_6001518,AXT2,10,VAL,Success
file_brain_AXT2_210_6001518/processed/slice_11.mat,file_brain_AXT2_210_6001518,AXT2,11,VAL,Success
file_brain_AXT2_210_6001518/processed/slice_12.mat,file_brain_AXT2_210_6001518,AXT2,12,VAL,Success
file_brain_AXT2_210_6001518/processed/slice_13.mat,file_brain_AXT2_210_6001518,AXT2,13,VAL,Success
file_brain_AXT2_210_6001518/processed/slice_14.mat,file_brain_AXT2_210_6001518,AXT2,14,VAL,Success
file_brain_AXT2_210_6001518/processed/slice_15.mat,file_brain_AXT2_210_6001518,AXT2,15,VAL,Success
file_brain_AXT2_210_6001518/processed/slice_16.mat,file_brain_AXT2_210_6001518,AXT2,16,VAL,Success
file_brain_AXT2_210_6001524/processed/slice_1.mat,file_brain_AXT2_210_6001524,AXT2,1,TRAIN,Success
file_brain_AXT2_210_6001524/processed/slice_2.mat,file_brain_AXT2_210_6001524,AXT2,2,TRAIN,Success
file_brain_AXT2_210_6001524/processed/slice_3.mat,file_brain_AXT2_210_6001524,AXT2,3,TRAIN,Success
file_brain_AXT2_210_6001524/processed/slice_4.mat,file_brain_AXT2_210_6001524,AXT2,4,TRAIN,Success
file_brain_AXT2_210_6001524/processed/slice_5.mat,file_brain_AXT2_210_6001524,AXT2,5,TRAIN,Success
file_brain_AXT2_210_6001524/processed/slice_6.mat,file_brain_AXT2_210_6001524,AXT2,6,TRAIN,Success
file_brain_AXT2_210_6001524/processed/slice_7.mat,file_brain_AXT2_210_6001524,AXT2,7,TRAIN,Success
file_brain_AXT2_210_6001524/processed/slice_8.mat,file_brain_AXT2_210_6001524,AXT2,8,TRAIN,Success
file_brain_AXT2_210_6001524/processed/slice_9.mat,file_brain_AXT2_210_6001524,AXT2,9,TRAIN,Success
file_brain_AXT2_210_6001524/processed/slice_10.mat,file_brain_AXT2_210_6001524,AXT2,10,TRAIN,Success
file_brain_AXT2_210_6001524/processed/slice_11.mat,file_brain_AXT2_210_6001524,AXT2,11,TRAIN,Success
file_brain_AXT2_210_6001524/processed/slice_12.mat,file_brain_AXT2_210_6001524,AXT2,12,TRAIN,Success
file_brain_AXT2_210_6001524/processed/slice_13.mat,file_brain_AXT2_210_6001524,AXT2,13,TRAIN,Success
file_brain_AXT2_210_6001524/processed/slice_14.mat,file_brain_AXT2_210_6001524,AXT2,14,TRAIN,Success
file_brain_AXT2_210_6001524/processed/slice_15.mat,file_brain_AXT2_210_6001524,AXT2,15,TRAIN,Success
file_brain_AXT2_210_6001524/processed/slice_16.mat,file_brain_AXT2_210_6001524,AXT2,16,TRAIN,Success
file_brain_AXT2_210_6001532/processed/slice_1.mat,file_brain_AXT2_210_6001532,AXT2,1,TRAIN,Success
file_brain_AXT2_210_6001532/processed/slice_2.mat,file_brain_AXT2_210_6001532,AXT2,2,TRAIN,Success
file_brain_AXT2_210_6001532/processed/slice_3.mat,file_brain_AXT2_210_6001532,AXT2,3,TRAIN,Success
file_brain_AXT2_210_6001532/processed/slice_4.mat,file_brain_AXT2_210_6001532,AXT2,4,TRAIN,Success
file_brain_AXT2_210_6001532/processed/slice_5.mat,file_brain_AXT2_210_6001532,AXT2,5,TRAIN,Success
file_brain_AXT2_210_6001532/processed/slice_6.mat,file_brain_AXT2_210_6001532,AXT2,6,TRAIN,Success
file_brain_AXT2_210_6001532/processed/slice_7.mat,file_brain_AXT2_210_6001532,AXT2,7,TRAIN,Success
file_brain_AXT2_210_6001532/processed/slice_8.mat,file_brain_AXT2_210_6001532,AXT2,8,TRAIN,Success
file_brain_AXT2_210_6001532/processed/slice_9.mat,file_brain_AXT2_210_6001532,AXT2,9,TRAIN,Success
file_brain_AXT2_210_6001532/processed/slice_10.mat,file_brain_AXT2_210_6001532,AXT2,10,TRAIN,Success
file_brain_AXT2_210_6001532/processed/slice_11.mat,file_brain_AXT2_210_6001532,AXT2,11,TRAIN,Success
file_brain_AXT2_210_6001532/processed/slice_12.mat,file_brain_AXT2_210_6001532,AXT2,12,TRAIN,Success
file_brain_AXT2_210_6001532/processed/slice_13.mat,file_brain_AXT2_210_6001532,AXT2,13,TRAIN,Success
file_brain_AXT2_210_6001532/processed/slice_14.mat,file_brain_AXT2_210_6001532,AXT2,14,TRAIN,Success
file_brain_AXT2_210_6001532/processed/slice_15.mat,file_brain_AXT2_210_6001532,AXT2,15,TRAIN,Success
file_brain_AXT2_210_6001532/processed/slice_16.mat,file_brain_AXT2_210_6001532,AXT2,16,TRAIN,Success
file_brain_AXT2_210_6001534/processed/slice_1.mat,file_brain_AXT2_210_6001534,AXT2,1,TRAIN,Success
file_brain_AXT2_210_6001534/processed/slice_2.mat,file_brain_AXT2_210_6001534,AXT2,2,TRAIN,Success
file_brain_AXT2_210_6001534/processed/slice_3.mat,file_brain_AXT2_210_6001534,AXT2,3,TRAIN,Success
file_brain_AXT2_210_6001534/processed/slice_4.mat,file_brain_AXT2_210_6001534,AXT2,4,TRAIN,Success
file_brain_AXT2_210_6001534/processed/slice_5.mat,file_brain_AXT2_210_6001534,AXT2,5,TRAIN,Success
file_brain_AXT2_210_6001534/processed/slice_6.mat,file_brain_AXT2_210_6001534,AXT2,6,TRAIN,Success
file_brain_AXT2_210_6001534/processed/slice_7.mat,file_brain_AXT2_210_6001534,AXT2,7,TRAIN,Success
file_brain_AXT2_210_6001534/processed/slice_8.mat,file_brain_AXT2_210_6001534,AXT2,8,TRAIN,Success
file_brain_AXT2_210_6001534/processed/slice_9.mat,file_brain_AXT2_210_6001534,AXT2,9,TRAIN,Success
file_brain_AXT2_210_6001534/processed/slice_10.mat,file_brain_AXT2_210_6001534,AXT2,10,TRAIN,Success
file_brain_AXT2_210_6001534/processed/slice_11.mat,file_brain_AXT2_210_6001534,AXT2,11,TRAIN,Success
file_brain_AXT2_210_6001534/processed/slice_12.mat,file_brain_AXT2_210_6001534,AXT2,12,TRAIN,Success
file_brain_AXT2_210_6001534/processed/slice_13.mat,file_brain_AXT2_210_6001534,AXT2,13,TRAIN,Success
file_brain_AXT2_210_6001534/processed/slice_14.mat,file_brain_AXT2_210_6001534,AXT2,14,TRAIN,Success
file_brain_AXT2_210_6001534/processed/slice_15.mat,file_brain_AXT2_210_6001534,AXT2,15,TRAIN,Success
file_brain_AXT2_210_6001534/processed/slice_16.mat,file_brain_AXT2_210_6001534,AXT2,16,TRAIN,Success
file_brain_AXT2_210_6001546/processed/slice_1.mat,file_brain_AXT2_210_6001546,AXT2,1,TRAIN,Success
file_brain_AXT2_210_6001546/processed/slice_2.mat,file_brain_AXT2_210_6001546,AXT2,2,TRAIN,Success
file_brain_AXT2_210_6001546/processed/slice_3.mat,file_brain_AXT2_210_6001546,AXT2,3,TRAIN,Success
file_brain_AXT2_210_6001546/processed/slice_4.mat,file_brain_AXT2_210_6001546,AXT2,4,TRAIN,Success
file_brain_AXT2_210_6001546/processed/slice_5.mat,file_brain_AXT2_210_6001546,AXT2,5,TRAIN,Success
file_brain_AXT2_210_6001546/processed/slice_6.mat,file_brain_AXT2_210_6001546,AXT2,6,TRAIN,Success
file_brain_AXT2_210_6001546/processed/slice_7.mat,file_brain_AXT2_210_6001546,AXT2,7,TRAIN,Success
file_brain_AXT2_210_6001546/processed/slice_8.mat,file_brain_AXT2_210_6001546,AXT2,8,TRAIN,Success
file_brain_AXT2_210_6001546/processed/slice_9.mat,file_brain_AXT2_210_6001546,AXT2,9,TRAIN,Success
file_brain_AXT2_210_6001546/processed/slice_10.mat,file_brain_AXT2_210_6001546,AXT2,10,TRAIN,Success
file_brain_AXT2_210_6001546/processed/slice_11.mat,file_brain_AXT2_210_6001546,AXT2,11,TRAIN,Success
file_brain_AXT2_210_6001546/processed/slice_12.mat,file_brain_AXT2_210_6001546,AXT2,12,TRAIN,Success
file_brain_AXT2_210_6001546/processed/slice_13.mat,file_brain_AXT2_210_6001546,AXT2,13,TRAIN,Success
file_brain_AXT2_210_6001546/processed/slice_14.mat,file_brain_AXT2_210_6001546,AXT2,14,TRAIN,Success
file_brain_AXT2_210_6001583/processed/slice_1.mat,file_brain_AXT2_210_6001583,AXT2,1,TRAIN,Success
file_brain_AXT2_210_6001583/processed/slice_2.mat,file_brain_AXT2_210_6001583,AXT2,2,TRAIN,Success
file_brain_AXT2_210_6001583/processed/slice_3.mat,file_brain_AXT2_210_6001583,AXT2,3,TRAIN,Success
file_brain_AXT2_210_6001583/processed/slice_4.mat,file_brain_AXT2_210_6001583,AXT2,4,TRAIN,Success
file_brain_AXT2_210_6001583/processed/slice_5.mat,file_brain_AXT2_210_6001583,AXT2,5,TRAIN,Success
file_brain_AXT2_210_6001583/processed/slice_6.mat,file_brain_AXT2_210_6001583,AXT2,6,TRAIN,Success
file_brain_AXT2_210_6001583/processed/slice_7.mat,file_brain_AXT2_210_6001583,AXT2,7,TRAIN,Success
file_brain_AXT2_210_6001583/processed/slice_8.mat,file_brain_AXT2_210_6001583,AXT2,8,TRAIN,Success
file_brain_AXT2_210_6001583/processed/slice_9.mat,file_brain_AXT2_210_6001583,AXT2,9,TRAIN,Success
file_brain_AXT2_210_6001583/processed/slice_10.mat,file_brain_AXT2_210_6001583,AXT2,10,TRAIN,Success
file_brain_AXT2_210_6001583/processed/slice_11.mat,file_brain_AXT2_210_6001583,AXT2,11,TRAIN,Success
file_brain_AXT2_210_6001583/processed/slice_12.mat,file_brain_AXT2_210_6001583,AXT2,12,TRAIN,Success
file_brain_AXT2_210_6001583/processed/slice_13.mat,file_brain_AXT2_210_6001583,AXT2,13,TRAIN,Success
file_brain_AXT2_210_6001583/processed/slice_14.mat,file_brain_AXT2_210_6001583,AXT2,14,TRAIN,Success
file_brain_AXT2_210_6001583/processed/slice_15.mat,file_brain_AXT2_210_6001583,AXT2,15,TRAIN,Success
file_brain_AXT2_210_6001583/processed/slice_16.mat,file_brain_AXT2_210_6001583,AXT2,16,TRAIN,Success
file_brain_AXT2_210_6001617/processed/slice_1.mat,file_brain_AXT2_210_6001617,AXT2,1,VAL,Success
file_brain_AXT2_210_6001617/processed/slice_2.mat,file_brain_AXT2_210_6001617,AXT2,2,VAL,Success
file_brain_AXT2_210_6001617/processed/slice_3.mat,file_brain_AXT2_210_6001617,AXT2,3,VAL,Success
file_brain_AXT2_210_6001617/processed/slice_4.mat,file_brain_AXT2_210_6001617,AXT2,4,VAL,Success
file_brain_AXT2_210_6001617/processed/slice_5.mat,file_brain_AXT2_210_6001617,AXT2,5,VAL,Success
file_brain_AXT2_210_6001617/processed/slice_6.mat,file_brain_AXT2_210_6001617,AXT2,6,VAL,Success
file_brain_AXT2_210_6001617/processed/slice_7.mat,file_brain_AXT2_210_6001617,AXT2,7,VAL,Success
file_brain_AXT2_210_6001617/processed/slice_8.mat,file_brain_AXT2_210_6001617,AXT2,8,VAL,Success
file_brain_AXT2_210_6001617/processed/slice_9.mat,file_brain_AXT2_210_6001617,AXT2,9,VAL,Success
file_brain_AXT2_210_6001617/processed/slice_10.mat,file_brain_AXT2_210_6001617,AXT2,10,VAL,Success
file_brain_AXT2_210_6001617/processed/slice_11.mat,file_brain_AXT2_210_6001617,AXT2,11,VAL,Success
file_brain_AXT2_210_6001617/processed/slice_12.mat,file_brain_AXT2_210_6001617,AXT2,12,VAL,Success
file_brain_AXT2_210_6001617/processed/slice_13.mat,file_brain_AXT2_210_6001617,AXT2,13,VAL,Success
file_brain_AXT2_210_6001617/processed/slice_14.mat,file_brain_AXT2_210_6001617,AXT2,14,VAL,Success
file_brain_AXT2_210_6001617/processed/slice_15.mat,file_brain_AXT2_210_6001617,AXT2,15,VAL,Success
file_brain_AXT2_210_6001617/processed/slice_16.mat,file_brain_AXT2_210_6001617,AXT2,16,VAL,Success
file_brain_AXT2_210_6001622/processed/slice_1.mat,file_brain_AXT2_210_6001622,AXT2,1,VAL,Success
file_brain_AXT2_210_6001622/processed/slice_2.mat,file_brain_AXT2_210_6001622,AXT2,2,VAL,Success
file_brain_AXT2_210_6001622/processed/slice_3.mat,file_brain_AXT2_210_6001622,AXT2,3,VAL,Success
file_brain_AXT2_210_6001622/processed/slice_4.mat,file_brain_AXT2_210_6001622,AXT2,4,VAL,Success
file_brain_AXT2_210_6001622/processed/slice_5.mat,file_brain_AXT2_210_6001622,AXT2,5,VAL,Success
file_brain_AXT2_210_6001622/processed/slice_6.mat,file_brain_AXT2_210_6001622,AXT2,6,VAL,Success
file_brain_AXT2_210_6001622/processed/slice_7.mat,file_brain_AXT2_210_6001622,AXT2,7,VAL,Success
file_brain_AXT2_210_6001622/processed/slice_8.mat,file_brain_AXT2_210_6001622,AXT2,8,VAL,Success
file_brain_AXT2_210_6001622/processed/slice_9.mat,file_brain_AXT2_210_6001622,AXT2,9,VAL,Success
file_brain_AXT2_210_6001622/processed/slice_10.mat,file_brain_AXT2_210_6001622,AXT2,10,VAL,Success
file_brain_AXT2_210_6001622/processed/slice_11.mat,file_brain_AXT2_210_6001622,AXT2,11,VAL,Success
file_brain_AXT2_210_6001622/processed/slice_12.mat,file_brain_AXT2_210_6001622,AXT2,12,VAL,Success
file_brain_AXT2_210_6001622/processed/slice_13.mat,file_brain_AXT2_210_6001622,AXT2,13,VAL,Success
file_brain_AXT2_210_6001622/processed/slice_14.mat,file_brain_AXT2_210_6001622,AXT2,14,VAL,Success
file_brain_AXT2_210_6001622/processed/slice_15.mat,file_brain_AXT2_210_6001622,AXT2,15,VAL,Success
file_brain_AXT2_210_6001622/processed/slice_16.mat,file_brain_AXT2_210_6001622,AXT2,16,VAL,Success
file_brain_AXT2_210_6001651/processed/slice_1.mat,file_brain_AXT2_210_6001651,AXT2,1,TRAIN,Success
file_brain_AXT2_210_6001651/processed/slice_2.mat,file_brain_AXT2_210_6001651,AXT2,2,TRAIN,Success
file_brain_AXT2_210_6001651/processed/slice_3.mat,file_brain_AXT2_210_6001651,AXT2,3,TRAIN,Success
file_brain_AXT2_210_6001651/processed/slice_4.mat,file_brain_AXT2_210_6001651,AXT2,4,TRAIN,Success
file_brain_AXT2_210_6001651/processed/slice_5.mat,file_brain_AXT2_210_6001651,AXT2,5,TRAIN,Success
file_brain_AXT2_210_6001651/processed/slice_6.mat,file_brain_AXT2_210_6001651,AXT2,6,TRAIN,Success
file_brain_AXT2_210_6001651/processed/slice_7.mat,file_brain_AXT2_210_6001651,AXT2,7,TRAIN,Success
file_brain_AXT2_210_6001651/processed/slice_8.mat,file_brain_AXT2_210_6001651,AXT2,8,TRAIN,Success
file_brain_AXT2_210_6001651/processed/slice_9.mat,file_brain_AXT2_210_6001651,AXT2,9,TRAIN,Success
file_brain_AXT2_210_6001651/processed/slice_10.mat,file_brain_AXT2_210_6001651,AXT2,10,TRAIN,Success
file_brain_AXT2_210_6001651/processed/slice_11.mat,file_brain_AXT2_210_6001651,AXT2,11,TRAIN,Success
file_brain_AXT2_210_6001651/processed/slice_12.mat,file_brain_AXT2_210_6001651,AXT2,12,TRAIN,Success
file_brain_AXT2_210_6001651/processed/slice_13.mat,file_brain_AXT2_210_6001651,AXT2,13,TRAIN,Success
file_brain_AXT2_210_6001651/processed/slice_14.mat,file_brain_AXT2_210_6001651,AXT2,14,TRAIN,Success
file_brain_AXT2_210_6001651/processed/slice_15.mat,file_brain_AXT2_210_6001651,AXT2,15,TRAIN,Success
file_brain_AXT2_210_6001651/processed/slice_16.mat,file_brain_AXT2_210_6001651,AXT2,16,TRAIN,Success
file_brain_AXT2_210_6001677/processed/slice_1.mat,file_brain_AXT2_210_6001677,AXT2,1,TRAIN,Success
file_brain_AXT2_210_6001677/processed/slice_2.mat,file_brain_AXT2_210_6001677,AXT2,2,TRAIN,Success
file_brain_AXT2_210_6001677/processed/slice_3.mat,file_brain_AXT2_210_6001677,AXT2,3,TRAIN,Success
file_brain_AXT2_210_6001677/processed/slice_4.mat,file_brain_AXT2_210_6001677,AXT2,4,TRAIN,Success
file_brain_AXT2_210_6001677/processed/slice_5.mat,file_brain_AXT2_210_6001677,AXT2,5,TRAIN,Success
file_brain_AXT2_210_6001677/processed/slice_6.mat,file_brain_AXT2_210_6001677,AXT2,6,TRAIN,Success
file_brain_AXT2_210_6001677/processed/slice_7.mat,file_brain_AXT2_210_6001677,AXT2,7,TRAIN,Success
file_brain_AXT2_210_6001677/processed/slice_8.mat,file_brain_AXT2_210_6001677,AXT2,8,TRAIN,Success
file_brain_AXT2_210_6001677/processed/slice_9.mat,file_brain_AXT2_210_6001677,AXT2,9,TRAIN,Success
file_brain_AXT2_210_6001677/processed/slice_10.mat,file_brain_AXT2_210_6001677,AXT2,10,TRAIN,Success
file_brain_AXT2_210_6001677/processed/slice_11.mat,file_brain_AXT2_210_6001677,AXT2,11,TRAIN,Success
file_brain_AXT2_210_6001677/processed/slice_12.mat,file_brain_AXT2_210_6001677,AXT2,12,TRAIN,Success
file_brain_AXT2_210_6001677/processed/slice_13.mat,file_brain_AXT2_210_6001677,AXT2,13,TRAIN,Success
file_brain_AXT2_210_6001677/processed/slice_14.mat,file_brain_AXT2_210_6001677,AXT2,14,TRAIN,Success
file_brain_AXT2_210_6001677/processed/slice_15.mat,file_brain_AXT2_210_6001677,AXT2,15,TRAIN,Success
file_brain_AXT2_210_6001677/processed/slice_16.mat,file_brain_AXT2_210_6001677,AXT2,16,TRAIN,Success
file_brain_AXT2_210_6001678/processed/slice_1.mat,file_brain_AXT2_210_6001678,AXT2,1,TEST,Success
file_brain_AXT2_210_6001678/processed/slice_2.mat,file_brain_AXT2_210_6001678,AXT2,2,TEST,Success
file_brain_AXT2_210_6001678/processed/slice_3.mat,file_brain_AXT2_210_6001678,AXT2,3,TEST,Success
file_brain_AXT2_210_6001678/processed/slice_4.mat,file_brain_AXT2_210_6001678,AXT2,4,TEST,Success
file_brain_AXT2_210_6001678/processed/slice_5.mat,file_brain_AXT2_210_6001678,AXT2,5,TEST,Success
file_brain_AXT2_210_6001678/processed/slice_6.mat,file_brain_AXT2_210_6001678,AXT2,6,TEST,Success
file_brain_AXT2_210_6001678/processed/slice_7.mat,file_brain_AXT2_210_6001678,AXT2,7,TEST,Success
file_brain_AXT2_210_6001678/processed/slice_8.mat,file_brain_AXT2_210_6001678,AXT2,8,TEST,Success
file_brain_AXT2_210_6001678/processed/slice_9.mat,file_brain_AXT2_210_6001678,AXT2,9,TEST,Success
file_brain_AXT2_210_6001678/processed/slice_10.mat,file_brain_AXT2_210_6001678,AXT2,10,TEST,Success
file_brain_AXT2_210_6001678/processed/slice_11.mat,file_brain_AXT2_210_6001678,AXT2,11,TEST,Success
file_brain_AXT2_210_6001678/processed/slice_12.mat,file_brain_AXT2_210_6001678,AXT2,12,TEST,Success
file_brain_AXT2_210_6001678/processed/slice_13.mat,file_brain_AXT2_210_6001678,AXT2,13,TEST,Success
file_brain_AXT2_210_6001678/processed/slice_14.mat,file_brain_AXT2_210_6001678,AXT2,14,TEST,Success
file_brain_AXT2_210_6001678/processed/slice_15.mat,file_brain_AXT2_210_6001678,AXT2,15,TEST,Success
file_brain_AXT2_210_6001678/processed/slice_16.mat,file_brain_AXT2_210_6001678,AXT2,16,TEST,Success
file_brain_AXT2_210_6001694/processed/slice_1.mat,file_brain_AXT2_210_6001694,AXT2,1,TRAIN,Success
file_brain_AXT2_210_6001694/processed/slice_2.mat,file_brain_AXT2_210_6001694,AXT2,2,TRAIN,Success
file_brain_AXT2_210_6001694/processed/slice_3.mat,file_brain_AXT2_210_6001694,AXT2,3,TRAIN,Success
file_brain_AXT2_210_6001694/processed/slice_4.mat,file_brain_AXT2_210_6001694,AXT2,4,TRAIN,Success
file_brain_AXT2_210_6001694/processed/slice_5.mat,file_brain_AXT2_210_6001694,AXT2,5,TRAIN,Success
file_brain_AXT2_210_6001694/processed/slice_6.mat,file_brain_AXT2_210_6001694,AXT2,6,TRAIN,Success
file_brain_AXT2_210_6001694/processed/slice_7.mat,file_brain_AXT2_210_6001694,AXT2,7,TRAIN,Success
file_brain_AXT2_210_6001694/processed/slice_8.mat,file_brain_AXT2_210_6001694,AXT2,8,TRAIN,Success
file_brain_AXT2_210_6001694/processed/slice_9.mat,file_brain_AXT2_210_6001694,AXT2,9,TRAIN,Success
file_brain_AXT2_210_6001694/processed/slice_10.mat,file_brain_AXT2_210_6001694,AXT2,10,TRAIN,Success
file_brain_AXT2_210_6001694/processed/slice_11.mat,file_brain_AXT2_210_6001694,AXT2,11,TRAIN,Success
file_brain_AXT2_210_6001694/processed/slice_12.mat,file_brain_AXT2_210_6001694,AXT2,12,TRAIN,Success
file_brain_AXT2_210_6001694/processed/slice_13.mat,file_brain_AXT2_210_6001694,AXT2,13,TRAIN,Success
file_brain_AXT2_210_6001694/processed/slice_14.mat,file_brain_AXT2_210_6001694,AXT2,14,TRAIN,Success
file_brain_AXT2_210_6001694/processed/slice_15.mat,file_brain_AXT2_210_6001694,AXT2,15,TRAIN,Success
file_brain_AXT2_210_6001694/processed/slice_16.mat,file_brain_AXT2_210_6001694,AXT2,16,TRAIN,Success
file_brain_AXT2_210_6001709/processed/slice_1.mat,file_brain_AXT2_210_6001709,AXT2,1,TRAIN,Success
file_brain_AXT2_210_6001709/processed/slice_2.mat,file_brain_AXT2_210_6001709,AXT2,2,TRAIN,Success
file_brain_AXT2_210_6001709/processed/slice_3.mat,file_brain_AXT2_210_6001709,AXT2,3,TRAIN,Success
file_brain_AXT2_210_6001709/processed/slice_4.mat,file_brain_AXT2_210_6001709,AXT2,4,TRAIN,Success
file_brain_AXT2_210_6001709/processed/slice_5.mat,file_brain_AXT2_210_6001709,AXT2,5,TRAIN,Success
file_brain_AXT2_210_6001709/processed/slice_6.mat,file_brain_AXT2_210_6001709,AXT2,6,TRAIN,Success
file_brain_AXT2_210_6001709/processed/slice_7.mat,file_brain_AXT2_210_6001709,AXT2,7,TRAIN,Success
file_brain_AXT2_210_6001709/processed/slice_8.mat,file_brain_AXT2_210_6001709,AXT2,8,TRAIN,Success
file_brain_AXT2_210_6001709/processed/slice_9.mat,file_brain_AXT2_210_6001709,AXT2,9,TRAIN,Success
file_brain_AXT2_210_6001709/processed/slice_10.mat,file_brain_AXT2_210_6001709,AXT2,10,TRAIN,Success
file_brain_AXT2_210_6001709/processed/slice_11.mat,file_brain_AXT2_210_6001709,AXT2,11,TRAIN,Success
file_brain_AXT2_210_6001709/processed/slice_12.mat,file_brain_AXT2_210_6001709,AXT2,12,TRAIN,Success
file_brain_AXT2_210_6001709/processed/slice_13.mat,file_brain_AXT2_210_6001709,AXT2,13,TRAIN,Success
file_brain_AXT2_210_6001709/processed/slice_14.mat,file_brain_AXT2_210_6001709,AXT2,14,TRAIN,Success
file_brain_AXT2_210_6001709/processed/slice_15.mat,file_brain_AXT2_210_6001709,AXT2,15,TRAIN,Success
file_brain_AXT2_210_6001709/processed/slice_16.mat,file_brain_AXT2_210_6001709,AXT2,16,TRAIN,Success
file_brain_AXT2_210_6001711/processed/slice_1.mat,file_brain_AXT2_210_6001711,AXT2,1,VAL,Success
file_brain_AXT2_210_6001711/processed/slice_2.mat,file_brain_AXT2_210_6001711,AXT2,2,VAL,Success
file_brain_AXT2_210_6001711/processed/slice_3.mat,file_brain_AXT2_210_6001711,AXT2,3,VAL,Success
file_brain_AXT2_210_6001711/processed/slice_4.mat,file_brain_AXT2_210_6001711,AXT2,4,VAL,Success
file_brain_AXT2_210_6001711/processed/slice_5.mat,file_brain_AXT2_210_6001711,AXT2,5,VAL,Success
file_brain_AXT2_210_6001711/processed/slice_6.mat,file_brain_AXT2_210_6001711,AXT2,6,VAL,Success
file_brain_AXT2_210_6001711/processed/slice_7.mat,file_brain_AXT2_210_6001711,AXT2,7,VAL,Success
file_brain_AXT2_210_6001711/processed/slice_8.mat,file_brain_AXT2_210_6001711,AXT2,8,VAL,Success
file_brain_AXT2_210_6001711/processed/slice_9.mat,file_brain_AXT2_210_6001711,AXT2,9,VAL,Success
file_brain_AXT2_210_6001711/processed/slice_10.mat,file_brain_AXT2_210_6001711,AXT2,10,VAL,Success
file_brain_AXT2_210_6001711/processed/slice_11.mat,file_brain_AXT2_210_6001711,AXT2,11,VAL,Success
file_brain_AXT2_210_6001711/processed/slice_12.mat,file_brain_AXT2_210_6001711,AXT2,12,VAL,Success
file_brain_AXT2_210_6001711/processed/slice_13.mat,file_brain_AXT2_210_6001711,AXT2,13,VAL,Success
file_brain_AXT2_210_6001711/processed/slice_14.mat,file_brain_AXT2_210_6001711,AXT2,14,VAL,Success
file_brain_AXT2_210_6001711/processed/slice_15.mat,file_brain_AXT2_210_6001711,AXT2,15,VAL,Success
file_brain_AXT2_210_6001711/processed/slice_16.mat,file_brain_AXT2_210_6001711,AXT2,16,VAL,Success
file_brain_AXT2_210_6001737/processed/slice_1.mat,file_brain_AXT2_210_6001737,AXT2,1,TEST,Success
file_brain_AXT2_210_6001737/processed/slice_2.mat,file_brain_AXT2_210_6001737,AXT2,2,TEST,Success
file_brain_AXT2_210_6001737/processed/slice_3.mat,file_brain_AXT2_210_6001737,AXT2,3,TEST,Success
file_brain_AXT2_210_6001737/processed/slice_4.mat,file_brain_AXT2_210_6001737,AXT2,4,TEST,Success
file_brain_AXT2_210_6001737/processed/slice_5.mat,file_brain_AXT2_210_6001737,AXT2,5,TEST,Success
file_brain_AXT2_210_6001737/processed/slice_6.mat,file_brain_AXT2_210_6001737,AXT2,6,TEST,Success
file_brain_AXT2_210_6001737/processed/slice_7.mat,file_brain_AXT2_210_6001737,AXT2,7,TEST,Success
file_brain_AXT2_210_6001737/processed/slice_8.mat,file_brain_AXT2_210_6001737,AXT2,8,TEST,Success
file_brain_AXT2_210_6001737/processed/slice_9.mat,file_brain_AXT2_210_6001737,AXT2,9,TEST,Success
file_brain_AXT2_210_6001737/processed/slice_10.mat,file_brain_AXT2_210_6001737,AXT2,10,TEST,Success
file_brain_AXT2_210_6001737/processed/slice_11.mat,file_brain_AXT2_210_6001737,AXT2,11,TEST,Success
file_brain_AXT2_210_6001737/processed/slice_12.mat,file_brain_AXT2_210_6001737,AXT2,12,TEST,Success
file_brain_AXT2_210_6001737/processed/slice_13.mat,file_brain_AXT2_210_6001737,AXT2,13,TEST,Success
file_brain_AXT2_210_6001737/processed/slice_14.mat,file_brain_AXT2_210_6001737,AXT2,14,TEST,Success
file_brain_AXT2_210_6001737/processed/slice_15.mat,file_brain_AXT2_210_6001737,AXT2,15,TEST,Success
file_brain_AXT2_210_6001737/processed/slice_16.mat,file_brain_AXT2_210_6001737,AXT2,16,TEST,Success
file_brain_AXT2_210_6001747/processed/slice_1.mat,file_brain_AXT2_210_6001747,AXT2,1,TEST,Success
file_brain_AXT2_210_6001747/processed/slice_2.mat,file_brain_AXT2_210_6001747,AXT2,2,TEST,Success
file_brain_AXT2_210_6001747/processed/slice_3.mat,file_brain_AXT2_210_6001747,AXT2,3,TEST,Success
file_brain_AXT2_210_6001747/processed/slice_4.mat,file_brain_AXT2_210_6001747,AXT2,4,TEST,Success
file_brain_AXT2_210_6001747/processed/slice_5.mat,file_brain_AXT2_210_6001747,AXT2,5,TEST,Success
file_brain_AXT2_210_6001747/processed/slice_6.mat,file_brain_AXT2_210_6001747,AXT2,6,TEST,Success
file_brain_AXT2_210_6001747/processed/slice_7.mat,file_brain_AXT2_210_6001747,AXT2,7,TEST,Success
file_brain_AXT2_210_6001747/processed/slice_8.mat,file_brain_AXT2_210_6001747,AXT2,8,TEST,Success
file_brain_AXT2_210_6001747/processed/slice_9.mat,file_brain_AXT2_210_6001747,AXT2,9,TEST,Success
file_brain_AXT2_210_6001747/processed/slice_10.mat,file_brain_AXT2_210_6001747,AXT2,10,TEST,Success
file_brain_AXT2_210_6001747/processed/slice_11.mat,file_brain_AXT2_210_6001747,AXT2,11,TEST,Success
file_brain_AXT2_210_6001747/processed/slice_12.mat,file_brain_AXT2_210_6001747,AXT2,12,TEST,Success
file_brain_AXT2_210_6001747/processed/slice_13.mat,file_brain_AXT2_210_6001747,AXT2,13,TEST,Success
file_brain_AXT2_210_6001747/processed/slice_14.mat,file_brain_AXT2_210_6001747,AXT2,14,TEST,Success
file_brain_AXT2_210_6001747/processed/slice_15.mat,file_brain_AXT2_210_6001747,AXT2,15,TEST,Success
file_brain_AXT2_210_6001747/processed/slice_16.mat,file_brain_AXT2_210_6001747,AXT2,16,TEST,Success
file_brain_AXT2_210_6001763/processed/slice_1.mat,file_brain_AXT2_210_6001763,AXT2,1,VAL,Success
file_brain_AXT2_210_6001763/processed/slice_2.mat,file_brain_AXT2_210_6001763,AXT2,2,VAL,Success
file_brain_AXT2_210_6001763/processed/slice_3.mat,file_brain_AXT2_210_6001763,AXT2,3,VAL,Success
file_brain_AXT2_210_6001763/processed/slice_4.mat,file_brain_AXT2_210_6001763,AXT2,4,VAL,Success
file_brain_AXT2_210_6001763/processed/slice_5.mat,file_brain_AXT2_210_6001763,AXT2,5,VAL,Success
file_brain_AXT2_210_6001763/processed/slice_6.mat,file_brain_AXT2_210_6001763,AXT2,6,VAL,Success
file_brain_AXT2_210_6001763/processed/slice_7.mat,file_brain_AXT2_210_6001763,AXT2,7,VAL,Success
file_brain_AXT2_210_6001763/processed/slice_8.mat,file_brain_AXT2_210_6001763,AXT2,8,VAL,Success
file_brain_AXT2_210_6001763/processed/slice_9.mat,file_brain_AXT2_210_6001763,AXT2,9,VAL,Success
file_brain_AXT2_210_6001763/processed/slice_10.mat,file_brain_AXT2_210_6001763,AXT2,10,VAL,Success
file_brain_AXT2_210_6001763/processed/slice_11.mat,file_brain_AXT2_210_6001763,AXT2,11,VAL,Success
file_brain_AXT2_210_6001763/processed/slice_12.mat,file_brain_AXT2_210_6001763,AXT2,12,VAL,Success
file_brain_AXT2_210_6001763/processed/slice_13.mat,file_brain_AXT2_210_6001763,AXT2,13,VAL,Success
file_brain_AXT2_210_6001763/processed/slice_14.mat,file_brain_AXT2_210_6001763,AXT2,14,VAL,Success
file_brain_AXT2_210_6001763/processed/slice_15.mat,file_brain_AXT2_210_6001763,AXT2,15,VAL,Success
file_brain_AXT2_210_6001763/processed/slice_16.mat,file_brain_AXT2_210_6001763,AXT2,16,VAL,Success
file_brain_AXT2_210_6001833/processed/slice_1.mat,file_brain_AXT2_210_6001833,AXT2,1,TRAIN,Success
file_brain_AXT2_210_6001833/processed/slice_2.mat,file_brain_AXT2_210_6001833,AXT2,2,TRAIN,Success
file_brain_AXT2_210_6001833/processed/slice_3.mat,file_brain_AXT2_210_6001833,AXT2,3,TRAIN,Success
file_brain_AXT2_210_6001833/processed/slice_4.mat,file_brain_AXT2_210_6001833,AXT2,4,TRAIN,Success
file_brain_AXT2_210_6001833/processed/slice_5.mat,file_brain_AXT2_210_6001833,AXT2,5,TRAIN,Success
file_brain_AXT2_210_6001833/processed/slice_6.mat,file_brain_AXT2_210_6001833,AXT2,6,TRAIN,Success
file_brain_AXT2_210_6001833/processed/slice_7.mat,file_brain_AXT2_210_6001833,AXT2,7,TRAIN,Success
file_brain_AXT2_210_6001833/processed/slice_8.mat,file_brain_AXT2_210_6001833,AXT2,8,TRAIN,Success
file_brain_AXT2_210_6001833/processed/slice_9.mat,file_brain_AXT2_210_6001833,AXT2,9,TRAIN,Success
file_brain_AXT2_210_6001833/processed/slice_10.mat,file_brain_AXT2_210_6001833,AXT2,10,TRAIN,Success
file_brain_AXT2_210_6001833/processed/slice_11.mat,file_brain_AXT2_210_6001833,AXT2,11,TRAIN,Success
file_brain_AXT2_210_6001833/processed/slice_12.mat,file_brain_AXT2_210_6001833,AXT2,12,TRAIN,Success
file_brain_AXT2_210_6001833/processed/slice_13.mat,file_brain_AXT2_210_6001833,AXT2,13,TRAIN,Success
file_brain_AXT2_210_6001833/processed/slice_14.mat,file_brain_AXT2_210_6001833,AXT2,14,TRAIN,Success
file_brain_AXT2_210_6001833/processed/slice_15.mat,file_brain_AXT2_210_6001833,AXT2,15,TRAIN,Success
file_brain_AXT2_210_6001833/processed/slice_16.mat,file_brain_AXT2_210_6001833,AXT2,16,TRAIN,Success
file_brain_AXT2_210_6001863/processed/slice_1.mat,file_brain_AXT2_210_6001863,AXT2,1,TRAIN,Success
file_brain_AXT2_210_6001863/processed/slice_2.mat,file_brain_AXT2_210_6001863,AXT2,2,TRAIN,Success
file_brain_AXT2_210_6001863/processed/slice_3.mat,file_brain_AXT2_210_6001863,AXT2,3,TRAIN,Success
file_brain_AXT2_210_6001863/processed/slice_4.mat,file_brain_AXT2_210_6001863,AXT2,4,TRAIN,Success
file_brain_AXT2_210_6001863/processed/slice_5.mat,file_brain_AXT2_210_6001863,AXT2,5,TRAIN,Success
file_brain_AXT2_210_6001863/processed/slice_6.mat,file_brain_AXT2_210_6001863,AXT2,6,TRAIN,Success
file_brain_AXT2_210_6001863/processed/slice_7.mat,file_brain_AXT2_210_6001863,AXT2,7,TRAIN,Success
file_brain_AXT2_210_6001863/processed/slice_8.mat,file_brain_AXT2_210_6001863,AXT2,8,TRAIN,Success
file_brain_AXT2_210_6001863/processed/slice_9.mat,file_brain_AXT2_210_6001863,AXT2,9,TRAIN,Success
file_brain_AXT2_210_6001863/processed/slice_10.mat,file_brain_AXT2_210_6001863,AXT2,10,TRAIN,Success
file_brain_AXT2_210_6001863/processed/slice_11.mat,file_brain_AXT2_210_6001863,AXT2,11,TRAIN,Success
file_brain_AXT2_210_6001863/processed/slice_12.mat,file_brain_AXT2_210_6001863,AXT2,12,TRAIN,Success
file_brain_AXT2_210_6001863/processed/slice_13.mat,file_brain_AXT2_210_6001863,AXT2,13,TRAIN,Success
file_brain_AXT2_210_6001863/processed/slice_14.mat,file_brain_AXT2_210_6001863,AXT2,14,TRAIN,Success
file_brain_AXT2_210_6001863/processed/slice_15.mat,file_brain_AXT2_210_6001863,AXT2,15,TRAIN,Success
file_brain_AXT2_210_6001863/processed/slice_16.mat,file_brain_AXT2_210_6001863,AXT2,16,TRAIN,Success
file_brain_AXT2_210_6001906/processed/slice_1.mat,file_brain_AXT2_210_6001906,AXT2,1,VAL,Success
file_brain_AXT2_210_6001906/processed/slice_2.mat,file_brain_AXT2_210_6001906,AXT2,2,VAL,Success
file_brain_AXT2_210_6001906/processed/slice_3.mat,file_brain_AXT2_210_6001906,AXT2,3,VAL,Success
file_brain_AXT2_210_6001906/processed/slice_4.mat,file_brain_AXT2_210_6001906,AXT2,4,VAL,Success
file_brain_AXT2_210_6001906/processed/slice_5.mat,file_brain_AXT2_210_6001906,AXT2,5,VAL,Success
file_brain_AXT2_210_6001906/processed/slice_6.mat,file_brain_AXT2_210_6001906,AXT2,6,VAL,Success
file_brain_AXT2_210_6001906/processed/slice_7.mat,file_brain_AXT2_210_6001906,AXT2,7,VAL,Success
file_brain_AXT2_210_6001906/processed/slice_8.mat,file_brain_AXT2_210_6001906,AXT2,8,VAL,Success
file_brain_AXT2_210_6001906/processed/slice_9.mat,file_brain_AXT2_210_6001906,AXT2,9,VAL,Success
file_brain_AXT2_210_6001906/processed/slice_10.mat,file_brain_AXT2_210_6001906,AXT2,10,VAL,Success
file_brain_AXT2_210_6001906/processed/slice_11.mat,file_brain_AXT2_210_6001906,AXT2,11,VAL,Success
file_brain_AXT2_210_6001906/processed/slice_12.mat,file_brain_AXT2_210_6001906,AXT2,12,VAL,Success
file_brain_AXT2_210_6001906/processed/slice_13.mat,file_brain_AXT2_210_6001906,AXT2,13,VAL,Success
file_brain_AXT2_210_6001906/processed/slice_14.mat,file_brain_AXT2_210_6001906,AXT2,14,VAL,Success
file_brain_AXT2_210_6001906/processed/slice_15.mat,file_brain_AXT2_210_6001906,AXT2,15,VAL,Success
file_brain_AXT2_210_6001906/processed/slice_16.mat,file_brain_AXT2_210_6001906,AXT2,16,VAL,Success
file_brain_AXT2_210_6001909/processed/slice_1.mat,file_brain_AXT2_210_6001909,AXT2,1,TRAIN,Success
file_brain_AXT2_210_6001909/processed/slice_2.mat,file_brain_AXT2_210_6001909,AXT2,2,TRAIN,Success
file_brain_AXT2_210_6001909/processed/slice_3.mat,file_brain_AXT2_210_6001909,AXT2,3,TRAIN,Success
file_brain_AXT2_210_6001909/processed/slice_4.mat,file_brain_AXT2_210_6001909,AXT2,4,TRAIN,Success
file_brain_AXT2_210_6001909/processed/slice_5.mat,file_brain_AXT2_210_6001909,AXT2,5,TRAIN,Success
file_brain_AXT2_210_6001909/processed/slice_6.mat,file_brain_AXT2_210_6001909,AXT2,6,TRAIN,Success
file_brain_AXT2_210_6001909/processed/slice_7.mat,file_brain_AXT2_210_6001909,AXT2,7,TRAIN,Success
file_brain_AXT2_210_6001909/processed/slice_8.mat,file_brain_AXT2_210_6001909,AXT2,8,TRAIN,Success
file_brain_AXT2_210_6001909/processed/slice_9.mat,file_brain_AXT2_210_6001909,AXT2,9,TRAIN,Success
file_brain_AXT2_210_6001909/processed/slice_10.mat,file_brain_AXT2_210_6001909,AXT2,10,TRAIN,Success
file_brain_AXT2_210_6001909/processed/slice_11.mat,file_brain_AXT2_210_6001909,AXT2,11,TRAIN,Success
file_brain_AXT2_210_6001909/processed/slice_12.mat,file_brain_AXT2_210_6001909,AXT2,12,TRAIN,Success
file_brain_AXT2_210_6001909/processed/slice_13.mat,file_brain_AXT2_210_6001909,AXT2,13,TRAIN,Success
file_brain_AXT2_210_6001909/processed/slice_14.mat,file_brain_AXT2_210_6001909,AXT2,14,TRAIN,Success
file_brain_AXT2_210_6001909/processed/slice_15.mat,file_brain_AXT2_210_6001909,AXT2,15,TRAIN,Success
file_brain_AXT2_210_6001909/processed/slice_16.mat,file_brain_AXT2_210_6001909,AXT2,16,TRAIN,Success
file_brain_AXT2_210_6001928/processed/slice_1.mat,file_brain_AXT2_210_6001928,AXT2,1,TRAIN,Success
file_brain_AXT2_210_6001928/processed/slice_2.mat,file_brain_AXT2_210_6001928,AXT2,2,TRAIN,Success
file_brain_AXT2_210_6001928/processed/slice_3.mat,file_brain_AXT2_210_6001928,AXT2,3,TRAIN,Success
file_brain_AXT2_210_6001928/processed/slice_4.mat,file_brain_AXT2_210_6001928,AXT2,4,TRAIN,Success
file_brain_AXT2_210_6001928/processed/slice_5.mat,file_brain_AXT2_210_6001928,AXT2,5,TRAIN,Success
file_brain_AXT2_210_6001928/processed/slice_6.mat,file_brain_AXT2_210_6001928,AXT2,6,TRAIN,Success
file_brain_AXT2_210_6001928/processed/slice_7.mat,file_brain_AXT2_210_6001928,AXT2,7,TRAIN,Success
file_brain_AXT2_210_6001928/processed/slice_8.mat,file_brain_AXT2_210_6001928,AXT2,8,TRAIN,Success
file_brain_AXT2_210_6001928/processed/slice_9.mat,file_brain_AXT2_210_6001928,AXT2,9,TRAIN,Success
file_brain_AXT2_210_6001928/processed/slice_10.mat,file_brain_AXT2_210_6001928,AXT2,10,TRAIN,Success
file_brain_AXT2_210_6001928/processed/slice_11.mat,file_brain_AXT2_210_6001928,AXT2,11,TRAIN,Success
file_brain_AXT2_210_6001928/processed/slice_12.mat,file_brain_AXT2_210_6001928,AXT2,12,TRAIN,Success
file_brain_AXT2_210_6001928/processed/slice_13.mat,file_brain_AXT2_210_6001928,AXT2,13,TRAIN,Success
file_brain_AXT2_210_6001928/processed/slice_14.mat,file_brain_AXT2_210_6001928,AXT2,14,TRAIN,Success
file_brain_AXT2_210_6001941/processed/slice_1.mat,file_brain_AXT2_210_6001941,AXT2,1,TEST,Success
file_brain_AXT2_210_6001941/processed/slice_2.mat,file_brain_AXT2_210_6001941,AXT2,2,TEST,Success
file_brain_AXT2_210_6001941/processed/slice_3.mat,file_brain_AXT2_210_6001941,AXT2,3,TEST,Success
file_brain_AXT2_210_6001941/processed/slice_4.mat,file_brain_AXT2_210_6001941,AXT2,4,TEST,Success
file_brain_AXT2_210_6001941/processed/slice_5.mat,file_brain_AXT2_210_6001941,AXT2,5,TEST,Success
file_brain_AXT2_210_6001941/processed/slice_6.mat,file_brain_AXT2_210_6001941,AXT2,6,TEST,Success
file_brain_AXT2_210_6001941/processed/slice_7.mat,file_brain_AXT2_210_6001941,AXT2,7,TEST,Success
file_brain_AXT2_210_6001941/processed/slice_8.mat,file_brain_AXT2_210_6001941,AXT2,8,TEST,Success
file_brain_AXT2_210_6001941/processed/slice_9.mat,file_brain_AXT2_210_6001941,AXT2,9,TEST,Success
file_brain_AXT2_210_6001941/processed/slice_10.mat,file_brain_AXT2_210_6001941,AXT2,10,TEST,Success
file_brain_AXT2_210_6001941/processed/slice_11.mat,file_brain_AXT2_210_6001941,AXT2,11,TEST,Success
file_brain_AXT2_210_6001941/processed/slice_12.mat,file_brain_AXT2_210_6001941,AXT2,12,TEST,Success
file_brain_AXT2_210_6001941/processed/slice_13.mat,file_brain_AXT2_210_6001941,AXT2,13,TEST,Success
file_brain_AXT2_210_6001941/processed/slice_14.mat,file_brain_AXT2_210_6001941,AXT2,14,TEST,Success
file_brain_AXT2_210_6001941/processed/slice_15.mat,file_brain_AXT2_210_6001941,AXT2,15,TEST,Success
file_brain_AXT2_210_6001941/processed/slice_16.mat,file_brain_AXT2_210_6001941,AXT2,16,TEST,Success
file_brain_AXT2_210_6001944/processed/slice_1.mat,file_brain_AXT2_210_6001944,AXT2,1,TRAIN,Success
file_brain_AXT2_210_6001944/processed/slice_2.mat,file_brain_AXT2_210_6001944,AXT2,2,TRAIN,Success
file_brain_AXT2_210_6001944/processed/slice_3.mat,file_brain_AXT2_210_6001944,AXT2,3,TRAIN,Success
file_brain_AXT2_210_6001944/processed/slice_4.mat,file_brain_AXT2_210_6001944,AXT2,4,TRAIN,Success
file_brain_AXT2_210_6001944/processed/slice_5.mat,file_brain_AXT2_210_6001944,AXT2,5,TRAIN,Success
file_brain_AXT2_210_6001944/processed/slice_6.mat,file_brain_AXT2_210_6001944,AXT2,6,TRAIN,Success
file_brain_AXT2_210_6001944/processed/slice_7.mat,file_brain_AXT2_210_6001944,AXT2,7,TRAIN,Success
file_brain_AXT2_210_6001944/processed/slice_8.mat,file_brain_AXT2_210_6001944,AXT2,8,TRAIN,Success
file_brain_AXT2_210_6001944/processed/slice_9.mat,file_brain_AXT2_210_6001944,AXT2,9,TRAIN,Success
file_brain_AXT2_210_6001944/processed/slice_10.mat,file_brain_AXT2_210_6001944,AXT2,10,TRAIN,Success
file_brain_AXT2_210_6001944/processed/slice_11.mat,file_brain_AXT2_210_6001944,AXT2,11,TRAIN,Success
file_brain_AXT2_210_6001944/processed/slice_12.mat,file_brain_AXT2_210_6001944,AXT2,12,TRAIN,Success
file_brain_AXT2_210_6001944/processed/slice_13.mat,file_brain_AXT2_210_6001944,AXT2,13,TRAIN,Success
file_brain_AXT2_210_6001944/processed/slice_14.mat,file_brain_AXT2_210_6001944,AXT2,14,TRAIN,Success
file_brain_AXT2_210_6001944/processed/slice_15.mat,file_brain_AXT2_210_6001944,AXT2,15,TRAIN,Success
file_brain_AXT2_210_6001944/processed/slice_16.mat,file_brain_AXT2_210_6001944,AXT2,16,TRAIN,Success
